gw,fixture,element,web_name,team,opponent,pos,price,xp_attack,xp_defence,xp_dc,exp_minutes,xp_bonus,xp
6,59,426,B.Fernandes,MUN,TOT,MID,11.9,4.5840334114948895,0.3587409554982503,0.08738709677419355,85.7,2.5982538962151462,9.414158501017628
6,58,411,Haaland,MCI,LIV,FWD,15.6,3.6662761836568096,0.0,0.007073684210526316,84.7,2.165209523454437,7.6552691779794095
6,51,12,Saka,ARS,LEE,MID,9.5,3.4634959851432665,0.44668595566763725,0.08099999999999999,73.8,0.9958170105591877,6.67640995906295
6,55,480,Gibbs-White,NFO,CRY,MID,8.0,2.674526111794341,0.3101987737674828,0.08738709677419355,85.4,1.367429907643349,6.286520342677909
6,59,427,Mbeumo,MUN,TOT,MID,7.9,3.636539400665888,0.34801448174581096,0.0847741935483871,82.0,0.45923213794006273,6.184210640030468
6,53,40,Rogers,CHE,BOU,MID,7.7,2.7092396761801494,0.25441337145663184,0.09,86.7,1.058360866264804,5.839004227704417
6,51,4,Gabriel,ARS,LEE,DEF,8.0,1.0952909297343365,1.7395766530380659,0.6052865853658537,83.1,0.6648360800846181,5.66518088183169
6,60,124,Groß,BHA,SUN,MID,5.8,1.6467439855408135,0.15378195324575264,0.08661290322580645,85.5,1.9717650509423366,5.475163950745329
6,60,542,E.Le Fée,SUN,BHA,MID,5.7,2.5545278717984505,0.20251729683132413,0.08603225806451613,82.8,0.35933094146500444,4.958391659266731
6,53,68,Tavernier,BOU,CHE,MID,6.1,1.891279955216737,0.18394601173119912,0.0847741935483871,79.3,1.2351633129955517,4.940083195489652
6,56,229,Tarkowski,EVE,HUL,DEF,6.1,0.3850884573371579,0.8784395364278479,0.8662902439024391,87.6,0.9841299666867501,4.8881570495630395
6,58,397,Semenyo,MCI,LIV,MID,8.4,1.9439623409589013,0.219541737548982,0.08864516129032259,86.6,0.6615751032201274,4.699394797563789
6,59,428,Cunha,MUN,TOT,MID,7.9,2.1427495592286117,0.34284988327241417,0.08351612903225807,75.1,0.40915100743991045,4.690556344487702
6,51,1,Raya,ARS,LEE,GK,6.1,0.0034159843577897834,2.2812774682165426,0.0,87.6,0.5012954489537188,4.660640007179157
6,54,173,Thomas,COV,NEW,DEF,4.0,0.8590903886571659,1.028556559634898,0.7934689024390245,76.7,0.290034547770399,4.629581819996656
6,52,106,Thiago,BRE,AVL,FWD,7.8,2.7280813861848423,0.0,0.007231578947368421,85.9,0.2770478649684189,4.625664102532744
6,52,94,Schade,BRE,AVL,MID,6.2,1.793265880186738,0.23611748858594306,0.08545161290322581,81.9,0.7658323600811843,4.603689548816206
6,51,8,Calafiori,ARS,LEE,DEF,5.8,0.9164518287193354,1.6356019565346411,0.16010853658536586,70.2,0.20879068179316898,4.491121183758404
6,55,469,N.Williams,NFO,CRY,DEF,5.0,0.7777815843936715,0.9638349356808588,0.40517012195121954,86.3,0.40045981392496743,4.334067759841955
6,57,305,Davis,IPS,FUL,DEF,4.0,1.511915087467222,0.812306013719635,0.1642189024390244,78.3,0.14340818330130345,4.2897385910479375
6,56,236,Dewsbury-Hall,EVE,HUL,MID,6.6,1.5668487598917982,0.2823239629239552,0.08419354838709678,82.2,0.7241659432779137,4.266174721713609
6,58,368,Szoboszlai,LIV,MCI,MID,7.0,1.6999628594201952,0.1830174747796034,0.3152177419354839,85.5,0.361039936685449,4.230378647292342
6,51,15,Ødegaard,ARS,LEE,MID,6.8,1.702326564677409,0.4151991320303725,0.07529032258064516,61.7,0.4032722168971548,4.201088236185582
6,54,449,Hall,NEW,COV,DEF,5.3,0.5249113836264753,0.3782615112395168,0.7859030487804878,78.4,0.8408677633762532,4.165254597405175
6,53,69,Scott,BOU,CHE,MID,6.1,0.7902401524732949,0.1881456923643315,0.5347096774193548,82.5,0.957935765940078,4.156036581403066
6,55,472,Murillo,NFO,CRY,DEF,5.5,0.4670647315046258,0.8874915744388105,1.0008274390243903,78.7,0.22066075412481923,4.1225990356141
6,53,67,Rayan,BOU,CHE,MID,6.3,1.8803147400753528,0.18268610754125938,0.08419354838709678,79.0,0.1669936716843606,4.0697297181681185
6,57,591,Enciso,IPS,FUL,MID,5.5,1.6461521627285847,0.27369864666787297,0.08119354838709678,73.6,0.49987509972605265,4.065993350874265
6,59,43,Tielemans,MUN,TOT,MID,5.8,0.9587425702891101,0.3515899729966241,0.5281451612903226,76.8,0.38784628503682406,4.0513239896128805
6,54,176,Dasilva,COV,NEW,DEF,4.0,0.9507129823134604,1.028556559634898,0.1642189024390244,77.6,0.18500094717088494,3.9865915887331504
6,57,316,Emersonn,IPS,FUL,FWD,5.5,1.784453365058413,0.0,0.007569924812030076,61.4,0.5353737782812804,3.977707342812267
6,56,226,Pickford,EVE,HUL,GK,5.5,0.0050513605041887,1.5147438316468729,0.0,88.2,0.5896413605419504,3.95516861010928
6,60,552,Brobbey,SUN,BHA,FWD,5.7,2.189419159565828,0.0,0.006544736842105263,70.0,0.19916763578572455,3.904785419307609
6,57,259,Diop,IPS,FUL,DEF,4.0,0.5320889050480854,0.8210196658334334,0.8019804878048781,80.8,0.10778284458115452,3.9033183878174844
6,60,533,Mukiele,SUN,BHA,DEF,5.4,1.3341886497543662,0.325657215988311,0.6337121951219513,75.4,0.08859760076778944,3.861127883854641
6,54,183,Rudoni,COV,NEW,MID,4.9,1.5711819738228563,0.27433849136491584,0.28970506912442395,57.7,0.24404736105432934,3.838101012343
6,60,544,Xhaka,SUN,BHA,MID,5.5,0.9853451722081787,0.2011504759303253,0.5269516129032258,84.2,0.59629871609814,3.8339927154641678
6,56,277,Egan,HUL,EVE,DEF,4.1,0.3483878241870987,0.9933596410774543,0.7934689024390245,76.7,0.11800798950196209,3.8331501492227145
6,58,388,Guéhi,MCI,LIV,DEF,6.0,1.0780357669451945,0.43352944300494467,0.17674573170731708,86.3,0.34913946815793345,3.8097880721530517
6,56,286,Belloumi,HUL,EVE,MID,5.1,1.118314020369675,0.3080506720771016,0.33250691244239633,71.2,0.46945148092731365,3.795542309044191
6,59,412,Lammens,MUN,TOT,GK,4.9,0.0,1.8396811289107533,0.0,86.0,0.09427493352818582,3.789956062438939
6,58,356,Virgil,LIV,MCI,DEF,6.5,0.7582645076330841,0.22482107582079758,0.8719646341463415,88.2,0.15398679294472478,3.7656781588703065
6,58,399,Cherki,MCI,LIV,MID,7.8,1.667974203873615,0.16921011649517606,0.09109677419354838,54.3,0.42974217918326263,3.764881463694289
6,52,82,Kelleher,BRE,AVL,GK,5.0,0.0029596020795716674,1.271209635927568,0.0,87.6,0.6116769051259233,3.7604972487841684
6,57,569,Gonzalo,FUL,IPS,FWD,6.0,1.8246598086671288,0.0,0.0066236842105263155,75.2,0.2567248100176287,3.731243331584812
6,52,41,Buendía,AVL,BRE,MID,5.9,1.429381687709123,0.18410252658258192,0.281233870967742,66.1,0.2729199634824942,3.7108080866850934
6,55,204,Mitchell,CRY,NFO,DEF,4.5,0.76520055499458,0.7289771549074626,0.17792012195121953,82.1,0.2279829818295501,3.6898129274900073
6,51,335,Stach,LEE,ARS,MID,6.0,0.7136114305466146,0.13934778566662082,0.7256854838709678,79.9,0.3784089668438081,3.6696957702868724
6,56,572,Tzolakis,HUL,EVE,GK,4.6,0.006204024121041188,1.5685200840060123,0.0,78.3,0.44877740585243164,3.6635469685249396
6,59,418,Maguire,MUN,TOT,DEF,4.8,0.69875319074976,1.0677948320266635,0.35569390243902443,75.0,0.09052868996319532,3.6328301921490755
6,57,261,Iwobi,FUL,IPS,MID,5.4,0.9905649663597013,0.20557478888693423,0.08351612903225807,75.4,0.6237375831334804,3.6311504503603813
6,53,566,Silva,BOU,CHE,DEF,5.0,0.8152194041732663,0.2504836790317116,1.0032189024390243,78.3,0.05657722557844925,3.6252077971613854
6,57,304,O'Shea,IPS,FUL,DEF,4.0,0.47429003023639404,0.812306013719635,0.5837189024390245,78.3,0.08286085492074108,3.6110662054365466
6,55,486,McAtee,NFO,CRY,MID,5.5,1.0188912373084207,0.288213478616742,0.2909435483870968,74.0,0.5077462812745365,3.593084327340798
6,52,86,Lewis-Potter,BRE,AVL,MID,5.5,1.315813481424817,0.2187362465043051,0.0904700460829493,70.4,0.2887236389105555,3.5802403279677146
6,56,279,Ajayi,HUL,EVE,DEF,4.2,0.7046430490140265,0.9933596410774543,0.1642189024390244,74.9,0.1339647254644652,3.577512769046029
6,53,156,Neto,CHE,BOU,MID,6.5,1.3941400160412933,0.21283183117554794,0.08604608294930875,66.8,0.2541423087391876,3.54469049947813
6,54,445,Thiaw,NEW,COV,DEF,5.0,0.38170412978850976,0.4046624350083399,0.8407554878048781,84.7,0.1442556934160082,3.543008525632991
6,55,202,Richards,CRY,NFO,DEF,5.0,0.17614413264904785,0.7025126377326044,0.8284609756097562,83.8,0.15736732448831336,3.522117769147819
6,59,417,Dalot,MUN,TOT,DEF,4.9,0.7922496254299891,1.0330045242162709,0.1726912891986063,69.8,0.06665550085651556,3.521291038309517
6,54,453,Barnes,NEW,COV,MID,6.1,1.0839185511242133,0.18793911729218302,0.07722580645161291,73.7,0.5448415591655282,3.519320215991508
6,52,98,Janelt,BRE,AVL,MID,5.0,0.8409870376459718,0.20643567518499212,0.6537096774193549,72.0,0.6577681473393177,3.5136240065892563
6,58,481,Anderson,MCI,LIV,MID,6.3,0.7112106267180952,0.22289717895256908,0.555,83.4,0.2992665733953994,3.505398878687528
6,55,588,Khalaili,CRY,NFO,DEF,5.0,0.8179349757432717,0.5862291531764084,0.5812341463414634,66.4,0.10252721344992327,3.4868847412341712
6,56,230,Branthwaite,EVE,HUL,DEF,5.5,0.5385186373015272,0.6904764915153389,0.6809268292682927,68.4,0.14428210009496312,3.4841759004970965
6,56,233,Mykolenko,EVE,HUL,DEF,4.6,0.10283698683077383,0.8525466679960226,0.6185054878048781,85.0,0.24773992485051372,3.475758376797033
6,58,367,Gakpo,LIV,MCI,MID,7.2,1.422368902868064,0.14677639066483045,0.28891244239631336,66.0,0.08761586922289061,3.4587297069450424
6,51,31,Konsa,ARS,LEE,DEF,4.6,0.20140055629737802,1.347672027755927,0.4005642276422765,65.1,0.06358638869935884,3.450223200394941
6,51,26,Havertz,ARS,LEE,FWD,7.6,1.9135408624920176,0.0,0.00568421052631579,61.3,0.15815030861915377,3.4409125865710632
6,54,184,Grimes,COV,NEW,MID,4.9,0.9503316661415127,0.3148700331807994,0.08119354838709678,77.4,0.44983461605911745,3.436800794276601
6,52,45,McGinn,AVL,BRE,MID,5.4,1.3437286666892354,0.19454484005089112,0.08293548387096773,75.8,0.2994299769945119,3.434619864174833
6,53,154,Palmer,CHE,BOU,MID,9.7,1.7572203736622916,0.17042960259944262,0.06029032258064516,56.7,0.2984404218817295,3.4338583372692084
6,56,282,Giles,HUL,EVE,DEF,4.0,0.45961335210983334,0.9933596410774543,0.1642189024390244,77.6,0.18714382931247522,3.3835761334957843
6,60,532,Ballard,SUN,BHA,DEF,4.9,0.7298574591358326,0.3395497446502965,0.7859030487804878,77.5,0.047525729154830436,3.3814032966618965
6,58,379,Isak,LIV,MCI,FWD,9.1,1.8249007914557231,0.0,0.005731578947368421,61.9,0.1149140755055166,3.378593665216059
6,55,467,Sels,NFO,CRY,GK,5.0,0.0028589910342475223,1.3846953439183547,0.0,82.8,0.2281833524003432,3.3758691936419325
6,56,249,Barry,EVE,HUL,FWD,5.6,1.6280974747444696,0.0,0.006402631578947369,70.0,0.12958138607528988,3.374649828644417
6,60,115,De Cuyper,BHA,SUN,DEF,4.9,1.3541016082315482,0.03867540173803374,0.15364939024390245,67.1,0.3970066220203738,3.369478313391299
6,54,110,Rushworth,COV,NEW,GK,4.5,0.014984093885168453,1.3990526880780811,0.0,78.3,0.23508068305853422,3.3682538286581467
6,55,644,Timber,CRY,NFO,MID,5.0,0.8377731372252892,0.238070453218294,0.37220430107526886,71.5,0.3561534760711723,3.361650563970738
6,57,250,Leno,FUL,IPS,GK,4.5,0.0,1.0947802117676213,0.0,88.2,0.4062781467502799,3.3608574015801023
6,58,366,Wirtz,LIV,MCI,MID,7.3,1.2222954970900668,0.17113845276420558,0.08225806451612903,73.1,0.1340724949840156,3.2685122453550037
6,55,210,Wharton,CRY,NFO,MID,5.4,0.6737327334696677,0.2552233554377487,0.2992661290322581,78.9,0.3772276874179581,3.237187032137015
6,56,295,McBurnie,HUL,EVE,FWD,5.5,1.672066122322943,0.0,0.0066236842105263155,77.2,0.1511991474613286,3.2361736879738094
6,56,280,Coyle,HUL,EVE,DEF,4.0,0.38988886236614145,0.9933596410774543,0.1876787456445993,65.3,0.06557941933462438,3.2259958178480246
6,60,127,Gomez,BHA,SUN,MID,5.0,1.0337141799001048,0.14501895926191644,0.2926774193548387,74.7,0.13110471361112366,3.167267687969789
6,51,557,Tzolis,ARS,LEE,MID,6.3,0.9019559092700892,0.44775330562144283,0.09279262672811059,67.1,0.21711121560373003,3.1563974163658637
6,54,91,Pinnock,COV,NEW,DEF,4.5,0.4223309605949182,0.7380107853399387,0.7591073170731707,56.7,0.06852851817696991,3.1562379009127612
6,57,619,Palacios,IPS,FUL,MID,5.0,0.7105829789586349,0.2218296540335562,0.5410752688172044,60.5,0.30810580007931965,3.152338991178849
6,53,200,Lacroix,CHE,BOU,DEF,5.9,0.3571303354278743,0.4972331534480797,0.7933337979094077,70.7,0.06825314995883468,3.147984221400182
6,54,447,Botman,NEW,COV,DEF,5.0,0.26197624439951184,0.36915774442268134,0.7669884146341465,76.2,0.19860346731994577,3.147430507106876
6,51,338,Ampadu,LEE,ARS,MID,5.4,0.20287463025363445,0.14682736342702288,0.7646370967741936,86.1,0.3178175840652083,3.143583938503271
6,53,61,Truffert,BOU,CHE,DEF,5.4,0.5330918943492274,0.27526335168919913,0.4109646341463415,87.9,0.1789406375276554,3.1405054178685137
6,55,558,Schlager,NFO,CRY,MID,5.0,0.7082679939311582,0.251113293049867,0.49856221198156686,68.5,0.3046627395271773,3.139939896107239
6,56,290,Slater,HUL,EVE,MID,4.5,0.9481293824697741,0.3080506720771016,0.08119354838709678,76.7,0.23065317446669467,3.1303595875070123
6,53,79,Evanilson,BOU,CHE,FWD,6.0,1.2684644633723177,0.0,0.006971052631578947,78.6,0.1290908776860412,3.111864859373935
6,58,237,Ndiaye,MCI,LIV,MID,5.8,0.8017764323450217,0.17400360421458616,0.4951520737327189,67.0,0.1106617774289292,3.1034647877474955
6,53,28,Martinez,CHE,BOU,GK,5.0,0.06369009352200697,1.213803109464896,0.0,76.4,0.19877174905170525,3.099926327699984
6,56,586,Mendy,HUL,EVE,DEF,4.1,0.3737520120718143,0.7376198526713398,0.6935053658536586,45.6,0.052809716736634135,3.089263039151941
6,55,201,Muñoz,NFO,CRY,DEF,5.4,0.9219403875444175,0.6510392194808,0.19228682926829269,52.3,0.08336171168558229,3.0792749484809754
6,53,165,João Pedro,CHE,BOU,FWD,7.7,1.8025877055758848,0.0,0.004691729323308271,48.3,0.2952442317936752,3.0673423273399716
6,53,60,Hill,BOU,CHE,DEF,5.5,0.41165517970902066,0.2442141232990943,0.7736085365853659,77.8,0.10516394590977023,3.0421131019022547
6,59,423,Shaw,MUN,TOT,DEF,4.3,0.3815013635293333,1.0276521691685183,0.1717965156794425,68.7,0.06305310012953168,3.0319859346647675
6,57,268,King,FUL,IPS,MID,5.5,1.0390398169661825,0.1838977254005947,0.07470967741935484,65.1,0.3211597803919858,3.030387672548283
6,54,459,L.Miley,NEW,COV,MID,5.5,0.4719612560052813,0.18181578765609685,0.46070967741935487,67.0,0.381630975542949,3.016536500042485
6,60,551,N.Angulo,SUN,BHA,MID,5.0,0.9889354960582628,0.19112712265633403,0.10825806451612903,60.9,0.13180652771098533,2.9977368495721524
6,58,391,Gvardiol,MCI,LIV,DEF,5.7,0.7642330940352438,0.37351706163659687,0.15227926829268293,70.9,0.23013996517267393,2.994992827737896
6,52,565,M.Sangaré,BRE,AVL,MID,5.6,0.7413164874384837,0.1665925202593913,0.7033870967741936,52.9,0.1911857108890557,2.9870390768542983
6,51,13,Rice,ARS,LEE,MID,7.4,0.8873945370860657,0.3612979593631905,0.2347661290322581,60.3,0.20099627634737793,2.983837731276888
6,52,105,Anthony,BRE,AVL,MID,5.9,1.2621573335335319,0.17194059474604914,0.09956129032258065,51.6,0.12728971091403882,2.9781760483179625
6,54,186,Mason-Clark,COV,NEW,MID,5.3,0.9984885361172253,0.27433849136491584,0.14148387096774193,51.2,0.13018866110710897,2.9762326405937207
6,54,567,Horníček,NEW,COV,GK,5.0,0.004789393334475609,1.0094998838359166,0.0,78.3,0.3200315848398898,2.974366316555736
6,60,109,Verbruggen,BHA,SUN,GK,4.5,0.053583462606996785,0.5875357733280362,0.0,88.2,0.44572878587007625,2.94664706486731
6,55,214,Kamada,CRY,NFO,MID,5.0,0.4482367086045894,0.24191506923299935,0.28366129032258064,74.7,0.42567188000644596,2.945378813117265
6,60,541,Meunier,SUN,BHA,DEF,4.5,0.7276745172420027,0.342818574923705,0.1642189024390244,71.5,0.04955023471359889,2.9446503112037954
6,52,87,Ajer,BRE,AVL,DEF,4.5,0.23903409123544328,0.51636128177295,0.5593682926829269,75.4,0.12969646452616404,2.936157743469114
6,60,504,Vuskovic,BHA,SUN,DEF,5.0,0.48892656761611636,0.041335875233388886,0.5837189024390245,76.7,0.15748639530754366,2.9298991620912425
6,56,239,Garner,EVE,HUL,MID,6.0,0.512603472716675,0.2696680611377089,0.3293364055299539,73.4,0.41298581773733434,2.9249175799676355
6,58,384,Donnarumma,MCI,LIV,GK,5.5,0.0,1.0313437146099822,0.0,87.4,0.1312290897362675,2.9229382232410805
6,55,483,Ndoye,NFO,CRY,MID,5.5,1.0006348764685744,0.26279298109869803,0.09870967741935484,53.2,0.06543347587728446,2.9146633396244526
6,52,88,Kayode,BRE,AVL,DEF,4.6,0.5417693392584213,0.48938718496391526,0.19886341463414636,61.6,0.1659441528042858,2.914026971743443
6,51,334,Muharemović,LEE,ARS,DEF,5.0,0.28336845349906686,-0.01211931403744726,0.7934689024390245,78.3,0.1903054612402783,2.9129139072616743
6,52,166,N.Jackson,AVL,BRE,FWD,6.5,1.4179675483094245,0.0,0.007694736842105263,58.4,0.17284162513397022,2.8854719773097885
6,60,138,Kostoulas,BHA,SUN,FWD,5.6,1.2419206839847423,0.0,0.006595488721804511,64.2,0.2327578454015572,2.8664133633167355
6,59,112,Van Hecke,TOT,MUN,DEF,4.9,0.8838277071022169,-0.40419428107555705,0.41319329268292687,88.4,0.28554451082334653,2.8658871362637934
6,58,390,Rúben,MCI,LIV,DEF,5.5,0.5499086324843608,0.3989623113367763,0.1626530487804878,78.9,0.09276386676731183,2.8579283030767013
6,59,455,Tonali,TOT,MUN,MID,5.3,0.36108507618283187,0.09835984350158161,0.3166048387096774,81.4,0.25665556275035756,2.8439514937757733
6,59,419,Martinez,MUN,TOT,DEF,5.0,0.17285259554975796,0.8925052042127627,0.33977491289198614,63.1,0.053023928448294316,2.834156641102801
6,51,346,Calvert-Lewin,LEE,ARS,FWD,6.0,1.1395326703372346,0.0,0.006907894736842106,78.7,0.16354494053642432,2.8199327758858357
6,57,267,Lukić,IPS,FUL,MID,4.9,0.713725828837721,0.28772611008470084,0.08535483870967742,74.9,0.2858556332777146,2.8084573930768286
6,53,57,Petrović,BOU,CHE,GK,4.5,0.0,0.7881321035059022,0.0,88.2,0.10619678320937773,2.7541279297774808
6,59,401,Marmoush,TOT,MUN,FWD,7.0,1.269943484387288,0.0,0.0066315789473684215,61.0,0.11146889827488632,2.741347567700532
6,54,104,Onyeka,COV,NEW,MID,4.9,0.765848868861734,0.2664573582340496,0.07852534562211981,60.2,0.1940420640463127,2.688915735752774
6,51,385,Trafford,LEE,ARS,GK,5.0,0.0028021689301398014,0.6417873206273016,0.0,78.3,0.31442831865103416,2.678154171844839
6,57,258,Castagne,FUL,IPS,DEF,4.5,0.5360572016932623,0.3789646589642378,0.15736829268292685,70.9,0.175931275882722,2.669852018792622
6,57,257,Bassey,FUL,IPS,DEF,4.5,0.2509899699184631,0.40394616011486534,0.1677420731707317,82.0,0.24764165361911544,2.667167575718288
6,51,332,Justin,LEE,ARS,DEF,4.5,0.30259238800688126,-0.011815970062731718,0.5691085365853659,77.2,0.2059680692692127,2.6648744904461847
6,58,155,Enzo,MCI,LIV,MID,6.9,1.0920765918983066,0.16225955930203145,0.08735483870967742,61.4,0.08968805458807885,2.659382757889825
6,52,47,Kamara,AVL,BRE,MID,5.0,0.5875229554114421,0.17820034940484195,0.07596774193548388,72.3,0.33164634549728345,2.651496284913712
6,60,529,Roefs,SUN,BHA,GK,4.9,0.003547196727307287,0.7247673570399851,0.0,86.3,0.10042455054590765,2.6309642125383084
6,57,580,Charles,FUL,IPS,MID,5.0,0.5308712964323514,0.14340211229424613,0.47901075268817206,56.0,0.20394739659603114,2.6309391941234974
6,52,96,Damsgaard,BRE,AVL,MID,5.4,0.8028830693739434,0.1564311787347414,0.07548387096774192,51.6,0.21231303965501364,2.5931111587314404
6,53,145,Fofana,CHE,BOU,DEF,5.0,0.18520811626249262,0.48300713679629537,0.5669219512195122,59.5,0.05783612401322228,2.584384249386584
6,57,254,Robinson,FUL,IPS,DEF,4.5,0.3499051512931375,0.37000902647627687,0.15364939024390245,70.9,0.22213901217248955,2.581848390833713
6,52,46,Barkley,AVL,BRE,MID,5.0,1.0483383197808929,0.12190265940178359,0.059391705069124424,45.5,0.15650363510818377,2.576806868407647
6,58,362,Jacquet,LIV,MCI,DEF,5.0,0.3054541948727194,0.20458230218400125,0.37396890243902436,73.9,0.09237332091095166,2.5584664131427615
6,55,211,Yeremy,CRY,NFO,MID,5.5,0.6393472499335642,0.2250579067069835,0.09819354838709678,56.8,0.1253819118425421,2.5470794887180723
6,59,415,Dorgu,MUN,TOT,MID,5.8,1.1375092364273138,0.1394441587817119,0.24343548387096775,35.3,0.031075857656136116,2.5287256368767768
6,52,597,Suzuki,AVL,BRE,GK,5.0,0.00866552555905503,0.7794582213021406,0.0,67.9,0.23610508472708952,2.5209121649216186
6,60,129,Ayari,BHA,SUN,MID,5.4,0.8319401230293332,0.11958909436764673,0.07697695852534561,62.3,0.13110468819810375,2.503187320278418
6,51,330,Bogle,LEE,ARS,DEF,4.6,0.565308924778357,-0.0127548918892324,0.17283109756097562,71.9,0.19858424040704617,2.4939777619264394
6,52,37,Lindelöf,AVL,BRE,DEF,4.5,0.4282009036745221,0.3036245392004947,0.14719024390243904,70.2,0.05658857581993125,2.486604262597387
6,59,432,Mainoo,MUN,TOT,MID,5.5,0.49561919273422217,0.20459755490764,0.6455299539170507,47.0,0.08192274626795751,2.483320673785774
6,57,650,Affengruber,FUL,IPS,DEF,4.5,0.2601024338770118,0.28280944698823707,0.6679024390243903,55.0,0.10467278146388212,2.4828751832389857
6,58,350,A.Becker,LIV,MCI,GK,5.5,0.0,0.7279909163828755,0.0,80.7,0.09971114533026963,2.4683757213868045
6,60,545,Sadiki,SUN,BHA,MID,4.9,0.4557751114856663,0.20251729683132413,0.08603225806451613,79.0,0.1128103941283972,2.468182157671695
6,57,264,Bobb,FUL,IPS,MID,5.5,0.5938832028440214,0.17770427869021196,0.07219354838709677,54.9,0.10683990082931266,2.4570246405220537
6,56,649,Maitland-Niles,EVE,HUL,DEF,4.5,0.3109466508388108,0.5753970762627824,0.18790243902439024,54.2,0.1140810661156974,2.456451246632409
6,51,336,Okafor,LEE,ARS,MID,5.8,0.6707560902044329,0.11544565673664035,0.07852534562211981,53.2,0.13849927312856902,2.4350819430010877
6,57,306,Greaves,IPS,FUL,DEF,4.0,0.2961566424788369,0.6031783629884775,0.3173609756097561,57.5,0.04648814818050919,2.424826808695266
6,60,605,Yalcouyé,BHA,SUN,MID,4.5,0.921365848214812,0.08831723348415291,0.06632258064516129,46.1,0.11646421573851119,2.37124232071202
6,51,5,J.Timber,ARS,LEE,DEF,6.5,0.5255230291402329,0.7458184960726421,0.1946878048780488,32.8,0.023163886397091955,2.342110211614316
6,57,564,Scherpen,IPS,FUL,GK,4.5,0.008042885641877138,0.9719723706632865,0.0,57.9,0.08577151146406149,2.341136767769225
6,54,194,Thomas-Asante,COV,NEW,FWD,5.0,1.0231471435947457,0.0,0.15473684210526317,38.5,0.09235203003667491,2.340703794027824
6,59,429,Rashford,MUN,TOT,MID,7.0,0.8806001577206204,0.2177076894939548,0.06060829493087558,46.1,0.04879309660636856,2.302287707304458
6,53,161,Lavia,CHE,BOU,MID,5.0,0.7941940570756718,0.17042960259944262,0.08038709677419355,46.6,0.0884190639923439,2.2929676389952673
6,53,73,Adams,BOU,CHE,MID,5.0,0.386124272300213,0.1283002433421948,0.48617204301075273,53.9,0.0862517420360081,2.292131685478489
6,57,265,Berge,FUL,IPS,MID,4.9,0.24574355850298849,0.18270667795629034,0.0848294930875576,67.2,0.21884276943643638,2.279842027843818
6,59,516,Bentancur,TOT,MUN,MID,5.5,0.19099007985030259,0.07896797950346036,0.499926267281106,63.3,0.10278928217065433,2.2748127250084695
6,56,242,George,EVE,HUL,MID,5.5,0.5591279398121303,0.20216991827772882,0.06890322580645161,52.7,0.12690394319079873,2.2638158594257067
6,54,464,Wissa,NEW,COV,FWD,6.2,1.0289437217168103,0.0,0.005526315789473684,61.8,0.0988252531377761,2.253902865514372
6,52,95,O.Dango,BRE,AVL,MID,6.3,0.8735848253780322,0.10482225993849341,0.07587096774193548,36.0,0.053626379130055926,2.2473765762753244
6,58,389,Matheus N.,MCI,LIV,DEF,5.9,0.4067177133966797,0.26549477517357084,0.39438341463414633,53.1,0.042064665368453456,2.2401109683021403
6,53,149,Colwill,CHE,BOU,DEF,4.8,0.3006937486562265,0.464716543958287,0.15345365853658538,61.5,0.035011675279292886,2.234540764514973
6,58,372,Mac Allister,LIV,MCI,MID,5.4,0.5168598204123838,0.1270451337578985,0.29175268817204303,57.5,0.033681838642774034,2.2275696790357693
6,52,93,Schuster,BRE,AVL,DEF,4.5,0.3294982965713351,0.28836593969658525,0.5661780487804878,42.9,0.06374283907263033,2.22577799522681
6,58,387,O'Reilly,MCI,LIV,DEF,6.3,0.8328471881809355,0.19059932322587267,0.12432878048780488,39.3,0.015610454894549776,2.217276842676256
6,55,473,Aina,NFO,CRY,DEF,4.4,0.27115555199145724,0.6446772727106294,0.1586731707317073,52.0,0.07288864088364942,2.216719358014566
6,52,611,Wan-Bissaka,AVL,BRE,DEF,4.5,0.22040969720163517,0.22206581989397883,0.49030487804878053,48.3,0.03731094241068157,2.203609123237602
6,52,51,George Hemmings,AVL,BRE,MID,4.5,0.5736408630983367,0.14142524545123122,0.08038709677419355,50.6,0.09736955451987118,2.2013929976080973
6,54,634,Fernandez-Pardo,NEW,COV,FWD,6.0,0.8044963561880493,0.0,0.009473684210526316,48.8,0.12321232125589804,2.196329450451584
6,58,627,Barcola,LIV,MCI,MID,8.0,0.6568752328135655,0.12080361371590982,0.09290322580645162,50.7,0.028030389546551897,2.1543701479756048
6,55,203,Canvot,CRY,NFO,DEF,4.8,0.05089526885543158,0.4964101857950709,0.31532334494773523,58.6,0.07097009582009316,2.1313502102192325
6,56,209,Johnson,EVE,HUL,MID,5.9,0.5997602988712774,0.20509051099763181,0.08154838709677419,49.8,0.028009001797702722,2.1311152749371116
6,54,575,Yirenkyi,COV,NEW,MID,4.8,0.6381586197783764,0.18914719514079015,0.06503225806451612,44.8,0.11415540853309797,2.123926313559517
6,59,503,Van de Ven,TOT,MUN,DEF,5.0,0.7198668719494851,-0.35361549293665245,0.18141533101045298,76.7,0.11049612820082357,2.1097419971265174
6,55,491,Igor Jesus,NFO,CRY,FWD,5.8,0.8955817992629111,0.0,0.004938947368421052,41.4,0.06348312545213622,2.102593149580143
6,57,562,Maeda,IPS,FUL,MID,5.3,0.7119512405030589,0.1435368349628893,0.05677419354838709,40.4,0.07136754055499255,2.102559357768357
6,53,144,Gusto,CHE,BOU,DEF,4.9,0.4219664798139672,0.3597149924808316,0.13857804878048782,46.8,0.031245179973119062,2.0900991763796344
6,59,403,Sávio,TOT,MUN,MID,6.5,0.7346753273139038,0.06442408150486943,0.07716129032258064,50.4,0.06451608326534414,2.0893610965014155
6,55,581,Diomande,NFO,CRY,DEF,5.4,0.2799256381746834,0.47608568330110623,0.32021365853658534,40.8,0.037452612251565646,2.0880297012376223
6,56,576,Stroud,HUL,EVE,MID,5.0,0.5264311179551062,0.22874322849110165,0.09646451612903226,45.6,0.0435641866120232,2.0560327725776526
6,60,113,F.Kadıoğlu,BHA,SUN,DEF,4.4,0.2654193964041246,0.039611494264177316,0.1798494773519164,72.6,0.07981926299904397,2.0542599088866016
6,56,244,Armstrong,EVE,HUL,MID,5.0,0.1550537867889623,0.23137584547675866,0.24725,64.2,0.06795048936521055,2.0424069978986803
6,51,10,White,ARS,LEE,DEF,5.5,0.21517299080621027,0.8237995184502105,0.10752195121951219,33.5,0.04564644835971138,2.0421409088356444
6,51,452,Bruno G.,ARS,LEE,MID,6.7,0.9051192742493599,0.16277086795535167,0.07870967741935483,30.2,0.049622388971149484,2.0321311212958513
6,54,175,van Ewijk,COV,NEW,DEF,4.0,0.30865980443345753,0.5725100278301518,0.2378933797909408,43.4,0.03815950893639533,2.027425120642602
6,54,656,Mfuni,COV,NEW,DEF,4.0,0.32988559149655183,0.559024780921947,0.17850731707317075,41.1,0.07623143905616586,2.0233447164022267
6,55,224,Nketiah,CRY,NFO,FWD,5.5,0.9504314787680956,0.0,0.006947368421052632,33.6,0.05299294535467456,2.0114464200216773
6,58,579,Araujo,LIV,MCI,DEF,5.4,0.2466600649422397,0.14679206902832992,0.35777398373983743,55.1,0.03335353356187827,2.0058988036235688
6,60,114,Boscagli,BHA,SUN,DEF,4.5,0.279207901189295,0.036113464298062115,0.14347134146341464,67.4,0.17543893449989323,1.983996349895074
6,58,371,Gravenberch,LIV,MCI,MID,5.8,0.5230184955787389,0.09563619419176195,0.09193548387096774,44.5,0.031310446532310535,1.9798725221811715
6,57,313,Clarke,IPS,FUL,MID,5.4,0.6795677959417463,0.1464728156780393,0.0695225806451613,37.9,0.09800719420157622,1.97788431658498
6,55,474,Jair Cunha,NFO,CRY,DEF,4.5,0.022652324614827843,0.5927213740875688,0.28475888501742164,49.7,0.032091610225432075,1.9747797495008055
6,58,377,Munoz,LIV,MCI,MID,6.5,0.6228771820124193,0.10348842908329609,0.07958709677419355,44.5,0.02739147002509818,1.9603855474799157
6,59,502,Robertson,TOT,MUN,DEF,4.4,0.3315722446015875,-0.3039087528691082,0.35505714285714285,62.2,0.08917402563824713,1.9598946602278693
6,58,358,Kerkez,LIV,MCI,DEF,5.4,0.31056686828519686,0.16971308977361726,0.15569059233449478,62.6,0.02809465402820843,1.95977406654886
6,53,64,Smith,BOU,CHE,DEF,4.5,0.2593224833295237,0.2283909588310601,0.14973475609756098,67.4,0.0412726526784199,1.9446473882506257
6,60,553,Isidor,SUN,BHA,FWD,5.5,0.8566302803441754,0.0,0.001663157894736842,22.2,0.02150114766735762,1.9429003565138783
6,59,525,Fernandes,TOT,MUN,MID,5.7,0.5074798459685921,0.062269429949522635,0.08949677419354839,46.7,0.060172162483093386,1.9122526003651767
6,52,32,Cash,AVL,BRE,DEF,4.4,0.4567596616175663,0.22569962421951667,0.14588536585365855,52.6,0.044670513802668343,1.9107903485680489
6,55,222,Strand Larsen,CRY,NFO,FWD,6.0,0.4801994860549852,0.0,0.0065578947368421054,52.4,0.05947192720429544,1.8845311597384906
6,57,640,Flemming,IPS,FUL,FWD,5.5,0.8417464110796509,0.0,0.0017894736842105263,23.3,0.04479866829187717,1.875062444212201
6,60,536,Reinildo,SUN,BHA,DEF,4.4,0.23504844982692547,0.2619150256568473,0.14338745644599304,59.8,0.03234047187330498,1.8669396235385745
6,51,17,Merino,ARS,LEE,MID,5.8,0.7598348371160146,0.03895827331390384,0.018838709677419352,22.3,0.019630875534817814,1.8554160521236371
6,51,598,Elvedi,LEE,ARS,DEF,4.5,0.21124356052573595,-0.008695860608514072,0.35777398373983743,56.7,0.04981759984015148,1.8506173237007002
6,56,642,Thomas,HUL,EVE,MID,5.5,0.5503117970504685,0.13107758037130543,0.06909677419354839,35.3,0.035808652088742315,1.8377757126753962
6,51,19,Zubimendi,ARS,LEE,MID,5.3,0.4330169336676558,0.12274524468764227,0.05935483870967742,34.0,0.0293218271423854,1.8354028172074421
6,55,167,Delap,NFO,CRY,FWD,5.6,0.6863011992325359,0.0,0.006442105263157895,51.5,0.05190374965423851,1.8138904667960378
6,54,460,Willock,NEW,COV,MID,5.0,0.3965923099568777,0.1163432630856371,0.06374193548387097,40.8,0.11240946587260656,1.8005627025543318
6,52,102,Yarmoliuk,BRE,AVL,MID,4.8,0.28648101337718596,0.14439801113976133,0.10451612903225807,45.7,0.08238892421337976,1.7961729546808738
6,57,570,Palacios,FUL,IPS,MID,5.4,0.5945400043262246,0.10481217509878454,0.05677419354838709,37.4,0.08120695325362633,1.7864340137710437
6,53,142,James,CHE,BOU,DEF,5.4,0.61566726123829,0.2608103052827121,0.10047560975609757,37.2,0.03872056833402949,1.770612730893115
6,56,289,Crooks,HUL,EVE,MID,4.4,0.5278893837066456,0.20451039850649058,0.08624516129032259,43.6,0.04488587647787707,1.7690942074019027
6,51,14,Eze,ARS,LEE,MID,6.3,0.6433951742633274,0.08058492151232165,0.03896774193548387,23.9,0.021401904014358392,1.7613950467652792
6,54,457,J.Murphy,NEW,COV,MID,5.9,0.45168827746121687,0.11021993344955094,0.09058064516129033,39.9,0.07704689313724118,1.7403015183517143
6,60,534,Hume,SUN,BHA,DEF,4.3,0.34734359056439074,0.175699627195701,0.13466341463414633,43.6,0.02501958905635137,1.7300445277031096
6,53,136,Welbeck,CHE,BOU,FWD,5.9,0.8050315356839043,0.0,0.004768421052631579,29.6,0.033057277270927284,1.6979999641097308
6,56,238,Grealish,EVE,HUL,MID,6.5,0.5174368462792434,0.09994917308112436,0.05961290322580645,34.5,0.04418459897868601,1.6842923107474044
6,59,514,Tel,TOT,MUN,MID,5.7,0.5653281878047361,0.045463147817817566,0.0544516129032258,36.9,0.027887785905550442,1.6723891641875934
6,56,585,Herrington,HUL,EVE,DEF,4.0,0.19711564501632567,0.31612279400200277,0.10452073170731709,33.3,0.01883394470217442,1.664826954117493
6,51,345,Tanaka,LEE,ARS,MID,4.9,0.29042454304462734,0.09186872683972085,0.0729032258064516,44.5,0.05588131733669509,1.662976409361699
6,57,592,Ouattara,IPS,FUL,DEF,4.0,0.23129036532436467,0.2585050127093475,0.10452073170731709,33.3,0.041208152544525777,1.6596499539610976
6,51,337,Aaronson,LEE,ARS,MID,5.3,0.28057683876910455,0.06569020467831367,0.07819354838709677,37.1,0.029549540864710087,1.6525749208627751
6,53,148,Hato,CHE,BOU,DEF,4.5,0.04476424641437515,0.38545730832691727,0.1781941463414634,41.5,0.0137991711200827,1.6236258051541808
6,52,33,Mings,AVL,BRE,DEF,4.5,0.1642986053032326,0.16877002311942393,0.24842113821138212,42.7,0.0435297264809341,1.616936153643321
6,60,501,Danso,SUN,BHA,DEF,5.0,0.09110500053391196,0.2557859688942065,0.16337073170731709,58.5,0.023118205278184107,1.6158433046674814
6,54,462,Steur,NEW,COV,MID,4.9,0.3079171938964951,0.08831725436662735,0.05806451612903226,34.7,0.08274887835585686,1.6118171776649797
6,53,157,Estêvão,CHE,BOU,MID,6.3,0.6825426376383337,0.023526397790613263,0.022193548387096772,18.5,0.018505669414758612,1.6001712217482582
6,56,617,Cho,HUL,EVE,MID,5.0,0.5239544768489536,0.020928353168527758,0.014709677419354838,21.6,0.024096084885238428,1.60015426705506
6,59,526,Solanke,TOT,MUN,FWD,5.8,0.45743952020801465,0.0,0.0052547368421052626,37.2,0.02475858801540474,1.5930747530429779
6,53,662,Nicoll-Jazuli,CHE,BOU,MID,4.5,0.4153320612135025,0.03501603392091277,0.03303225806451613,26.5,0.0291702072998814,1.584501716015111
6,51,331,Gudmundsson,LEE,ARS,DEF,4.5,0.02722643315470681,-0.009764786995607178,0.17641951219512197,60.5,0.05400379792408776,1.5803138527515743
6,54,190,Tchaouna,COV,NEW,MID,5.4,0.48385504631806386,0.10883469561672447,0.05612903225806451,27.5,0.040682302705597265,1.5800894245503498
6,60,639,Andrés,BHA,SUN,MID,5.5,0.5303184192135885,0.06134095788685328,0.06909677419354839,35.1,0.03962962596089213,1.5792727010175232
6,53,583,Chavarria,CHE,BOU,DEF,4.9,0.20509312417815412,0.18087364028697178,0.10452073170731709,33.3,0.019018277156602592,1.5383538202732823
6,59,496,Kinsky,TOT,MUN,GK,4.5,0.0,0.042209660124816306,0.0,68.8,0.058894259993014716,1.526536820550731
6,59,522,Gray,TOT,MUN,MID,4.9,0.3575125045981321,0.05160390475055596,0.05297695852534562,42.4,0.02806068347774722,1.521271395968724
6,60,646,Fofana,SUN,BHA,MID,5.5,0.4437352716836658,0.015262833394486747,0.01729032258064516,22.3,0.016159459964904973,1.5167629912105767
6,53,151,Acheampong,CHE,BOU,DEF,4.5,0.24283338861532777,0.18968022202379065,0.1996878048780488,29.5,0.017417128263116238,1.5027570781528647
6,52,54,Gomes,AVL,BRE,MID,5.5,0.375392300533526,0.0851275554481729,0.26008064516129037,29.3,0.040321517186781855,1.4846226974142258
6,55,199,Benitez,CRY,NFO,GK,4.5,0.004049769263371626,0.5018299779031807,0.0,41.1,0.05001689911350677,1.473334146280059
6,59,512,Kudus,TOT,MUN,MID,6.5,0.4289745288971424,0.014112967687521566,0.03380645161290323,24.5,0.018094039154683522,1.4689884737407424
6,53,75,Christie,BOU,CHE,MID,5.0,0.4526621541638007,0.05228602388249838,0.048193548387096774,25.8,0.0246893144449108,1.4572637568922966
6,51,25,Gyökeres,ARS,LEE,FWD,7.1,0.7152863699730833,0.0,0.003726315789473684,21.0,0.016765500453651938,1.4368307319306237
6,51,7,Lewis-Skelly,ARS,LEE,MID,5.4,0.0971701656568744,0.27964568789706323,0.06761290322580646,41.1,0.025465081513422572,1.4321052534297305
6,57,635,Larsson,FUL,IPS,MID,5.0,0.32519258659553785,0.015960035753678554,0.01729032258064516,22.3,0.03662014749072992,1.4176767183341523
6,57,253,Andersen,FUL,IPS,DEF,5.0,0.05588132912923673,0.21729192510262887,0.1443717073170732,45.9,0.04501186371247101,1.4082116977339127
6,56,247,Hackney,EVE,HUL,MID,5.4,0.2739344816401702,0.051272627749407954,0.03058064516129032,26.3,0.028445104696210633,1.3836171605102936
6,59,519,Gallagher,TOT,MUN,MID,5.3,0.3021801188802655,0.045139950084515545,0.08109677419354838,34.9,0.03230815914458758,1.3776725254485682
6,60,116,Dunk,BHA,SUN,DEF,4.5,0.11973800874192883,0.02561937439971662,0.2648919860627178,49.7,0.04622322025652653,1.3691393344575609
6,52,56,Abraham,AVL,BRE,FWD,5.5,0.4469949297171645,0.0,0.0010526315789473684,18.9,0.02557041073017973,1.358780127081528
6,54,405,N.Gonzalez,NEW,COV,MID,5.5,0.11991811188095236,0.12599928289638837,0.08283870967741937,37.0,0.08364782903041147,1.3537605740419243
6,54,195,Simms,COV,NEW,FWD,4.9,0.6181450644489764,0.0,0.002494736842105263,20.0,0.03516415765041157,1.3368275823578881
6,59,439,Šeško,MUN,TOT,FWD,7.0,0.663954823643841,0.0,0.0018736842105263156,15.9,0.015259945526375928,1.3229862304502995
6,55,633,Ahanor,CRY,NFO,DEF,4.5,0.16478886955975441,0.24860607043048788,0.2763536585365854,28.0,0.024967623217011445,1.3136329239317457
6,52,53,Manzambi,AVL,BRE,MID,5.9,0.4771642637969623,0.060610819479099104,0.05167741935483871,25.2,0.05052344562226814,1.3106130826722144
6,52,596,Ruggeri,AVL,BRE,DEF,4.5,0.18717931537892624,0.10780286165762246,0.23802073170731708,28.3,0.027924985968783508,1.3088669607435062
6,53,568,Barco,CHE,BOU,MID,5.4,0.4100674424747778,0.07304125825690398,0.05167741935483871,28.7,0.03252617832810138,1.3061731195398727
6,56,232,O'Brien,EVE,HUL,DEF,4.8,0.12583536111553584,0.2263228499966944,0.12318048780487804,28.5,0.014904618370207314,1.3019786807604883
6,55,488,I.Sangaré,NFO,CRY,MID,4.9,0.2479170130946743,0.09000230202334496,0.05070967741935484,30.0,0.03321909893054103,1.2662685471607094
6,52,90,Hickey,BRE,AVL,DEF,4.5,0.015138403304705898,0.13679720524581884,0.08338170731707317,26.1,0.025267531663024128,1.2655891891755096
6,56,637,Vaz,HUL,EVE,FWD,5.0,0.46514713008119457,0.0,0.0014105263157894738,17.8,0.01591308614849698,1.2556724211121613
6,51,347,Nmecha,LEE,ARS,FWD,5.4,0.2794202077076199,0.0,0.0015368421052631579,19.6,0.020465576246558006,1.247422626059441
6,55,577,Tomiyasu,CRY,NFO,DEF,4.4,0.13000080843947096,0.23818065457372548,0.11626463414634146,25.1,0.019952504238616817,1.2445717256239712
6,55,490,Wood,NFO,CRY,FWD,5.8,0.29015247278058204,0.0,0.001663157894736842,19.8,0.02104089644534457,1.2428565271206633
6,51,327,Bijol,LEE,ARS,DEF,5.0,0.12013838653860548,-0.004983508156042121,0.30755487804878046,30.2,0.019905717718678825,1.2275375658295293
6,57,269,Sessegnon,FUL,IPS,DEF,4.3,0.3521813515012813,0.06504617280729455,0.07202926829268294,19.9,0.027466558131967113,1.2237233507332257
6,58,357,Frimpong,LIV,MCI,DEF,5.3,0.34071810082659487,0.06973842482076803,0.08956682926829268,26.4,0.008867329096968133,1.2038823922460886
6,60,119,Costinha,BHA,SUN,DEF,4.5,0.16997174896005504,0.002463401384588136,0.02609756097560976,21.2,0.01139039733316409,1.192823218758074
6,57,263,Kevin,FUL,IPS,MID,5.3,0.2540640126343023,0.016912873709122048,0.018322580645161287,18.4,0.024843523282672208,1.1900920718989656
6,53,71,Cook,BOU,CHE,MID,5.0,0.09181579665263963,0.0545958482307212,0.04025806451612904,31.3,0.030525655345805147,1.1898022709634397
6,53,72,Gannon-Doak,BOU,CHE,MID,4.9,0.2823839455349115,0.010499201582831,0.012903225806451613,18.4,0.019690639672137338,1.1821945942885952
6,57,309,Núñez,IPS,FUL,MID,4.9,0.3293800432687025,0.09362516280533914,0.15923870967741938,23.3,0.03877946790743184,1.1736713095454994
6,58,393,Khusanov,MCI,LIV,DEF,5.4,0.00888480802346777,0.2088430871618504,0.11352439024390244,40.4,0.017632946405751908,1.1580436060466053
6,55,208,Sarr,CRY,NFO,MID,6.2,0.4963470848975889,0.04850130972397542,0.04232258064516129,18.9,0.02041250299130803,1.155442118302911
6,57,320,Akpom,IPS,FUL,FWD,5.0,0.4957400848125703,0.0,0.0010526315789473684,14.0,0.024634993545275513,1.1439141976974903
6,59,499,Pedro Porro,TOT,MUN,DEF,5.4,0.2840548268363354,-0.2084194890551416,0.14969560975609755,37.6,0.026152053087757,1.138978900653866
6,53,74,Brooks,BOU,CHE,MID,5.0,0.2564661094984607,0.019318530912409038,0.023741935483870966,20.4,0.01629554366929817,1.137994613736533
6,56,589,Gourna-Douath,HUL,EVE,MID,5.0,0.3105094627105273,0.0745343104072129,0.03929032258064516,23.8,0.020429962937301812,1.131345700712791
6,51,11,Mosquera,ARS,LEE,DEF,5.3,0.0012268634324253708,0.5318705628829029,0.08330341463414635,22.5,0.019123400595312062,1.1149055115279407
6,52,631,Mbaye,AVL,BRE,MID,6.0,0.2816706870648875,0.015209456573406891,0.01729032258064516,17.8,0.026127760844882473,1.1136214183791255
6,51,9,Hincapie,ARS,LEE,DEF,5.2,0.15010596630889092,0.2979274957501975,0.07777073170731708,18.4,0.01283445983009193,1.105197546298647
6,57,262,Smith Rowe,FUL,IPS,MID,5.4,0.1993288042559306,0.03596963281799197,0.03896774193548387,20.5,0.028466228408415572,1.097699799175314
6,59,520,Bergvall,TOT,MUN,MID,5.3,0.26319088627866827,0.018422270798215176,0.04412903225806452,18.1,0.010782940955577261,1.0694035931584152
6,57,271,Muniz,FUL,IPS,FWD,5.4,0.187875911659163,0.0,0.0015368421052631579,19.4,0.018552916863754394,1.0596750762928242
6,60,125,Georginio,BHA,SUN,FWD,5.3,0.37773362218810125,0.0,0.0036315789473684214,23.7,0.013638103524787013,1.0536241708680794
6,58,400,Doku,MCI,LIV,MID,7.4,0.46357179638896195,0.031397344562136074,0.03380645161290323,15.3,0.00720129935880556,1.0429768919228068
6,58,369,Ngumoha,LIV,MCI,MID,5.7,0.3613144523226295,0.02637545566130698,0.02535483870967742,15.6,0.007644357929798512,1.0306891046234123
6,53,608,Jebbison,BOU,CHE,FWD,5.0,0.3447994659697028,0.0,0.0010526315789473684,14.6,0.014332571097357874,1.0083876561075067
6,60,612,Methalie,SUN,BHA,DEF,4.5,0.20221109648739138,0.12298973903699068,0.11783048780487805,27.2,0.01053922428187175,0.9914864551333521
6,54,461,Touré,NEW,COV,MID,5.8,0.21097869288162946,0.011775633915550315,0.012903225806451613,15.6,0.03553606499261111,0.9768272247690893
6,59,422,Mazraoui,MUN,TOT,DEF,4.4,0.062392622511271784,0.2288131782914279,0.06694024390243904,18.7,0.013423546524036573,0.9678927234267044
6,52,620,Diouf,BRE,AVL,DEF,4.5,0.1297263237158931,0.06422404002151119,0.05219512195121952,18.6,0.019089820062858684,0.9567715579486723
6,55,643,Chilwell,CRY,NFO,DEF,4.5,0.15489142808043113,0.05373098941562158,0.03497073170731708,15.9,0.018630510617689167,0.9383931680947383
6,54,559,Bamba,NEW,COV,MID,4.9,0.17683945165633314,0.011775633915550315,0.012903225806451613,15.2,0.032149853343234835,0.9148801880931263
6,58,381,Koumas,LIV,MCI,MID,5.0,0.23018159951196082,0.010066967809659154,0.012903225806451613,14.6,0.005373981381565807,0.9056900107751384
6,55,213,Lerma,CRY,NFO,MID,4.8,0.21635760715590582,0.036967461679859315,0.03225806451612903,18.8,0.020226076703844267,0.9001708129611076
6,53,101,Henderson,CHE,BOU,MID,4.9,0.21270437685024518,0.07960676461707512,0.05632258064516128,25.6,0.020409925524002392,0.9001492767012966
6,52,108,Wilson,BRE,AVL,FWD,5.4,0.33883622959563997,0.0,0.0007157894736842105,11.0,0.01951501978999658,0.8973624922724116
6,59,515,Maddison,TOT,MUN,MID,6.3,0.18295753242798182,0.00538662888836701,0.012903225806451613,15.2,0.011856328291392826,0.8959605054837633
6,58,375,Nyoni,LIV,MCI,MID,4.9,0.19078834847679332,0.010066967809659154,0.012903225806451613,15.0,0.005197840763435575,0.8901517319247113
6,54,188,Torp,COV,NEW,MID,5.3,0.24886735180504976,0.018764602692538705,0.012903225806451613,13.3,0.028039983201986873,0.8888168415755267
6,58,364,Tsimikas,LIV,MCI,DEF,4.9,0.12263199253287302,0.05657102992453911,0.12109268292682927,19.4,0.0045283673364729885,0.8771339079939284
6,57,300,Walton,IPS,FUL,GK,4.4,0.0047824708603315825,0.2938042920875998,0.0,24.1,0.027773414364236155,0.8706220820740723
6,51,16,Madueke,ARS,LEE,MID,6.2,0.2403855342089432,0.059771597413112755,0.02890322580645161,12.8,0.011016729794288463,0.8630770872227962
6,56,231,Keane,EVE,HUL,DEF,4.8,0.14262369716783616,0.18892204003961355,0.10282439024390244,18.6,0.012767793195513688,0.8459509036453202
6,59,420,Yoro,MUN,TOT,DEF,4.8,0.040947922181929206,0.16726109524227184,0.06524390243902439,16.3,0.007637549499896332,0.8400373354277547
6,54,584,Hamer,COV,NEW,MID,5.4,0.23607389645059296,0.018764602692538705,0.012903225806451613,12.7,0.026775077933824932,0.8400174997798289
6,57,318,Philogene,IPS,FUL,MID,5.4,0.21329176659321897,0.016311003973055602,0.012903225806451613,12.9,0.021671576339256326,0.8211517350682429
6,60,328,Struijk,BHA,SUN,DEF,4.9,0.06347454619960652,0.011922862701406578,0.09473414634146342,26.2,0.014544913344227254,0.8138328719554082
6,55,478,Netz,NFO,CRY,DEF,4.4,0.09292684638192888,0.053016223084755704,0.02609756097560976,14.0,0.015845228542615834,0.8130618046448584
6,59,440,Zirkzee,MUN,TOT,FWD,5.3,0.2905793560040102,0.0,0.0008421052631578948,11.7,0.010258923716200853,0.8119202061177535
6,60,535,Alderete,SUN,BHA,DEF,4.8,0.0924097612146157,0.08825841738202654,0.11274146341463415,21.7,0.010427304859068514,0.8111887542813556
6,57,323,McAteer,IPS,FUL,MID,4.4,0.2082913802088371,0.016311003973055602,0.012903225806451613,12.7,0.02181156953198157,0.8052560087724782
6,56,240,Iroegbunam,HUL,EVE,MID,5.0,0.12477780889880982,0.018725368624472202,0.013161290322580644,15.5,0.011103398714186268,0.7967481433728174
6,51,343,James,LEE,ARS,MID,4.9,0.024325083521232263,0.007642177276932531,0.012129032258064516,14.3,0.009962053137339224,0.7860583461935686
6,60,126,O'Riley,BHA,SUN,MID,5.4,0.19401395371820843,0.008591170572388415,0.012903225806451613,12.9,0.010076107049583444,0.7806475555373704
6,59,162,Andrey Santos,MUN,TOT,MID,4.8,0.10910204798765041,0.06078335126382314,0.02961290322580645,16.6,0.012229728744299364,0.7805000422473983
6,60,600,Osman,BHA,SUN,MID,5.0,0.16738676914884948,0.008591170572388415,0.012903225806451613,13.3,0.0104381221588894,0.7789836240576365
6,55,482,Hudson-Odoi,NFO,CRY,MID,5.8,0.23223407810378421,0.04981043432589701,0.03741935483870967,13.9,0.018350591184370886,0.7748144584527619
6,52,52,Alysson,AVL,BRE,MID,5.0,0.1746611123009619,0.008626258952081519,0.009806451612903225,12.4,0.02080972693324285,0.7644138215528136
6,52,160,Garnacho,AVL,BRE,MID,5.8,0.18181459733831073,0.009761293024723824,0.011096774193548386,11.5,0.01655201021159437,0.7629754174445343
6,53,81,Rodríguez,BOU,CHE,FWD,6.0,0.2607489588396298,0.0,0.0010526315789473684,11.0,0.011704286806668643,0.7269810907054043
6,59,421,Heaven,MUN,TOT,DEF,4.4,0.08832726392824443,0.2288131782914279,0.06694024390243904,15.1,0.009159097528205292,0.7171031376875837
6,57,571,Florentino,IPS,FUL,MID,4.8,0.05549429137713082,0.025771386277427852,0.020387096774193546,14.9,0.020700979027060307,0.7080229263881432
6,59,430,Mount,MUN,TOT,MID,5.4,0.23648831192729305,0.03416580528554765,0.022193548387096772,10.8,0.008587356836287145,0.7074377227062518
6,55,212,Hughes,CRY,NFO,MID,4.4,0.03851758413410949,0.03874189984049256,0.03380645161290323,16.7,0.017090141010786118,0.693039407678459
6,53,164,Quenda,CHE,BOU,MID,5.3,0.17408252229549798,0.013678138250356551,0.012903225806451613,11.3,0.01198960217064796,0.6827650585294399
6,56,638,Norton-Cuffy,HUL,EVE,DEF,4.0,0.09200199338448059,0.05919902509400801,0.02609756097560976,11.9,0.009487797125979672,0.6738908138811442
6,59,506,Udogie,TOT,MUN,DEF,4.4,0.06781051681577532,-0.09941348013508848,0.08925365853658537,22.4,0.009334109153985784,0.6713063752511087
6,58,621,McAidoo,MCI,LIV,MID,4.5,0.15611020477062842,0.013661440000318749,0.014709677419354838,11.9,0.004500785489641505,0.6701784355640419
6,57,256,Tete,FUL,IPS,DEF,4.4,0.05427061049807489,0.06834561635549065,0.07568292682926829,16.5,0.02136280733317669,0.6670133741664186
6,58,616,Bouaddi,MCI,LIV,MID,5.5,0.15012819598466765,0.013661440000318749,0.014709677419354838,11.9,0.004441104130139133,0.6646222265454024
6,60,549,Talbi,SUN,BHA,MID,5.3,0.24697091082914424,0.025513990151977844,0.02890322580645161,11.5,0.007541511560473538,0.6609296383480473
6,53,76,Tóth.A,BOU,CHE,MID,4.9,0.15484089957392855,0.010499201582831,0.012903225806451613,11.3,0.012308196448220335,0.6602521700787161
6,60,594,David,BHA,SUN,FWD,5.9,0.24688981991964087,0.0,0.0010526315789473684,10.4,0.0079703820371035,0.6586359436772234
6,55,241,McNeil,CRY,NFO,MID,5.4,0.11590649302926535,0.046135392176464424,0.030193548387096772,14.2,0.016240464913428593,0.6558915216428085
6,55,595,Gozo,CRY,NFO,MID,5.0,0.14966835880983187,0.014786984671943726,0.012903225806451613,11.0,0.016833344313063832,0.6479503677534867
6,54,446,Schär,NEW,COV,DEF,4.9,0.0007239325742067694,0.035959878926500405,0.04123414634146342,14.1,0.023876998272065502,0.6294202029510677
6,55,42,Guessand,CRY,NFO,MID,5.4,0.15992848955657482,0.01951881976696572,0.01703225806451613,9.8,0.013419609718950468,0.6258991771070072
6,59,498,Senesi,TOT,MUN,DEF,5.8,0.09961869226786577,-0.09592528784964678,0.1961219512195122,20.9,0.011805725019718131,0.622034010793007
6,51,339,Longstaff,LEE,ARS,MID,4.9,0.11075928411067475,0.011869764706724994,0.018838709677419352,12.5,0.012996162952416648,0.6199918830170715
6,60,548,Rigg,SUN,BHA,MID,4.9,0.14433814001750853,0.017996475196484372,0.020387096774193546,10.4,0.00785729282897231,0.6152774411255012
6,51,648,Bahoya,LEE,ARS,MID,5.0,0.08774861790978258,0.010894167607542119,0.01729032258064516,12.3,0.010924708775270233,0.6037465186189801
6,54,599,Cherif,COV,NEW,FWD,5.0,0.26216258800963554,0.0,0.0010526315789473684,8.3,0.02035038958328917,0.589165983898654
6,55,647,Osorio,CRY,NFO,MID,5.5,0.1485667835929153,0.019814559460404595,0.01729032258064516,10.4,0.01644031202258582,0.5760341319781521
6,55,207,Mingueza,CRY,NFO,DEF,4.4,0.06871788780676186,0.04009775329523997,0.02609756097560976,10.4,0.013704487451343004,0.573327236852642
6,58,395,Lewis,MCI,LIV,DEF,4.4,0.08878907179528064,0.07585565004959163,0.08246829268292684,12.4,0.0034265947089348187,0.5573076627777171
6,52,100,Carvalho,BRE,AVL,MID,5.0,0.16579661021494607,0.013370186216644568,0.012903225806451613,9.0,0.0176041448831726,0.5536387105041085
6,51,20,Dowman,ARS,LEE,MID,5.3,0.14897873327192784,0.02668374884513962,0.012903225806451613,9.0,0.00894869228629094,0.5416869813699399
6,56,340,Gelhardt,HUL,EVE,MID,5.0,0.15213497144014626,0.01835820453379628,0.012903225806451613,9.0,0.010263540775014228,0.5377636848897984
6,54,179,Latibeaudiere,COV,NEW,DEF,4.0,0.08335049450440643,0.061296576855476646,0.02609756097560976,9.0,0.018951798156109843,0.5373186711441924
6,54,450,Livramento,NEW,COV,DEF,4.9,0.02534777399605427,0.03368393722229151,0.03862439024390244,12.0,0.024472991178148093,0.5306581016664795
6,55,487,Dominguez,NFO,CRY,MID,4.9,0.0786794670036214,0.040535387934178255,0.030451612903225803,10.1,0.015326521242808271,0.5260991597976311
6,57,255,J.Cuenca,FUL,IPS,DEF,4.5,0.002297422953139414,0.08060069239164758,0.15244024390243904,15.6,0.01947319724027271,0.5210055977403635
6,54,442,Pope,NEW,COV,GK,4.9,0.021012057111776783,0.10385005832161848,0.0,17.5,0.028412187844465156,0.5177875483109731
6,52,89,Henry,BRE,AVL,DEF,4.4,0.05545620049756559,0.06358179962129609,0.051673170731707324,11.0,0.013415814462690323,0.5175469405415559
6,58,406,Kovačić,MCI,LIV,MID,5.4,0.10973010283735678,0.011983719298525219,0.012903225806451613,9.4,0.0038513438657917527,0.5079191788136553
6,56,245,Dibling,EVE,HUL,MID,5.4,0.12292830665886159,0.016225515110572138,0.012903225806451613,9.0,0.010311378559726882,0.5070417365202067
6,51,641,Bard,LEE,ARS,DEF,4.5,0.0371537188498301,-0.000967811728854559,0.03497073170731708,11.3,0.008156343619830671,0.5055935765901937
6,54,664,Salia,NEW,COV,FWD,4.5,0.23370771175788413,0.0,0.0026947368421052632,11.2,0.0238913076687851,0.500934718396346
6,52,660,Fredrick,BRE,AVL,DEF,4.0,0.07499036356501079,0.08220677122753434,0.06680975609756098,11.2,0.014820488296940493,0.4836551735414031
6,54,665,Mills,NEW,COV,MID,4.5,0.1368178915446367,0.030145622823808803,0.03303225806451613,11.2,0.024805528801829388,0.46498112984331075
6,54,666,Thompson,NEW,COV,MID,4.5,0.1368178915446367,0.030145622823808803,0.03303225806451613,11.2,0.024805528801829388,0.46498112984331075
6,54,663,Pivas,NEW,COV,DEF,4.0,0.06503819813169787,0.058264107627747475,0.06680975609756098,11.2,0.02031016960523318,0.45525002581659596
6,60,120,Svoboda,BHA,SUN,DEF,5.0,0.05378086489965157,0.002463401384588136,0.02609756097560976,9.0,0.006900786221803462,0.4369496579541733
6,56,574,Hjertø-Dahl,HUL,EVE,MID,4.9,0.11850717257241561,0.01835820453379628,0.012903225806451613,7.6,0.009445020225169706,0.43028590165213265
6,54,185,Sakamoto,COV,NEW,MID,4.8,0.13413054293905918,0.018764602692538705,0.012903225806451613,7.1,0.01989692726960143,0.42941481692210315
6,57,321,Walle Egeli,IPS,FUL,FWD,4.5,0.19160300362509985,0.0,0.0010526315789473684,6.7,0.015170360786643789,0.42710635329224195
6,60,539,O'Nien,SUN,BHA,DEF,3.9,0.07612067848422376,0.05352709572706239,0.051281707317073176,11.5,0.007345189249670746,0.42216056113697753
6,53,159,Caicedo,CHE,BOU,MID,5.3,0.0862648026976729,0.029544778620770148,0.027870967741935482,11.0,0.011490066390509576,0.3989118474356144
6,55,493,Kalimuendo,NFO,CRY,FWD,5.4,0.16444342567143175,0.0,0.0010526315789473684,6.7,0.013129278461165303,0.39767745496450746
6,56,243,Alcaraz,EVE,HUL,MID,4.9,0.04113461904428427,0.015251984203937807,0.012129032258064516,8.8,0.009299280684619837,0.39230278961512716
6,57,308,Furlong,IPS,FUL,DEF,3.9,0.05579416863743478,0.04840917840999018,0.02609756097560976,7.1,0.01377487025918231,0.39029291145011313
6,58,622,Braithwaite,MCI,LIV,DEF,4.0,0.04793263801407854,0.027365645903966607,0.029751219512195125,8.1,0.003101129503715763,0.38931064952128686
6,54,655,Gboho,COV,NEW,MID,5.5,0.14638778268910752,0.0318998245773158,0.021935483870967745,7.5,0.02026111540366447,0.3805331989128321
6,59,435,Lacey,MUN,TOT,MID,4.9,0.11775093160820449,0.019863840282295146,0.012903225806451613,6.7,0.00722546722439836,0.37675298113979516
6,52,661,Balcombe,BRE,AVL,GK,4.0,0.0014481553706701701,0.08831853570075102,0.0,11.2,0.015604507919543589,0.36626008787985365
6,56,285,McNair,HUL,EVE,DEF,4.0,0.04808344565526488,0.05919902509400801,0.02609756097560976,6.7,0.007894776906948606,0.3633325698594407
6,58,396,Vitor Reis,MCI,LIV,DEF,4.5,0.04201502838271082,0.02400495254733913,0.02609756097560976,7.1,0.0029848478184213234,0.34097104623890195
6,52,667,Wright,AVL,BRE,GK,4.0,0.001610688001293532,0.057792537103088126,0.0,11.2,0.015604507919543589,0.3358966219128141
6,52,657,Nunes,BRE,AVL,MID,4.5,0.10563871080073932,0.022729316568295764,0.021935483870967745,7.5,0.014784677158283507,0.32513718077006293
6,54,659,Miley,NEW,COV,MID,4.5,0.09161912380221206,0.020018577656435534,0.021935483870967745,7.5,0.020261115403664473,0.3138832931050564
6,60,651,J.Angulo,SUN,BHA,FWD,4.5,0.17269877314697984,0.0,0.0014105263157894738,5.9,0.006584408285218572,0.30638850029733355
6,53,62,Diakité,BOU,CHE,DEF,4.9,0.0,0.03134777866308667,0.05480487804878049,9.4,0.00877571917391503,0.30455582686617433
6,60,658,Ibrahim,BHA,SUN,MID,4.5,0.0949786666993411,0.014604989973060306,0.021935483870967745,7.5,0.007331219369023393,0.2988993522841691
6,52,35,Bogarde,AVL,BRE,MID,4.9,0.0,0.017933538347748423,0.020387096774193546,8.9,0.012753012920698593,0.29859627332053723
6,51,344,Gruev,LEE,ARS,MID,5.0,0.04584329757283074,0.017072949235700335,0.027096774193548386,8.9,0.008196798152685083,0.2949518525386796
6,58,392,Aït-Nouri,MCI,LIV,DEF,5.3,0.042700759467404314,0.0412885183814233,0.044887804878048776,7.0,0.0034877779506068554,0.2949467350338169
6,56,556,Targett,HUL,EVE,DEF,4.0,0.03726582259465961,0.04499125907144608,0.019834146341463414,5.0,0.007471992854630887,0.2760827236074101
6,59,147,Tosin,TOT,MUN,DEF,4.4,0.0,-0.011336624927685527,0.013570731707317074,6.2,0.006525158351190009,0.2711675918667225
6,56,645,Mouzakitis,HUL,EVE,MID,5.0,0.09336193722249858,0.024599994075287016,0.01729032258064516,5.9,0.008538829653968558,0.2692429575315303
6,57,636,Ángel,FUL,IPS,MID,5.0,0.07683959738040924,0.015960035753678554,0.01729032258064516,5.9,0.014808133908993017,0.25034996362285694
6,52,630,Harwood-Bellis,AVL,BRE,DEF,4.5,0.043937537427746046,0.027051654423448333,0.03497073170731708,5.9,0.012189983204128854,0.24605026271716735
6,56,654,Graham,EVE,HUL,MID,4.5,0.07043595487470794,0.021742190248166662,0.01729032258064516,5.9,0.008538829653968558,0.24345917135661926
6,54,178,Bidwell,COV,NEW,DEF,4.0,0.040824591999647955,0.061296576855476646,0.02609756097560976,4.4,0.01580800604623401,0.23949479794475126
6,58,628,Allan,MCI,LIV,MID,6.0,0.07358278515294961,0.016058183860023792,0.01729032258064516,5.9,0.0031437298839337327,0.2355268954766833
6,58,653,Samba,MCI,LIV,MID,4.5,0.07358278515294961,0.016058183860023792,0.01729032258064516,5.9,0.0031437298839337327,0.2355268954766833
6,59,424,Amass,MUN,TOT,DEF,4.0,0.03744007953276088,0.06690443809690874,0.02609756097560976,4.4,0.0058737351120976755,0.23178387578515994
6,54,189,Shepherd,COV,NEW,MID,4.4,0.0858808325109431,0.018764602692538705,0.012903225806451613,4.4,0.017100440921555195,0.22829117745626426
6,60,613,Ahoka,SUN,BHA,MID,4.5,0.08567953388498431,0.012984798559488725,0.014709677419354838,5.0,0.006393138979639683,0.22613314375798532
6,53,169,Mheuka,CHE,BOU,FWD,4.5,0.1184509312863904,0.0,0.0010526315789473684,4.4,0.008134033022069323,0.22146083100895306
6,56,284,McCarthy,HUL,EVE,DEF,4.0,0.033097571326664355,0.05919902509400801,0.02609756097560976,4.4,0.007270649837000022,0.221132869301065
6,57,303,Kipré,IPS,FUL,DEF,3.9,0.03566519261779478,0.04840917840999018,0.02609756097560976,4.4,0.012609823370958262,0.21824981744213584
6,55,476,O.Richards,NFO,CRY,DEF,4.0,0.03010879342013645,0.053016223084755704,0.02609756097560976,4.4,0.010849977848250847,0.21554061739653566
6,57,626,Zepa,FUL,IPS,MID,4.5,0.06511830286475358,0.013577940865069816,0.014709677419354838,5.0,0.014096436651448333,0.2138683527151443
6,59,437,Bendito Mantato,MUN,TOT,MID,4.4,0.07876098797453146,0.019863840282295146,0.012903225806451613,4.4,0.006354502149763454,0.21152463173781733
6,59,438,Fletcher,MUN,TOT,MID,4.4,0.07876098797453146,0.019863840282295146,0.012903225806451613,4.4,0.006354502149763454,0.21152463173781733
6,59,434,J.Fletcher,MUN,TOT,MID,4.9,0.07876098797453146,0.019863840282295146,0.012903225806451613,4.4,0.006354502149763454,0.21152463173781733
6,57,310,Matusiwa,IPS,FUL,MID,4.9,0.0750272393097222,0.016311003973055602,0.012903225806451613,4.4,0.013641056872931132,0.2115246014869362
6,57,324,Mehmeti,IPS,FUL,MID,4.8,0.0750272393097222,0.016311003973055602,0.012903225806451613,4.4,0.013641056872931132,0.2115246014869362
6,51,3,Meslier,ARS,LEE,GK,4.9,0.0006566476019583159,0.10041184954898662,0.0,4.4,0.006507376601602879,0.2093536515303256
6,51,2,Arrizabalaga,ARS,LEE,GK,4.9,0.0006566476019583159,0.10041184954898662,0.0,4.4,0.006507376601602879,0.2093536515303256
6,57,272,Kusi-Asare,FUL,IPS,FWD,4.5,0.09788494368793689,0.0,0.0010526315789473684,4.4,0.01344112406090148,0.20620193444933171
6,54,623,Bentley,COV,NEW,GK,4.0,0.0008958780191145965,0.07050895161735107,0.0,5.0,0.016537707230661197,0.203553647978238
6,56,292,Ömür,HUL,EVE,MID,4.9,0.06962585148796505,0.01835820453379628,0.012903225806451613,4.4,0.007865531767335222,0.2023948891203238
6,56,294,Zambrano,HUL,EVE,MID,4.5,0.06962585148796505,0.01835820453379628,0.012903225806451613,4.4,0.007865531767335222,0.2023948891203238
6,56,288,Dowell,HUL,EVE,MID,4.5,0.06962585148796505,0.01835820453379628,0.012903225806451613,4.4,0.007865531767335222,0.2023948891203238
6,58,382,Danns,LIV,MCI,FWD,4.5,0.10232399658329798,0.0,0.0010526315789473684,4.4,0.0028532538572705957,0.2000531171410619
6,60,550,Jocelin.T,SUN,BHA,MID,5.0,0.0753979898187862,0.011390174174990109,0.012903225806451613,4.4,0.006186467583999024,0.1995199329090026
6,52,50,Burrowes,AVL,BRE,MID,4.5,0.06893039541492084,0.011350340726423054,0.012903225806451613,4.4,0.012477447114791916,0.19930348458736305
6,55,218,Doucouré,CRY,NFO,MID,4.8,0.06297157615109965,0.014786984671943726,0.012903225806451613,4.4,0.011737478091418747,0.19604134024568937
6,55,221,Drakes-Thomas,CRY,NFO,MID,4.5,0.06297157615109965,0.014786984671943726,0.012903225806451613,4.4,0.011737478091418747,0.19604134024568937
6,53,561,Anselmino,CHE,BOU,DEF,4.5,0.03296354698756961,0.03387146821853404,0.02609756097560976,4.4,0.00763073730355472,0.196031375553051
6,52,92,Ji-soo,BRE,AVL,DEF,4.4,0.02946049997196852,0.032112020010755596,0.02609756097560976,4.4,0.01153408776382624,0.19467223078994303
6,57,270,Reed,FUL,IPS,MID,4.4,0.05730410652098315,0.011910474443043698,0.012903225806451613,4.4,0.013641056872931132,0.1894009391681852
6,52,606,Rowe,AVL,BRE,DEF,4.0,0.03276697706475976,0.020187801808543536,0.02609756097560976,4.4,0.01153408776382624,0.18605448968052218
6,52,38,A.García,AVL,BRE,DEF,4.0,0.03276697706475976,0.020187801808543536,0.02609756097560976,4.4,0.01153408776382624,0.18605448968052218
6,54,172,Wilson,COV,NEW,GK,4.4,0.000788372656820845,0.061732756689631886,0.0,4.4,0.016131383389740264,0.18043029051397078
6,58,378,McConnell,LIV,MCI,MID,4.4,0.059902830598293925,0.010066967809659154,0.012903225806451613,4.4,0.002895734236902256,0.17941083397608257
6,58,374,Endo,LIV,MCI,MID,4.9,0.059902830598293925,0.010066967809659154,0.012903225806451613,4.4,0.002895734236902256,0.17941083397608257
6,60,134,Oriola,BHA,SUN,MID,4.5,0.055720817796946785,0.008591170572388415,0.012903225806451613,4.4,0.006186467583999024,0.17704375728456148
6,60,614,Hadjam,BHA,SUN,DEF,4.5,0.03009957870927001,0.002808277578430482,0.029751219512195125,5.0,0.00584647762746506,0.1769465330498412
6,59,131,Baleba,MUN,TOT,MID,4.9,0.0,0.027014822783921397,0.017548387096774195,4.8,0.005909201074250466,0.17589160901083914
6,53,573,Sanchez,BOU,CHE,DEF,4.4,0.02956289504003283,0.01492751364908889,0.02609756097560976,4.4,0.007630737303554721,0.17368676903606906
6,53,66,Soler,BOU,CHE,DEF,4.0,0.02956289504003283,0.01492751364908889,0.02609756097560976,4.4,0.00763073730355472,0.17368676903606906
6,59,497,Dubravka,TOT,MUN,GK,4.0,0.0,-0.04024118012048758,0.0,9.8,0.007008853637859467,0.1736565624062608
6,59,524,Olusesi,TOT,MUN,MID,4.4,0.05534083167005903,0.00538662888836701,0.012903225806451613,4.4,0.006354502149763455,0.17362726403941678
6,59,601,Williams-Barnett,TOT,MUN,MID,4.5,0.05534083167005903,0.00538662888836701,0.012903225806451613,4.4,0.006354502149763455,0.17362726403941678
6,58,351,Mamardashvili,LIV,MCI,GK,4.9,0.0,0.019257393040959445,0.0,6.7,0.0029763506794143624,0.1722337437203738
6,59,325,Darlow,MUN,TOT,GK,4.5,0.0,0.06609413286318393,0.0,4.7,0.00608789916547629,0.17080829465492287
6,56,273,Phillips,HUL,EVE,GK,4.0,0.0006391544645772531,0.05963520492816325,0.0,4.4,0.0074194875934684,0.16947162476398664
6,58,359,Gomez,LIV,MCI,DEF,4.9,0.03918711602441636,0.012923554250002467,0.02766341463414634,3.6,0.0026237414201024517,0.1671554020862434
6,55,468,John,NFO,CRY,GK,4.5,0.0005814375184082096,0.05345240291891094,0.0,4.4,0.011072031302708838,0.16688364951780577
6,55,590,Benda,NFO,CRY,GK,4.5,0.0005814375184082096,0.05345240291891094,0.0,4.4,0.011072031302708838,0.16688364951780577
6,58,361,Lucky,LIV,MCI,DEF,4.0,0.028475604477725174,0.012192032311323084,0.02609756097560976,4.4,0.0026766370066731394,0.16490989683911406
6,57,301,Palmer,IPS,FUL,GK,4.0,0.000688738362905391,0.04884535824414542,0.0,4.4,0.01286784213379467,0.16417971651862323
6,57,302,Button,IPS,FUL,GK,4.0,0.000688738362905391,0.04884535824414542,0.0,4.4,0.01286784213379467,0.16417971651862323
6,56,227,Travers,EVE,HUL,GK,5.0,0.00048220352280867857,0.04838593618938711,0.0,4.4,0.0074194875934684,0.15806540508344194
6,56,228,King,EVE,HUL,GK,4.5,0.00048220352280867857,0.04838593618938711,0.0,4.4,0.007419487593468401,0.15806540508344194
6,60,117,Coppola,BHA,SUN,DEF,4.5,0.02648762926415761,0.002463401384588136,0.02609756097560976,4.4,0.005718484015484214,0.15623513770762262
6,55,555,Matthews,CRY,NFO,GK,4.0,0.0005780692541390156,0.04053393312939521,0.0,4.4,0.01107203130270884,0.15396181146402085
6,51,604,Cresswell,LEE,ARS,MID,4.5,0.03144787866191606,0.00812997582652397,0.012903225806451613,4.4,0.006898614346267949,0.15302177016593524
6,53,158,Gittens,CHE,BOU,MID,5.8,0.0369626588944339,0.01094251060028524,0.01032258064516129,2.4,0.00733048298925583,0.14855823312913627
6,52,83,Valdimarsson,BRE,AVL,GK,4.5,0.0005689181813347097,0.032548199844910836,0.0,4.4,0.011770118639040067,0.14666501444306337
6,53,560,Penders,CHE,BOU,GK,4.4,0.0006365662911475789,0.03430764805268928,0.0,4.4,0.007786946818882615,0.14450893894049724
6,51,629,Zetterer,LEE,ARS,GK,4.0,0.000387102519297729,4.646436508385461e-05,0.0,5.9,0.006925260236303422,0.1437199382317961
6,51,603,Lienou,LEE,ARS,DEF,4.0,0.014949165932498008,-0.0007222475588466795,0.02609756097560976,4.4,0.006376827571416787,0.14216936898846075
6,53,615,Di Gregorio,BOU,CHE,GK,4.5,0.0006487449488285328,0.01764821956206904,0.0,5.0,0.007983230520854534,0.14189130614286322
6,54,443,Gillespie,NEW,COV,GK,4.5,0.0004934155755398457,0.0231955968762441,0.0,4.4,0.016131383389740264,0.14159817361930196
6,57,251,Lecomte,FUL,IPS,GK,4.0,0.0005260427662824026,0.024003633749841664,0.0,4.4,0.01286784213379467,0.1391752964276965
6,59,510,Rowswell,TOT,MUN,DEF,4.0,0.026306997822400893,-0.02180120178401063,0.02609756097560976,4.4,0.005873735112097675,0.1319451541938806
6,59,509,Byfield,TOT,MUN,DEF,4.0,0.026306997822400893,-0.02180120178401063,0.02609756097560976,4.4,0.005873735112097675,0.1319451541938806
6,59,508,Davies,TOT,MUN,DEF,3.9,0.026306997822400893,-0.02180120178401063,0.02609756097560976,4.4,0.005873735112097675,0.1319451541938806
6,58,587,Rulli,MCI,LIV,GK,5.0,0.0005037466771330338,0.024441132381494368,0.0,4.4,0.002731453144362884,0.12945410998076803
6,58,386,Bettinelli,MCI,LIV,GK,4.5,0.0005037466771330338,0.024441132381494368,0.0,4.4,0.002731453144362884,0.12945410998076803
6,60,531,Ellborg,SUN,BHA,GK,4.5,0.000692141794792375,0.02086636904295768,0.0,4.4,0.005835570752194871,0.1291718593677227
6,53,58,Forster,BOU,CHE,GK,4.0,0.0005708955549691089,0.015363693483244128,0.0,4.4,0.007786946818882615,0.12549931363487363
6,51,625,Cairns,LEE,ARS,GK,4.0,0.0003280529824557026,-0.00019250821497751288,0.0,5.0,0.006671417325541811,0.12241807320413112
6,58,355,Davies,LIV,MCI,GK,4.0,0.0005498986482676259,0.012628212145478322,0.0,4.4,0.002731453144362884,0.11768734171588663
6,58,352,Woodman,LIV,MCI,GK,4.0,0.0005498986482676259,0.012628212145478322,0.0,4.4,0.002731453144362884,0.11768734171588663
6,60,111,Steele,BHA,SUN,GK,4.0,0.0005115084225716102,0.0028995812187433746,0.0,4.4,0.005835570752194871,0.11102443817128765
6,53,152,Palestra,CHE,BOU,DEF,5.3,0.016481773493784806,0.01693573410926702,0.01304878048780488,2.2,0.007035959782377995,0.10173627890712614
6,59,495,Austin,TOT,MUN,GK,4.0,0.0005080202091524938,-0.02136502194985539,0.0,4.4,0.0059940190860296935,0.0869147951231046
6,54,444,Jaouen,NEW,COV,GK,4.4,0.00024670778776992284,0.011437212342726212,0.0,2.2,0.014724996605983767,0.07779780562536878
6,55,489,Yates,NFO,CRY,MID,4.5,0.01930634563788411,0.006870404734606484,0.005161290322580645,1.7,0.010061036699027545,0.07492731659675658
6,54,171,Dovin,COV,NEW,GK,4.0,0.0,0.0,0.0,0.0,0.013441091962755626,0.013441091962755626
6,54,174,Kitching,COV,NEW,DEF,4.0,0.0,0.0,0.0,0.0,0.013441091962755626,0.013441091962755626
6,54,177,Kesler-Hayden,COV,NEW,DEF,3.9,0.0,0.0,0.0,0.0,0.013441091962755626,0.013441091962755626
6,54,180,Woolfenden,COV,NEW,DEF,4.0,0.0,0.0,0.0,0.0,0.013441091962755626,0.013441091962755626
6,54,181,Brau,COV,NEW,DEF,4.0,0.0,0.0,0.0,0.0,0.013441091962755626,0.013441091962755626
6,54,182,Amenda,COV,NEW,DEF,4.0,0.0,0.0,0.0,0.0,0.013441091962755626,0.013441091962755626
6,54,187,Eccles,COV,NEW,MID,4.8,0.0,0.0,0.0,0.0,0.013441091962755626,0.013441091962755626
6,54,191,Borges Rodrigues,COV,NEW,MID,4.5,0.0,0.0,0.0,0.0,0.013441091962755626,0.013441091962755626
6,54,192,Andrews,COV,NEW,MID,4.5,0.0,0.0,0.0,0.0,0.013441091962755626,0.013441091962755626
6,54,193,Wright,COV,NEW,FWD,5.4,0.0,0.0,0.0,0.0,0.013441091962755626,0.013441091962755626
6,54,196,Markelo,COV,NEW,FWD,5.0,0.0,0.0,0.0,0.0,0.013441091962755626,0.013441091962755626
6,54,197,Bassette,COV,NEW,FWD,4.5,0.0,0.0,0.0,0.0,0.013441091962755626,0.013441091962755626
6,54,492,Awoniyi,COV,NEW,FWD,5.4,0.0,0.0,0.0,0.0,0.013441091962755626,0.013441091962755626
6,54,448,Burn,NEW,COV,DEF,4.8,0.0,0.0,0.0,0.0,0.013441091962755626,0.013441091962755626
6,54,451,A.Murphy,NEW,COV,DEF,4.0,0.0,0.0,0.0,0.0,0.013441091962755626,0.013441091962755626
6,54,463,Woltemade,NEW,COV,FWD,5.9,0.0,0.0,0.0,0.0,0.013441091962755626,0.013441091962755626
6,54,465,Osula,NEW,COV,FWD,5.8,0.0,0.0,0.0,0.0,0.013441091962755626,0.013441091962755626
6,54,466,Neave,NEW,COV,FWD,4.5,0.0,0.0,0.0,0.0,0.013441091962755626,0.013441091962755626
6,54,454,Elanga,NEW,COV,MID,6.1,0.0,0.0,0.0,0.0,0.013441091962755626,0.013441091962755626
6,54,456,J.Ramsey,NEW,COV,MID,4.9,0.0,0.0,0.0,0.0,0.013441091962755626,0.013441091962755626
6,54,458,Joelinton,NEW,COV,MID,5.4,0.0,0.0,0.0,0.0,0.013441091962755626,0.013441091962755626
6,54,593,Dedić,NEW,COV,DEF,4.5,0.0,0.0,0.0,0.0,0.013441091962755626,0.013441091962755626
6,54,609,Shahar,NEW,COV,DEF,4.0,0.0,0.0,0.0,0.0,0.013441091962755626,0.013441091962755626
6,57,311,Burns,IPS,FUL,MID,5.0,0.0,0.0,0.0,0.0,0.010721372139299589,0.010721372139299589
6,57,312,Taylor,IPS,FUL,MID,4.4,0.0,0.0,0.0,0.0,0.010721372139299589,0.010721372139299589
6,57,314,Ogbene,IPS,FUL,MID,4.9,0.0,0.0,0.0,0.0,0.010721372139299589,0.010721372139299589
6,57,315,Fatawu,IPS,FUL,MID,5.4,0.0,0.0,0.0,0.0,0.010721372139299589,0.010721372139299589
6,57,317,Hirst,IPS,FUL,FWD,5.0,0.0,0.0,0.0,0.0,0.010721372139299589,0.010721372139299589
6,57,319,Szmodics,IPS,FUL,MID,5.0,0.0,0.0,0.0,0.0,0.010721372139299589,0.010721372139299589
6,57,322,Al-Hamadi,IPS,FUL,FWD,5.0,0.0,0.0,0.0,0.0,0.010721372139299589,0.010721372139299589
6,57,554,Van Oevelen,IPS,FUL,GK,4.5,0.0,0.0,0.0,0.0,0.010721372139299589,0.010721372139299589
6,57,602,Humphreys,IPS,FUL,MID,4.5,0.0,0.0,0.0,0.0,0.010721372139299589,0.010721372139299589
6,57,307,Johnson,IPS,FUL,DEF,4.0,0.0,0.0,0.0,0.0,0.010721372139299589,0.010721372139299589
6,57,252,McNally,FUL,IPS,GK,4.0,0.0,0.0,0.0,0.0,0.010721372139299589,0.010721372139299589
6,57,266,Cairney,FUL,IPS,MID,4.9,0.0,0.0,0.0,0.0,0.010721372139299589,0.010721372139299589
6,57,610,De Fougerolles,FUL,IPS,DEF,4.0,0.0,0.0,0.0,0.0,0.010721372139299589,0.010721372139299589
6,52,39,Nedeljkovic,AVL,BRE,DEF,4.0,0.0,0.0,0.0,0.0,0.0098065957538018,0.0098065957538018
6,52,44,Bailey,AVL,BRE,MID,5.4,0.0,0.0,0.0,0.0,0.0098065957538018,0.0098065957538018
6,52,48,Onana,AVL,BRE,MID,4.9,0.0,0.0,0.0,0.0,0.0098065957538018,0.0098065957538018
6,52,49,Iling Jr,AVL,BRE,MID,5.0,0.0,0.0,0.0,0.0,0.0098065957538018,0.0098065957538018
6,52,36,Maatsen,AVL,BRE,DEF,4.4,0.0,0.0,0.0,0.0,0.0098065957538018,0.0098065957538018
6,52,607,Lynch,AVL,BRE,MID,4.5,0.0,0.0,0.0,0.0,0.0098065957538018,0.0098065957538018
6,52,618,Goretzka,AVL,BRE,MID,5.9,0.0,0.0,0.0,0.0,0.0098065957538018,0.0098065957538018
6,52,55,Watkins,AVL,BRE,FWD,7.8,0.0,0.0,0.0,0.0,0.0098065957538018,0.0098065957538018
6,52,582,Madjo,AVL,BRE,FWD,5.4,0.0,0.0,0.0,0.0,0.0098065957538018,0.0098065957538018
6,52,34,Pau,AVL,BRE,DEF,4.5,0.0,0.0,0.0,0.0,0.0098065957538018,0.0098065957538018
6,52,30,Digne,AVL,BRE,DEF,4.5,0.0,0.0,0.0,0.0,0.0098065957538018,0.0098065957538018
6,52,29,M.Bizot,AVL,BRE,GK,4.5,0.0,0.0,0.0,0.0,0.0098065957538018,0.0098065957538018
6,52,103,Dasilva,BRE,AVL,MID,4.9,0.0,0.0,0.0,0.0,0.0098065957538018,0.0098065957538018
6,52,107,Furo,BRE,AVL,FWD,4.5,0.0,0.0,0.0,0.0,0.0098065957538018,0.0098065957538018
6,52,99,Milambo,BRE,AVL,MID,5.0,0.0,0.0,0.0,0.0,0.0098065957538018,0.0098065957538018
6,52,84,Collins,BRE,AVL,DEF,5.4,0.0,0.0,0.0,0.0,0.0098065957538018,0.0098065957538018
6,52,85,Van den Berg,BRE,AVL,DEF,4.9,0.0,0.0,0.0,0.0,0.0098065957538018,0.0098065957538018
6,52,97,Jensen,BRE,AVL,MID,5.4,0.0,0.0,0.0,0.0,0.0098065957538018,0.0098065957538018
6,55,205,Sosa,CRY,NFO,DEF,4.5,0.0,0.0,0.0,0.0,0.0092248125462626,0.0092248125462626
6,55,198,Henderson,CRY,NFO,GK,5.0,0.0,0.0,0.0,0.0,0.0092248125462626,0.0092248125462626
6,55,225,Uche,CRY,NFO,FWD,5.0,0.0,0.0,0.0,0.0,0.0092248125462626,0.0092248125462626
6,55,153,Disasi,CRY,NFO,DEF,4.5,0.0,0.0,0.0,0.0,0.0092248125462626,0.0092248125462626
6,55,215,Devenny,CRY,NFO,MID,5.0,0.0,0.0,0.0,0.0,0.0092248125462626,0.0092248125462626
6,55,206,Chadi Riad,CRY,NFO,DEF,4.3,0.0,0.0,0.0,0.0,0.0092248125462626,0.0092248125462626
6,55,216,Esse,CRY,NFO,MID,5.0,0.0,0.0,0.0,0.0,0.0092248125462626,0.0092248125462626
6,55,223,Mateta,CRY,NFO,FWD,6.3,0.0,0.0,0.0,0.0,0.0092248125462626,0.0092248125462626
6,55,217,M.França,CRY,NFO,MID,4.9,0.0,0.0,0.0,0.0,0.0092248125462626,0.0092248125462626
6,55,219,J.Rak-Sakyi,CRY,NFO,MID,4.9,0.0,0.0,0.0,0.0,0.0092248125462626,0.0092248125462626
6,55,220,Cardines,CRY,NFO,DEF,4.5,0.0,0.0,0.0,0.0,0.0092248125462626,0.0092248125462626
6,55,470,Morato,NFO,CRY,DEF,5.0,0.0,0.0,0.0,0.0,0.0092248125462626,0.0092248125462626
6,55,471,Milenković,NFO,CRY,DEF,5.4,0.0,0.0,0.0,0.0,0.0092248125462626,0.0092248125462626
6,55,479,Bindon,NFO,CRY,DEF,4.0,0.0,0.0,0.0,0.0,0.0092248125462626,0.0092248125462626
6,55,477,Abbott,NFO,CRY,DEF,4.0,0.0,0.0,0.0,0.0,0.0092248125462626,0.0092248125462626
6,55,475,Savona,NFO,CRY,DEF,4.5,0.0,0.0,0.0,0.0,0.0092248125462626,0.0092248125462626
6,55,485,Bakwa,NFO,CRY,MID,5.5,0.0,0.0,0.0,0.0,0.0092248125462626,0.0092248125462626
6,55,484,Hutchinson,NFO,CRY,MID,5.4,0.0,0.0,0.0,0.0,0.0092248125462626,0.0092248125462626
6,53,140,Sánchez,CHE,BOU,GK,4.9,0.0,0.0,0.0,0.0,0.006487520267494203,0.006487520267494203
6,53,163,D.Essugo,CHE,BOU,MID,4.5,0.0,0.0,0.0,0.0,0.006487520267494203,0.006487520267494203
6,53,168,Marc Guiu,CHE,BOU,FWD,5.0,0.0,0.0,0.0,0.0,0.006487520267494203,0.006487520267494203
6,53,170,Emegha,CHE,BOU,FWD,5.0,0.0,0.0,0.0,0.0,0.006487520267494203,0.006487520267494203
6,53,143,Chalobah,CHE,BOU,DEF,5.5,0.0,0.0,0.0,0.0,0.006487520267494203,0.006487520267494203
6,53,146,B.Badiashile,CHE,BOU,DEF,4.5,0.0,0.0,0.0,0.0,0.006487520267494203,0.006487520267494203
6,53,150,M.Sarr,CHE,BOU,DEF,4.5,0.0,0.0,0.0,0.0,0.006487520267494203,0.006487520267494203
6,53,141,Jörgensen,CHE,BOU,GK,5.0,0.0,0.0,0.0,0.0,0.006487520267494203,0.006487520267494203
6,53,59,Dennis,BOU,CHE,GK,4.0,0.0,0.0,0.0,0.0,0.006487520267494203,0.006487520267494203
6,53,63,Milosavljević,BOU,CHE,DEF,4.9,0.0,0.0,0.0,0.0,0.006487520267494203,0.006487520267494203
6,53,65,J.Araujo,BOU,CHE,DEF,4.4,0.0,0.0,0.0,0.0,0.006487520267494203,0.006487520267494203
6,53,70,Kluivert,BOU,CHE,MID,6.0,0.0,0.0,0.0,0.0,0.006487520267494203,0.006487520267494203
6,53,77,Adli,BOU,CHE,MID,4.9,0.0,0.0,0.0,0.0,0.006487520267494203,0.006487520267494203
6,53,78,Kroupi.Jr,BOU,CHE,MID,7.4,0.0,0.0,0.0,0.0,0.006487520267494203,0.006487520267494203
6,53,80,Enes Ünal,BOU,CHE,FWD,5.5,0.0,0.0,0.0,0.0,0.006487520267494203,0.006487520267494203
6,56,298,Destan,HUL,EVE,FWD,4.5,0.0,0.0,0.0,0.0,0.006181382452092474,0.006181382452092474
6,56,297,Gyabi,HUL,EVE,MID,4.4,0.0,0.0,0.0,0.0,0.006181382452092474,0.006181382452092474
6,56,296,Akintola,HUL,EVE,MID,5.0,0.0,0.0,0.0,0.0,0.006181382452092474,0.006181382452092474
6,56,293,Kamara,HUL,EVE,MID,5.0,0.0,0.0,0.0,0.0,0.006181382452092474,0.006181382452092474
6,56,291,Matazo,HUL,EVE,MID,4.5,0.0,0.0,0.0,0.0,0.006181382452092474,0.006181382452092474
6,56,287,Millar,HUL,EVE,MID,5.0,0.0,0.0,0.0,0.0,0.006181382452092474,0.006181382452092474
6,56,299,Burstow,HUL,EVE,FWD,4.5,0.0,0.0,0.0,0.0,0.006181382452092474,0.006181382452092474
6,56,563,Morita,HUL,EVE,MID,5.0,0.0,0.0,0.0,0.0,0.006181382452092474,0.006181382452092474
6,56,632,Ansah,HUL,EVE,FWD,5.0,0.0,0.0,0.0,0.0,0.006181382452092474,0.006181382452092474
6,56,274,Butland,HUL,EVE,GK,4.4,0.0,0.0,0.0,0.0,0.006181382452092474,0.006181382452092474
6,56,275,Cartwright,HUL,EVE,GK,4.0,0.0,0.0,0.0,0.0,0.006181382452092474,0.006181382452092474
6,56,276,Lo-Tutala,HUL,EVE,GK,4.0,0.0,0.0,0.0,0.0,0.006181382452092474,0.006181382452092474
6,56,278,Hughes,HUL,EVE,DEF,3.9,0.0,0.0,0.0,0.0,0.006181382452092474,0.006181382452092474
6,56,281,Drameh,HUL,EVE,DEF,4.0,0.0,0.0,0.0,0.0,0.006181382452092474,0.006181382452092474
6,56,283,Jacob,HUL,EVE,DEF,4.0,0.0,0.0,0.0,0.0,0.006181382452092474,0.006181382452092474
6,56,234,Patterson,EVE,HUL,DEF,4.5,0.0,0.0,0.0,0.0,0.006181382452092474,0.006181382452092474
6,56,246,Röhl,EVE,HUL,MID,4.9,0.0,0.0,0.0,0.0,0.006181382452092474,0.006181382452092474
6,56,235,Aznou,EVE,HUL,DEF,4.0,0.0,0.0,0.0,0.0,0.006181382452092474,0.006181382452092474
6,56,248,Beto,EVE,HUL,FWD,5.4,0.0,0.0,0.0,0.0,0.006181382452092474,0.006181382452092474
6,56,21,Nørgaard,EVE,HUL,MID,4.9,0.0,0.0,0.0,0.0,0.006181382452092474,0.006181382452092474
6,51,6,Saliba,ARS,LEE,DEF,5.9,0.0,0.0,0.0,0.0,0.005421416725515587,0.005421416725515587
6,51,27,G.Jesus,ARS,LEE,FWD,5.9,0.0,0.0,0.0,0.0,0.005421416725515587,0.005421416725515587
6,51,24,Nelson,ARS,LEE,MID,5.5,0.0,0.0,0.0,0.0,0.005421416725515587,0.005421416725515587
6,51,23,Fábio Vieira,ARS,LEE,MID,5.5,0.0,0.0,0.0,0.0,0.005421416725515587,0.005421416725515587
6,51,22,Nwaneri,ARS,LEE,MID,5.4,0.0,0.0,0.0,0.0,0.005421416725515587,0.005421416725515587
6,51,18,Martinelli,ARS,LEE,MID,6.3,0.0,0.0,0.0,0.0,0.005421416725515587,0.005421416725515587
6,51,342,Harrison,LEE,ARS,MID,5.0,0.0,0.0,0.0,0.0,0.005421416725515586,0.005421416725515586
6,51,341,Gnonto,LEE,ARS,MID,5.0,0.0,0.0,0.0,0.0,0.005421416725515586,0.005421416725515586
6,51,333,Bornauw,LEE,ARS,DEF,4.5,0.0,0.0,0.0,0.0,0.005421416725515586,0.005421416725515586
6,51,329,Rodon,LEE,ARS,DEF,4.3,0.0,0.0,0.0,0.0,0.005421416725515586,0.005421416725515586
6,51,349,Mateo Joseph,LEE,ARS,FWD,4.5,0.0,0.0,0.0,0.0,0.005421416725515586,0.005421416725515586
6,51,348,Piroe,LEE,ARS,FWD,5.0,0.0,0.0,0.0,0.0,0.005421416725515586,0.005421416725515586
6,51,260,Wilson,LEE,ARS,MID,6.2,0.0,0.0,0.0,0.0,0.005421416725515586,0.005421416725515586
6,51,326,Perri,LEE,ARS,GK,4.5,0.0,0.0,0.0,0.0,0.005421416725515586,0.005421416725515586
6,59,413,Bayindir,MUN,TOT,GK,4.5,0.0,0.0,0.0,0.0,0.004993490285427868,0.004993490285427868
6,59,414,Heaton,MUN,TOT,GK,4.0,0.0,0.0,0.0,0.0,0.004993490285427868,0.004993490285427868
6,59,416,De Ligt,MUN,TOT,DEF,5.0,0.0,0.0,0.0,0.0,0.004993490285427868,0.004993490285427868
6,59,425,Fredricson,MUN,TOT,DEF,4.0,0.0,0.0,0.0,0.0,0.004993490285427868,0.004993490285427868
6,59,431,Amad,MUN,TOT,MID,5.7,0.0,0.0,0.0,0.0,0.004993490285427868,0.004993490285427868
6,59,433,Ugarte,MUN,TOT,MID,5.0,0.0,0.0,0.0,0.0,0.004993490285427868,0.004993490285427868
6,59,436,Collyer,MUN,TOT,MID,5.0,0.0,0.0,0.0,0.0,0.004993490285427868,0.004993490285427868
6,59,441,Obi,MUN,TOT,FWD,4.5,0.0,0.0,0.0,0.0,0.004993490285427868,0.004993490285427868
6,59,518,P.M.Sarr,TOT,MUN,MID,4.9,0.0,0.0,0.0,0.0,0.004993490285427868,0.004993490285427868
6,59,521,Kulusevski,TOT,MUN,MID,6.5,0.0,0.0,0.0,0.0,0.004993490285427868,0.004993490285427868
6,59,517,Odobert,TOT,MUN,MID,5.5,0.0,0.0,0.0,0.0,0.004993490285427868,0.004993490285427868
6,59,528,Scarlett,TOT,MUN,FWD,4.5,0.0,0.0,0.0,0.0,0.004993490285427868,0.004993490285427868
6,59,578,Mudryk,TOT,MUN,MID,5.3,0.0,0.0,0.0,0.0,0.004993490285427868,0.004993490285427868
6,59,523,Moore,TOT,MUN,MID,5.0,0.0,0.0,0.0,0.0,0.004993490285427868,0.004993490285427868
6,59,527,Richarlison,TOT,MUN,FWD,5.9,0.0,0.0,0.0,0.0,0.004993490285427868,0.004993490285427868
6,59,511,Souza,TOT,MUN,DEF,4.0,0.0,0.0,0.0,0.0,0.004993490285427868,0.004993490285427868
6,59,513,Xavi,TOT,MUN,MID,5.9,0.0,0.0,0.0,0.0,0.004993490285427868,0.004993490285427868
6,59,494,Vicario,TOT,MUN,GK,4.5,0.0,0.0,0.0,0.0,0.004993490285427868,0.004993490285427868
6,59,500,Romero,TOT,MUN,DEF,5.0,0.0,0.0,0.0,0.0,0.004993490285427868,0.004993490285427868
6,59,505,Spence,TOT,MUN,DEF,4.5,0.0,0.0,0.0,0.0,0.004993490285427868,0.004993490285427868
6,59,507,Phillips,TOT,MUN,DEF,4.5,0.0,0.0,0.0,0.0,0.004993490285427868,0.004993490285427868
6,60,543,Diarra,SUN,BHA,MID,5.4,0.0,0.0,0.0,0.0,0.004861614779235153,0.004861614779235153
6,60,530,Patterson,SUN,BHA,GK,4.0,0.0,0.0,0.0,0.0,0.004861614779235153,0.004861614779235153
6,60,537,Seelt,SUN,BHA,DEF,4.5,0.0,0.0,0.0,0.0,0.004861614779235153,0.004861614779235153
6,60,538,Hjelde,SUN,BHA,DEF,4.0,0.0,0.0,0.0,0.0,0.004861614779235153,0.004861614779235153
6,60,540,Masuaku,SUN,BHA,DEF,4.0,0.0,0.0,0.0,0.0,0.004861614779235153,0.004861614779235153
6,60,546,Adingra,SUN,BHA,MID,4.9,0.0,0.0,0.0,0.0,0.004861614779235153,0.004861614779235153
6,60,547,Mundle,SUN,BHA,MID,4.9,0.0,0.0,0.0,0.0,0.004861614779235153,0.004861614779235153
6,60,139,Ferguson,BHA,SUN,FWD,5.0,0.0,0.0,0.0,0.0,0.004861614779235153,0.004861614779235153
6,60,137,Tzimas,BHA,SUN,FWD,5.4,0.0,0.0,0.0,0.0,0.004861614779235153,0.004861614779235153
6,60,135,Yohanna,BHA,SUN,MID,4.9,0.0,0.0,0.0,0.0,0.004861614779235153,0.004861614779235153
6,60,133,Watson,BHA,SUN,MID,5.0,0.0,0.0,0.0,0.0,0.004861614779235153,0.004861614779235153
6,60,132,Howell,BHA,SUN,MID,4.5,0.0,0.0,0.0,0.0,0.004861614779235153,0.004861614779235153
6,60,624,Cozier-Duberry,BHA,SUN,MID,5.0,0.0,0.0,0.0,0.0,0.004861614779235153,0.004861614779235153
6,60,652,Azeez,BHA,SUN,MID,5.5,0.0,0.0,0.0,0.0,0.004861614779235153,0.004861614779235153
6,60,118,Igor,BHA,SUN,DEF,4.5,0.0,0.0,0.0,0.0,0.004861614779235153,0.004861614779235153
6,60,121,Mitoma,BHA,SUN,MID,5.9,0.0,0.0,0.0,0.0,0.004861614779235153,0.004861614779235153
6,60,122,Minteh,BHA,SUN,MID,5.8,0.0,0.0,0.0,0.0,0.004861614779235153,0.004861614779235153
6,60,123,Hinshelwood,BHA,SUN,MID,5.9,0.0,0.0,0.0,0.0,0.004861614779235153,0.004861614779235153
6,60,130,Wieffer,BHA,SUN,DEF,4.9,0.0,0.0,0.0,0.0,0.004861614779235153,0.004861614779235153
6,60,128,Buonanotte,BHA,SUN,MID,5.0,0.0,0.0,0.0,0.0,0.004861614779235153,0.004861614779235153
6,58,353,Pecsi,LIV,MCI,GK,4.0,0.0,0.0,0.0,0.0,0.002275493399405733,0.002275493399405733
6,58,354,Jaros,LIV,MCI,GK,4.0,0.0,0.0,0.0,0.0,0.002275493399405733,0.002275493399405733
6,58,360,Bradley,LIV,MCI,DEF,5.0,0.0,0.0,0.0,0.0,0.002275493399405733,0.002275493399405733
6,58,363,Leoni,LIV,MCI,DEF,4.0,0.0,0.0,0.0,0.0,0.002275493399405733,0.002275493399405733
6,58,365,Ramsay,LIV,MCI,DEF,4.0,0.0,0.0,0.0,0.0,0.002275493399405733,0.002275493399405733
6,58,370,Chiesa,LIV,MCI,MID,5.3,0.0,0.0,0.0,0.0,0.002275493399405733,0.002275493399405733
6,58,373,C.Jones,LIV,MCI,MID,5.5,0.0,0.0,0.0,0.0,0.002275493399405733,0.002275493399405733
6,58,376,Bajcetic,LIV,MCI,MID,5.0,0.0,0.0,0.0,0.0,0.002275493399405733,0.002275493399405733
6,58,380,Ekitiké,LIV,MCI,FWD,7.4,0.0,0.0,0.0,0.0,0.002275493399405733,0.002275493399405733
6,58,383,Elliott,LIV,MCI,MID,5.4,0.0,0.0,0.0,0.0,0.002275493399405733,0.002275493399405733
6,58,394,Alleyne,MCI,LIV,DEF,5.0,0.0,0.0,0.0,0.0,0.002275493399405733,0.002275493399405733
6,58,398,Foden,MCI,LIV,MID,6.9,0.0,0.0,0.0,0.0,0.002275493399405733,0.002275493399405733
6,58,410,Monga,MCI,LIV,MID,4.9,0.0,0.0,0.0,0.0,0.002275493399405733,0.002275493399405733
6,58,409,Mukasa,MCI,LIV,MID,4.5,0.0,0.0,0.0,0.0,0.002275493399405733,0.002275493399405733
6,58,408,Phillips,MCI,LIV,MID,5.0,0.0,0.0,0.0,0.0,0.002275493399405733,0.002275493399405733
6,58,407,Echeverri,MCI,LIV,MID,4.9,0.0,0.0,0.0,0.0,0.002275493399405733,0.002275493399405733
6,58,404,Reijnders,MCI,LIV,MID,6.0,0.0,0.0,0.0,0.0,0.002275493399405733,0.002275493399405733
6,58,402,Rodrigo,MCI,LIV,MID,6.5,0.0,0.0,0.0,0.0,0.002275493399405733,0.002275493399405733
7,67,411,Haaland,MCI,IPS,FWD,15.6,4.776176186796631,0.0,0.007073684210526316,84.7,2.3289872267822593,8.928946884447054
7,66,426,B.Fernandes,MUN,LEE,MID,11.9,3.3389205626965524,0.2275046464016247,0.08738709677419355,85.7,2.500362961203944,7.939918408111462
7,63,124,Groß,BHA,CRY,MID,5.8,2.3350810215335986,0.3209322290335674,0.08661290322580645,85.5,2.1210134957862135,6.479899707369806
7,69,12,Saka,ARS,NFO,MID,9.5,2.443150735903857,0.3934133557810291,0.08099999999999999,73.8,1.0004308117536194,5.607405911131365
7,67,397,Semenyo,MCI,IPS,MID,8.4,2.5324624157628524,0.3658228970277971,0.08864516129032259,86.6,0.7771728310563562,5.549773759682783
7,61,68,Tavernier,BOU,SUN,MID,6.1,2.1136331391408665,0.23901215676491927,0.0847741935483871,79.3,1.2731457234429508,5.2554849348949
7,64,40,Rogers,CHE,EVE,MID,7.7,2.1816829042191443,0.21185723965481604,0.09,86.7,0.959696059360783,5.170226517037575
7,69,4,Gabriel,ARS,NFO,DEF,8.0,0.7726184330768247,1.476736501204326,0.6052865853658537,83.1,0.6673677420767956,5.082199895332616
7,66,427,Mbeumo,MUN,LEE,MID,7.9,2.6487843983623782,0.22070218189127713,0.0847741935483871,82.0,0.39695915923968367,5.006870359172045
7,67,388,Guéhi,MCI,IPS,DEF,6.0,1.4043919499439035,1.2178508549299656,0.17674573170731708,86.3,0.41078849882639484,4.982114697745243
7,64,236,Dewsbury-Hall,EVE,CHE,MID,6.6,2.313293317707384,0.24756699042166572,0.08419354838709678,82.2,0.6864137981734105,4.940110161922403
7,63,115,De Cuyper,BHA,CRY,DEF,4.9,1.920114477036446,0.8944221593873931,0.15364939024390245,67.1,0.45664783819612753,4.8508791560213105
7,70,112,Van Hecke,TOT,COV,DEF,4.9,1.0708235123050578,0.9917787583179327,0.41319329268292687,88.4,0.6825055329582973,4.845817002995074
7,64,229,Tarkowski,EVE,CHE,DEF,6.1,0.568544059827325,0.6774635666216213,0.8662902439024391,87.6,0.9361568067056278,4.8226635222658585
7,62,106,Thiago,BRE,LIV,FWD,7.8,3.0132972192354726,0.0,0.007231578947368421,85.9,0.1793367335942186,4.813168804209174
7,69,480,Gibbs-White,NFO,ARS,MID,8.0,1.6573986400911012,0.2507326946731289,0.08738709677419355,85.4,0.8796876128436297,4.722184497080597
7,62,368,Szoboszlai,LIV,BRE,MID,7.0,1.5686352565465318,0.17671682392863844,0.3152177419354839,85.5,0.9247181170450053,4.65642857392727
7,62,94,Schade,BRE,LIV,MID,6.2,1.9807484914053162,0.2363243771414069,0.08545161290322581,81.9,0.5070024079001032,4.532549096409167
7,68,449,Hall,NEW,AVL,DEF,5.3,0.7547653407104546,0.5359357733905525,0.7859030487804878,78.4,0.7964337285671858,4.508348781831123
7,66,335,Stach,LEE,MUN,MID,6.0,1.5665612157327358,0.16910679832801867,0.7256854838709678,79.9,0.30699915856177984,4.480994759852364
7,67,399,Cherki,MCI,IPS,MID,7.8,2.1729237716036596,0.2819552022943501,0.09109677419354838,54.3,0.5054472652765662,4.458281203316812
7,61,542,E.Le Fée,SUN,BOU,MID,5.7,1.8838213992427162,0.20882137571476414,0.08603225806451613,82.8,0.49071016775168885,4.4253684918811205
7,69,1,Raya,ARS,NFO,GK,6.1,0.002409636024805426,2.00454002099849,0.0,87.6,0.5030519145777516,4.384652677252153
7,61,67,Rayan,BOU,SUN,MID,6.3,2.1013787703274547,0.23737508719803627,0.08419354838709678,79.0,0.17360863311865152,4.352097689511288
7,61,69,Scott,BOU,SUN,MID,6.1,0.8831467649938036,0.24446905532119598,0.5347096774193548,82.5,0.9909077048930478,4.33823849583341
7,70,173,Thomas,COV,TOT,DEF,4.0,0.631699413585584,0.8148818783905463,0.7934689024390245,76.7,0.27281435244864716,4.171295968358971
7,66,346,Calvert-Lewin,LEE,MUN,FWD,6.0,2.501568233069466,0.0,0.006907894736842106,78.7,0.13117456125615892,4.149597959337802
7,64,249,Barry,EVE,CHE,FWD,5.6,2.40372083465333,0.0,0.006402631578947369,70.0,0.12222251406857382,4.142914316546561
7,63,504,Vuskovic,BHA,CRY,DEF,5.0,0.693297293925754,0.9559492888229588,0.5837189024390245,76.7,0.1814060338899363,4.072802940572843
7,63,109,Verbruggen,BHA,CRY,GK,4.5,0.07598128652679532,1.5926294173442264,0.0,88.2,0.5125136842483096,4.0409234311815325
7,61,566,Silva,BOU,SUN,DEF,5.0,0.9110627665557989,0.5649342164978064,1.0032189024390243,78.3,0.058842797360972594,4.037767268792536
7,65,250,Leno,FUL,HUL,GK,4.5,0.0,1.8045762110828303,0.0,88.2,0.3419619052704164,4.006337159415448
7,68,453,Barnes,NEW,AVL,MID,6.1,1.558556701303717,0.2137622816372534,0.07722580645161291,73.7,0.5145601436208472,3.989500114971401
7,69,8,Calafiori,ARS,NFO,DEF,5.8,0.646465296729213,1.3884717907875155,0.16010853658536586,70.2,0.20943093585935535,3.974644740087342
7,65,569,Gonzalo,FUL,HUL,FWD,6.0,2.085733104199642,0.0,0.0066236842105263155,75.2,0.215498357190862,3.951090174290559
7,67,391,Gvardiol,MCI,IPS,DEF,5.7,0.9955910908087545,1.0492668495409891,0.15227926829268293,70.9,0.2709005119353217,3.9428611591784475
7,66,428,Cunha,MUN,LEE,MID,7.9,1.560737002063922,0.21742692120110976,0.08351612903225807,75.1,0.353669692574084,3.9276395103858808
7,62,356,Virgil,LIV,BRE,DEF,6.5,0.6996861336528458,0.18374005839273755,0.8719646341463415,88.2,0.41456168331234783,3.926593657829632
7,67,481,Anderson,MCI,IPS,MID,6.3,0.9265170131671795,0.3714140766766935,0.555,83.4,0.3521795683927552,3.9221351578580927
7,68,445,Thiaw,NEW,AVL,DEF,5.0,0.5488489229934873,0.5733416396440449,0.8407554878048781,84.7,0.13588589004983687,3.8704627201075024
7,68,41,Buendía,AVL,NEW,MID,5.9,1.427483438455857,0.19815751305398996,0.281233870967742,66.1,0.34960832699851635,3.799653187419258
7,65,261,Iwobi,FUL,HUL,MID,5.4,1.1322955283955303,0.32644007262246444,0.08351612903225807,75.4,0.5275311646593026,3.797539877657563
7,61,544,Xhaka,SUN,BOU,MID,5.5,0.7266369420113024,0.20741200759970385,0.5269516129032258,84.2,0.8021695576896044,3.7874168585281343
7,63,127,Gomez,BHA,CRY,MID,5.0,1.4658054830436655,0.30264447073109596,0.2926774193548387,74.7,0.1510380716493183,3.776917860620723
7,65,286,Belloumi,HUL,FUL,MID,5.1,0.9660144456111595,0.2331661733922896,0.33250691244239633,71.2,0.6650814538199447,3.763988208493494
7,67,390,Rúben,MCI,IPS,DEF,5.5,0.7163837048320852,1.1207464678259154,0.1626530487804878,78.9,0.1092429586234838,3.762666623769737
7,67,384,Donnarumma,MCI,IPS,GK,5.5,0.0,1.8252194294488189,0.0,87.4,0.15452287899524672,3.7401077273388963
7,64,226,Pickford,EVE,CHE,GK,5.5,0.007457821583544331,1.3124514253571995,0.0,88.2,0.5581120290810682,3.72375333343808
7,69,15,Ødegaard,ARS,NFO,MID,6.8,1.2008214870410074,0.3656817094356519,0.07529032258064516,61.7,0.4046207979713394,3.6514143170286437
7,70,503,Van de Ven,TOT,COV,DEF,5.0,0.8721726712329149,0.8676726785284179,0.18141533101045298,76.7,0.274217110121621,3.647056949795815
7,62,86,Lewis-Potter,BRE,LIV,MID,5.5,1.453379332701954,0.2189279054379058,0.0904700460829493,70.4,0.18697300918756535,3.616247208455462
7,66,43,Tielemans,MUN,LEE,MID,5.8,0.6983293957333809,0.22296967006139298,0.5281451612903226,76.8,0.335254301590972,3.6096985286760686
7,61,533,Mukiele,SUN,BOU,DEF,5.4,0.9838894915891223,0.3598258192734675,0.6337121951219513,75.4,0.12257276402901737,3.578972492235781
7,64,230,Branthwaite,EVE,CHE,DEF,5.5,0.7950681629390554,0.5325041135017112,0.6809268292682927,68.4,0.13610047875485648,3.574571426780891
7,61,61,Truffert,BOU,SUN,DEF,5.4,0.5957662116578528,0.620821630048841,0.4109646341463415,87.9,0.18601998724061652,3.5558173632497425
7,69,472,Murillo,NFO,ARS,DEF,5.5,0.2894391075176042,0.5865048605788604,1.0008274390243903,78.7,0.13094316585346621,3.5542691094957752
7,62,82,Kelleher,BRE,LIV,GK,5.0,0.003269022970347914,1.2724405393462865,0.0,87.6,0.40157001639023393,3.551930684357974
7,69,469,N.Williams,NFO,ARS,DEF,5.0,0.48198973813612145,0.6369568915963969,0.40517012195121954,86.3,0.2392764706438691,3.5502145262188445
7,68,45,McGinn,AVL,NEW,MID,5.4,1.3419441664678686,0.20939702674139257,0.08293548387096773,75.8,0.3832389896539621,3.531496563303418
7,70,176,Dasilva,COV,TOT,DEF,4.0,0.6990705999567177,0.8148818783905463,0.1642189024390244,77.6,0.17392100648949005,3.5101945844506615
7,70,455,Tonali,TOT,COV,MID,5.3,0.4374816340469414,0.3152864484364975,0.3166048387096774,81.4,0.6176775288981754,3.4982966227226164
7,62,367,Gakpo,LIV,BRE,MID,7.2,1.3124863266808315,0.14172339344771992,0.28891244239631336,66.0,0.23887753585564325,3.495055800173452
7,67,237,Ndiaye,MCI,IPS,MID,5.8,1.0445000080385418,0.28994260179277365,0.4951520737327189,67.0,0.13031319066266805,3.4817787742529425
7,65,572,Tzolakis,HUL,FUL,GK,4.6,0.005359118112339082,1.1642223019731945,0.0,78.3,0.6366701677284339,3.4462970423594217
7,62,379,Isak,LIV,BRE,FWD,9.1,1.68392133117159,0.0,0.005731578947368421,61.9,0.3117304754256607,3.4344306048520687
7,65,277,Egan,HUL,FUL,DEF,4.1,0.3009420115546145,0.5890618590446367,0.7934689024390245,76.7,0.17040380503210478,3.4338023700875557
7,63,138,Kostoulas,BHA,CRY,FWD,5.6,1.7610420592915677,0.0,0.006595488721804511,64.2,0.26799945641163003,3.420776349633634
7,66,334,Muharemović,LEE,MUN,DEF,5.0,0.6220668700244509,0.18299260395162203,0.7934689024390245,78.3,0.15284047715176044,3.40925925768761
7,61,552,Brobbey,SUN,BOU,FWD,5.7,1.6145741489985692,0.0,0.006544736842105263,70.0,0.27420571297086976,3.4049784859254952
7,68,447,Botman,NEW,AVL,DEF,5.0,0.3766932772464831,0.5230371988203829,0.7669884146341465,76.2,0.1871346474728049,3.404558174504408
7,61,60,Hill,BOU,SUN,DEF,5.5,0.4600524778640001,0.5507940275270626,0.7736085365853659,77.8,0.10935571350344428,3.4012820718788768
7,62,366,Wirtz,LIV,BRE,MID,7.3,1.1278692355122935,0.1652467550487818,0.08225806451612903,73.1,0.3623710146978138,3.3964928057756043
7,62,98,Janelt,BRE,LIV,MID,5.0,0.9289106676892898,0.20661655623235123,0.6537096774193549,72.0,0.43284614456641113,3.3768065149070265
7,70,183,Rudoni,COV,TOT,MID,4.9,1.1553088529503013,0.23888495549903116,0.28970506912442395,57.7,0.2295004359250008,3.372227430475231
7,66,338,Ampadu,LEE,MUN,MID,5.4,0.445362159022623,0.17818370932345493,0.7646370967741936,86.1,0.2569619038613723,3.3565721329648555
7,65,258,Castagne,FUL,HUL,DEF,4.5,0.6127565511145814,0.9979190878681727,0.15736829268292685,70.9,0.1474865907225798,3.337061111957734
7,66,330,Bogle,LEE,MUN,DEF,4.6,1.2409989506291965,0.19258935552953793,0.17283109756097562,71.9,0.15955558325888852,3.335983378047892
7,65,257,Bassey,FUL,HUL,DEF,4.5,0.2869017482570705,1.063702311322169,0.1677420731707317,82.0,0.20784225966691866,3.3230361113120024
7,64,233,Mykolenko,EVE,CHE,DEF,4.6,0.15182838352900088,0.6574946623653073,0.6185054878048781,85.0,0.2338464121512192,3.3158042551652507
7,61,79,Evanilson,BOU,SUN,FWD,6.0,1.4175947448769006,0.0,0.006971052631578947,78.6,0.13422422395155362,3.2661284871440297
7,61,532,Ballard,SUN,BOU,DEF,4.9,0.5382290461951466,0.37517597969416755,0.7859030487804878,77.5,0.0658610519043323,3.2437364415145837
7,65,268,King,FUL,HUL,MID,5.5,1.1877061863991858,0.292018234141996,0.07470967741935484,65.1,0.26988752603068483,3.2359022963613873
7,66,336,Okafor,LEE,MUN,MID,5.8,1.4724826861670537,0.14010014797303763,0.07852534562211981,53.2,0.11095128606941644,3.2339150431409536
7,68,459,L.Miley,NEW,AVL,MID,5.5,0.6786288301273438,0.20679759576937295,0.46070967741935487,67.0,0.35999074109476425,3.2265456478296395
7,70,502,Robertson,TOT,COV,DEF,4.4,0.4017246265239347,0.745706358735274,0.35505714285714285,62.2,0.2221869142966313,3.2126750424129833
7,64,156,Neto,CHE,EVE,MID,6.5,1.1226660623003686,0.1772311101628461,0.08604608294930875,66.8,0.22854514407627163,3.2120186600615876
7,65,254,Robinson,FUL,HUL,DEF,4.5,0.39996976637260906,0.9743364228563627,0.15364939024390245,70.9,0.1863600933426584,3.2004614834634393
7,69,31,Konsa,ARS,NFO,DEF,4.6,0.14206799125509356,1.1440464388640412,0.4005642276422765,65.1,0.06376996041594482,3.1874486181773563
7,66,332,Justin,LEE,MUN,DEF,4.5,0.6642683664195691,0.17841233615307134,0.5691085365853659,77.2,0.16554981136463776,3.176360517170101
7,70,401,Marmoush,TOT,COV,FWD,7.0,1.5386317168525303,0.0,0.0066315789473684215,61.0,0.2765801290426739,3.1751470309335614
7,65,279,Ajayi,HUL,FUL,DEF,4.2,0.6086799878642565,0.5890618590446367,0.1642189024390244,74.9,0.19331040445918263,3.1365976048581587
7,70,110,Rushworth,COV,TOT,GK,4.5,0.011017983026404906,1.1853780068337294,0.0,78.3,0.2210578166688283,3.136590170165326
7,70,184,Grimes,COV,TOT,MID,4.9,0.6987902136255579,0.2741784920159879,0.08119354838709678,77.4,0.4235369306410941,3.118270115177811
7,68,567,Horníček,NEW,AVL,GK,5.0,0.0068866254469805675,1.168692069088286,0.0,78.3,0.3017646574590694,3.11738880653979
7,67,155,Enzo,MCI,IPS,MID,6.9,1.422683385292657,0.27037347302163606,0.08735483870967742,61.4,0.10562172750185905,3.11403713791756
7,64,239,Garner,EVE,CHE,MID,6.0,0.7568070501909651,0.23646915981655656,0.3293364055299539,73.4,0.39029670982975834,3.1132331482131974
7,61,57,Petrović,BOU,SUN,GK,4.5,0.0,1.1336903818655442,0.0,88.2,0.11042929278255162,3.103918717710297
7,65,295,McBurnie,HUL,FUL,FWD,5.5,1.4443528371816865,0.0,0.0066236842105263155,77.2,0.21801193653635195,3.0752731919075766
7,66,412,Lammens,MUN,LEE,GK,4.9,0.0,1.132765753803563,0.0,86.0,0.08149475106866674,3.070260504872229
7,62,105,Anthony,BRE,LIV,MID,5.9,1.3941135343813968,0.17209125085155677,0.09956129032258065,51.6,0.08198455255227928,3.064977746909576
7,63,113,F.Kadıoğlu,BHA,CRY,DEF,4.4,0.37636438980928266,0.9160705938184255,0.1798494773519164,72.6,0.0919785917343261,3.0538233305812894
7,63,644,Timber,CRY,BHA,MID,5.0,0.8041248718777161,0.0988137803401932,0.37220430107526886,71.5,0.2197140529944821,3.0523062026683743
7,64,154,Palmer,CHE,EVE,MID,9.7,1.4150455870961776,0.14192157022037674,0.06029032258064516,56.7,0.2684563024568971,3.0331913988991968
7,65,290,Slater,HUL,FUL,MID,4.5,0.8190067039233069,0.2331661733922896,0.08119354838709678,76.7,0.33132863947364716,3.027027875282686
7,63,129,Ayari,BHA,CRY,MID,5.4,1.1796901093281544,0.2495741133043161,0.07697695852534561,62.3,0.15103804239210034,3.0008556797079047
7,65,282,Giles,HUL,FUL,DEF,4.0,0.39702009404040095,0.5890618590446367,0.1642189024390244,77.6,0.26939389531000896,2.9989351593910674
7,62,565,M.Sangaré,BRE,LIV,MID,5.6,0.8188197469048817,0.1667384903274026,0.7033870967741936,52.9,0.12339217372280387,2.9968947692224557
7,69,467,Sels,NFO,ARS,GK,5.0,0.0017717111944797732,1.07184177037217,0.0,82.8,0.1354432814007275,2.969188269256364
7,65,650,Affengruber,FUL,HUL,DEF,4.5,0.2973180284035897,0.7447157372150541,0.6679024390243903,55.0,0.08765539836290599,2.964979684891405
7,69,486,McAtee,NFO,ARS,MID,5.5,0.6314049220415949,0.23296204964646197,0.2909435483870968,74.0,0.3047979124781963,2.947398214307352
7,67,316,Emersonn,IPS,MCI,FWD,5.5,1.1417015424793753,0.0,0.007569924812030076,61.4,0.1396115615807032,2.939193303532652
7,67,591,Enciso,IPS,MCI,MID,5.5,1.0532157915381908,0.10398426461467165,0.08119354838709678,73.6,0.12991133171829003,2.933378829622907
7,68,166,N.Jackson,AVL,NEW,FWD,6.5,1.416084457275813,0.0,0.007694736842105263,58.4,0.2220744459246372,2.932821707066844
7,63,114,Boscagli,BHA,CRY,DEF,4.5,0.3959164732672359,0.8351738125235146,0.14347134146341464,67.4,0.20206600433703326,2.926392340035608
7,63,210,Wharton,CRY,BHA,MID,5.4,0.6466729761417875,0.10593328252619469,0.2992661290322581,78.9,0.23296492033144264,2.916574434811065
7,62,87,Ajer,BRE,LIV,DEF,4.5,0.26402466072668573,0.5174416817168908,0.5593682926829269,75.4,0.08354099434670001,2.916073242724833
7,62,88,Kayode,BRE,LIV,DEF,4.6,0.5984103156605127,0.49041114610481434,0.19886341463414636,61.6,0.1070126912642839,2.9127604477464315
7,70,91,Pinnock,COV,TOT,DEF,4.5,0.31054499464702034,0.5846947446854694,0.7591073170731707,56.7,0.06438912956858929,2.8869965057020135
7,69,26,Havertz,ARS,NFO,FWD,7.6,1.349812093455073,0.0,0.00568421052631579,61.3,0.1586249928717198,2.877658501786685
7,64,200,Lacroix,CHE,EVE,DEF,5.9,0.28758812084118957,0.2999151775852198,0.7933337979094077,70.7,0.061314939797670776,2.8741858207894735
7,63,605,Yalcouyé,BHA,CRY,MID,4.5,1.306495681749245,0.18431191700922195,0.06632258064516129,46.1,0.13418158243653125,2.8700842044695425
7,64,28,Martinez,CHE,EVE,GK,5.0,0.0512880382738945,0.9979361685686066,0.0,76.4,0.17869244205320328,2.85157802455708
7,67,389,Matheus N.,MCI,IPS,DEF,5.9,0.5298442779987346,0.7458156398408318,0.39438341463414633,53.1,0.04954467785596011,2.8510384100589627
7,69,557,Tzolis,ARS,NFO,MID,6.3,0.6362398723539733,0.394353411589347,0.09279262672811059,67.1,0.21777936079573482,2.8379496306096574
7,67,387,O'Reilly,MCI,IPS,DEF,6.3,1.0849768834007376,0.5354228011153892,0.12432878048780488,39.3,0.018387704645489066,2.817007265536514
7,66,385,Trafford,LEE,MUN,GK,5.0,0.006151483815955435,0.8368992386163709,0.0,78.3,0.25417423179726156,2.8163613178659515
7,61,541,Meunier,SUN,BOU,DEF,4.5,0.536619248667275,0.37878778214609693,0.1642189024390244,71.5,0.06866104267299987,2.8086750578108606
7,66,418,Maguire,MUN,LEE,DEF,4.8,0.5089582006522426,0.4409965327649545,0.35569390243902443,75.0,0.07825642486271897,2.8039646376893725
7,65,280,Coyle,HUL,FUL,DEF,4.0,0.3367911573746437,0.5890618590446367,0.1876787456445993,65.3,0.09490576897338227,2.7979266804624667
7,61,551,N.Angulo,SUN,BOU,MID,5.0,0.7292846049997036,0.19707664142259515,0.10825806451612903,60.9,0.1820164453458985,2.7942453949147668
7,65,586,Mendy,HUL,FUL,DEF,4.1,0.32285193260678136,0.4374082695885681,0.6935053658536586,45.6,0.07646512325968328,2.7618067831271857
7,65,580,Charles,FUL,HUL,MID,5.0,0.6068286437717731,0.22771370071694505,0.47901075268817206,56.0,0.17104843934365915,2.7583091726332465
7,68,47,Kamara,AVL,NEW,MID,5.0,0.5867427124427681,0.19180474444806672,0.07596774193548388,72.3,0.42401485348633194,2.7566889449773115
7,61,529,Roefs,SUN,BOU,GK,4.9,0.002615859147984439,0.7634803416905453,0.0,86.3,0.13886628139951165,2.7071875904631497
7,70,496,Kinsky,TOT,COV,GK,4.5,0.0,1.1264605645081092,0.0,68.8,0.14754738277151755,2.6994408477125273
7,69,558,Schlager,NFO,ARS,MID,5.0,0.43891230105582923,0.2029740861639615,0.49856221198156686,68.5,0.18134802699319783,2.699130283812025
7,68,464,Wissa,NEW,AVL,FWD,6.2,1.4795088902970044,0.0,0.005526315789473684,61.8,0.09306987415425354,2.698712655111043
7,66,417,Dalot,MUN,LEE,DEF,4.9,0.5770591807868592,0.42662822467988076,0.1726912891986063,69.8,0.05761985431569462,2.690688647589176
7,64,165,João Pedro,CHE,EVE,FWD,7.7,1.4515787640299636,0.0,0.004691729323308271,48.3,0.2655757792341246,2.6866649332344994
7,69,13,Rice,ARS,NFO,MID,7.4,0.6259682776069982,0.31820889111559947,0.2347661290322581,60.3,0.20161058194452205,2.679936709147373
7,70,186,Mason-Clark,COV,TOT,MID,5.3,0.734200534734289,0.23888495549903116,0.14148387096774193,51.2,0.1223591093814334,2.6686615516192242
7,68,597,Suzuki,AVL,NEW,GK,5.0,0.008654017556984573,0.8555292766748047,0.0,67.9,0.30279542051066083,2.6636620480757833
7,62,362,Jacquet,LIV,BRE,DEF,5.0,0.28185687509714447,0.16719946745282738,0.37396890243902436,73.9,0.25163137273222885,2.6567443104572894
7,70,516,Bentancur,TOT,COV,MID,5.5,0.23139879693437987,0.2531270172003863,0.499926267281106,63.3,0.2554625454900597,2.642053743108878
7,68,46,Barkley,AVL,NEW,MID,5.0,1.046946104216775,0.13120910543772207,0.059391705069124424,45.5,0.20117477098703626,2.62939223475832
7,65,264,Bobb,FUL,HUL,MID,5.5,0.6788563272540729,0.28218342314757644,0.07219354838709677,54.9,0.0894730113088269,2.6291100198689836
7,63,214,Kamada,CRY,BHA,MID,5.0,0.4302337588327658,0.10040953083015904,0.28366129032258064,74.7,0.2635514996677604,2.6237499446039156
7,62,350,A.Becker,LIV,BRE,GK,5.5,0.0,0.6903852995615276,0.0,80.7,0.27125583119261154,2.6023147904277986
7,62,96,Damsgaard,BRE,LIV,MID,5.4,0.8868230004307586,0.15656824533150965,0.07548387096774192,51.6,0.1371245955144379,2.601999712244448
7,63,588,Khalaili,CRY,BHA,DEF,5.0,0.7850834890125993,-0.22775796959271694,0.5812341463414634,66.4,0.06251995199781177,2.6000388702822614
7,68,37,Lindelöf,AVL,NEW,DEF,4.5,0.427632243775884,0.3818809463690904,0.14719024390243904,70.2,0.0729318878060749,2.5806353218534883
7,67,305,Davis,IPS,MCI,DEF,4.0,0.9673302879521665,-0.2534396235846677,0.1642189024390244,78.3,0.03618614366102422,2.5721861145882996
7,63,204,Mitchell,CRY,BHA,DEF,4.5,0.7344670900808632,-0.28321750254415834,0.17792012195121953,82.1,0.13978217451201044,2.5586839978071305
7,67,259,Diop,IPS,MCI,DEF,4.0,0.3404329502383355,-0.2561582846243125,0.8019804878048781,80.8,0.02712725000022948,2.5538288879690643
7,68,634,Fernandez-Pardo,NEW,AVL,FWD,6.0,1.1567780492462656,0.0,0.009473684210526316,48.8,0.116050914237008,2.5414497364909105
7,67,619,Palacios,IPS,MCI,MID,5.0,0.4546342869039373,0.08427806905599135,0.5410752688172044,60.5,0.07873652488288725,2.529469438950154
7,64,242,George,EVE,CHE,MID,5.5,0.8254957083415104,0.1772807299226411,0.06890322580645161,52.7,0.11969519981455196,2.4980856962237525
7,70,403,Sávio,TOT,COV,MID,6.5,0.8901142248385723,0.20650744377330282,0.07716129032258064,50.4,0.16147006748559703,2.4838373405147705
7,63,202,Richards,CRY,BHA,DEF,5.0,0.1690694912557664,-0.2729356790194529,0.8284609756097562,83.8,0.0961839308902371,2.4784114174044034
7,69,201,Muñoz,NFO,ARS,DEF,5.4,0.5713246686292508,0.4302437089551019,0.19228682926829269,52.3,0.049241668345395395,2.4737436756999234
7,64,649,Maitland-Niles,EVE,CHE,DEF,4.5,0.4590812004079995,0.4437534279180926,0.18790243902439024,54.2,0.10759250685881992,2.466453588600031
7,69,483,Ndoye,NFO,ARS,MID,5.5,0.6200914906656444,0.21241474133437832,0.09870967741935484,53.2,0.03862975783458677,2.4569379960145055
7,70,104,Onyeka,COV,TOT,MID,4.9,0.5631378115070532,0.23202232339851178,0.07852534562211981,60.2,0.18242886695138688,2.4401564464676295
7,61,545,Sadiki,SUN,BOU,MID,4.9,0.3361086476047952,0.20882137571476414,0.08603225806451613,79.0,0.15591145622460195,2.397920834770468
7,64,209,Johnson,EVE,CHE,MID,5.9,0.8854852664279612,0.17984176775458935,0.08154838709677419,49.8,0.026403003247788256,2.3899855007008384
7,65,265,Berge,FUL,HUL,MID,4.9,0.28090467750693443,0.29012692433537685,0.0848294930875576,67.2,0.1835849526436205,2.387165576434035
7,61,73,Adams,BOU,SUN,MID,5.0,0.4315199637733461,0.16670825089425306,0.48617204301075273,53.9,0.08969596179212146,2.3793796042597934
7,64,145,Fofana,CHE,EVE,DEF,5.0,0.14914346062664252,0.29133449811752277,0.5669219512195122,59.5,0.051954108178499804,2.3507649392372385
7,63,211,Yeremy,CRY,BHA,MID,5.5,0.6136685489116425,0.09341277868184723,0.09819354838709678,56.8,0.07652964109402108,2.3409033889224937
7,62,95,O.Dango,BRE,LIV,MID,6.3,0.9649164934772123,0.10491410627342186,0.07587096774193548,36.0,0.03446241207710256,2.31963612365648
7,66,423,Shaw,MUN,LEE,DEF,4.3,0.27787815511786734,0.4244177157437155,0.1717965156794425,68.7,0.054505832222728236,2.316581004921695
7,67,304,O'Shea,IPS,MCI,DEF,4.0,0.3034529619583278,-0.2534396235846677,0.5837189024390245,78.3,0.02081818087794746,2.312440825811384
7,68,611,Wan-Bissaka,AVL,NEW,DEF,4.5,0.22011698844041122,0.279301224073138,0.49030487804878053,48.3,0.048109480931139405,2.2713503571759954
7,61,64,Smith,BOU,SUN,DEF,4.5,0.28981039691015686,0.5151068839342335,0.14973475609756098,67.4,0.042927698929511246,2.263506273185524
7,66,432,Mainoo,MUN,LEE,MID,5.5,0.36099935697190005,0.12975071195662982,0.6455299539170507,47.0,0.07081725997443089,2.2627485087789148
7,66,419,Martinez,MUN,LEE,DEF,5.0,0.1259024605163921,0.36860236510554467,0.33977491289198614,63.1,0.04583629200686159,2.2561160305207846
7,70,525,Fernandes,TOT,COV,MID,5.7,0.6148498703054004,0.1996008403026238,0.08949677419354839,46.7,0.15071471986709548,2.2474965924390884
7,62,372,Mac Allister,LIV,BRE,MID,5.4,0.47693073557365884,0.12267141463033097,0.29175268817204303,57.5,0.09269228467779031,2.242277321104493
7,68,51,George Hemmings,AVL,NEW,MID,4.5,0.572879055843226,0.15222210928808352,0.08038709677419355,50.6,0.1253608700146993,2.2394193696846667
7,62,93,Schuster,BRE,LIV,DEF,4.5,0.3639467304125202,0.2889692973767213,0.5661780487804878,42.9,0.04097590035083311,2.238062848026334
7,66,598,Elvedi,LEE,MUN,DEF,4.5,0.46373412031730593,0.13130101022512092,0.35777398373983743,56.7,0.03974421481468071,2.233031369300434
7,66,415,Dorgu,MUN,LEE,MID,5.8,0.8285395499606181,0.08843203863451857,0.24343548387096775,35.3,0.026863528622672373,2.164531501229424
7,67,267,Lukić,IPS,MCI,MID,4.9,0.456645096838786,0.10931361309909464,0.08535483870967742,74.9,0.07291909132210589,2.1600276221366794
7,62,627,Barcola,LIV,BRE,MID,8.0,0.6061295066734618,0.11664476826972833,0.09290322580645162,50.7,0.07721162993173761,2.148646816774505
7,64,161,Lavia,CHE,EVE,MID,5.0,0.6395445970278278,0.14192157022037674,0.08038709677419355,46.6,0.0794391357527137,2.1008302183287273
7,64,244,Armstrong,EVE,CHE,MID,5.0,0.2289211939567809,0.20289110824212375,0.24725,64.2,0.0640685567426393,2.083907735209293
7,69,5,J.Timber,ARS,NFO,DEF,6.5,0.37070404611000995,0.6331295574128892,0.1946878048780488,32.8,0.02322968450939322,2.074668088036642
7,70,194,Thomas-Asante,COV,TOT,FWD,5.0,0.7523323030430169,0.0,0.15473684210526317,38.5,0.08678284527736471,2.064319768716785
7,62,579,Araujo,LIV,BRE,DEF,5.4,0.22760478095528552,0.11996910537139693,0.35777398373983743,55.1,0.09179379301332175,2.018460815431125
7,66,345,Tanaka,LEE,MUN,MID,4.9,0.6375568071858346,0.111488145922206,0.0729032258064516,44.5,0.04459404325592149,2.0184408185046174
7,66,337,Aaronson,LEE,MUN,MID,5.3,0.6159385554010747,0.07971895743817918,0.07819354838709677,37.1,0.023553064376649745,1.9959689137665502
7,63,116,Dunk,BHA,CRY,DEF,4.5,0.16978835461037273,0.5924834686387827,0.2648919860627178,49.7,0.05327319376661576,1.99310374807516
7,62,371,Gravenberch,LIV,BRE,MID,5.8,0.48261363325935136,0.0923437748802016,0.09193548387096774,44.5,0.08620009715589401,1.991064891173807
7,64,149,Colwill,CHE,EVE,DEF,4.8,0.24214115001216896,0.28030219594476957,0.15345365853658538,61.5,0.03144736461137131,1.9880095071894766
7,68,460,Willock,NEW,AVL,MID,5.0,0.5702565028781199,0.13232903148972827,0.06374193548387097,40.8,0.10587016060587313,1.9836733586129323
7,68,32,Cash,AVL,NEW,DEF,4.4,0.4561530750815536,0.28387160773978937,0.14588536585365855,52.6,0.05758871082558557,1.9812739425752255
7,66,429,Rashford,MUN,LEE,MID,7.0,0.6414119859498072,0.13806483524705465,0.06060829493087558,46.1,0.04217901224208154,1.9768425969224572
7,70,499,Pedro Porro,TOT,COV,DEF,5.4,0.34415371334914635,0.5114026391326556,0.14969560975609755,37.6,0.06589207803884302,1.95863994030556
7,62,377,Munoz,LIV,BRE,MID,6.5,0.5747579147324898,0.09992568481773395,0.07958709677419355,44.5,0.07545961495505676,1.9567716808643827
7,62,358,Kerkez,LIV,BRE,DEF,5.4,0.28657457803140485,0.1387018228214158,0.15569059233449478,62.6,0.07738783208934692,1.9540636874040052
7,63,224,Nketiah,CRY,BHA,FWD,5.5,0.9122584111782296,0.0,0.006947368421052632,33.6,0.032249344319909945,1.9525297513970465
7,68,457,J.Murphy,NEW,AVL,MID,5.9,0.6494784972610348,0.12536434562184784,0.09058064516129033,39.9,0.07255207531726786,1.9487413325038558
7,65,576,Stroud,HUL,FUL,MID,5.0,0.45473816414799073,0.1731376949027371,0.09646451612903226,45.6,0.06310150043161926,1.9482715990017685
7,70,514,Tel,TOT,COV,MID,5.7,0.6849374723212979,0.14572933323132742,0.0544516129032258,36.9,0.07024463481375727,1.9346214830258721
7,70,575,Yirenkyi,COV,TOT,MID,4.8,0.46924564773528094,0.1647031704124647,0.06503225806451612,44.8,0.10728208546835712,1.9236959937233555
7,65,570,Palacios,FUL,HUL,MID,5.4,0.6796071042415482,0.16643526298248476,0.05677419354838709,37.4,0.06798166438478045,1.9198989127012216
7,64,238,Grealish,EVE,CHE,MID,6.5,0.763943036158778,0.08764440580445178,0.05961290322580645,34.5,0.0416548273377885,1.9159639617093693
7,63,639,Andrés,BHA,CRY,MID,5.5,0.7519908904775277,0.12801430811730005,0.06909677419354839,35.1,0.045675347939258294,1.873664244490275
7,69,473,Aina,NFO,ARS,DEF,4.4,0.16803456924272908,0.42603937303697387,0.1586731707317073,52.0,0.04304105893820275,1.8651128936467352
7,64,144,Gusto,CHE,EVE,DEF,4.9,0.3397990451925045,0.21696860939748192,0.13857804878048782,46.8,0.028063792220095668,1.8620039709217988
7,69,10,White,ARS,NFO,DEF,5.5,0.15178306921383106,0.6993280902254969,0.10752195121951219,33.5,0.04577727958243225,1.8544103902412725
7,61,536,Reinildo,SUN,BOU,DEF,4.4,0.17333508259240699,0.28939567146084405,0.14338745644599304,59.8,0.04484438004131951,1.8452108102760667
7,63,222,Strand Larsen,CRY,BHA,FWD,6.0,0.46091278538556363,0.0,0.0065578947368421054,52.4,0.036201596749032686,1.8419741286138065
7,70,175,van Ewijk,COV,TOT,DEF,4.0,0.22696123717881125,0.4535754913091599,0.2378933797909408,43.4,0.03584979001725396,1.8244822979478226
7,70,656,Mfuni,COV,TOT,DEF,4.0,0.24256881167584118,0.4428917002933124,0.17850731707317075,41.1,0.07162920954032574,1.8152926264370415
7,69,581,Diomande,NFO,ARS,DEF,5.4,0.17346937462730205,0.31462447120658105,0.32021365853658534,40.8,0.02209173926580123,1.8047513526099515
7,62,102,Yarmoliuk,BRE,LIV,MID,4.8,0.3164320702984866,0.14452453415216276,0.10451612903225807,45.7,0.05299174858599987,1.7968533589871962
7,65,253,Andersen,FUL,HUL,DEF,5.0,0.0638768594112151,0.5721899247602333,0.1443717073170732,45.9,0.03766222532711954,1.7637555892881438
7,66,331,Gudmundsson,LEE,MUN,DEF,4.5,0.059769045725953304,0.14744100151525208,0.17641951219512197,60.5,0.043092093114648344,1.7591505490242407
7,68,462,Steur,NEW,AVL,MID,4.9,0.4427513538690443,0.1004522000175063,0.05806451612903226,34.7,0.07792358053363886,1.7539609854661902
7,70,522,Gray,TOT,COV,MID,4.9,0.4331531957986855,0.16541315312276264,0.05297695852534562,42.4,0.07067805238764494,1.7533387044513815
7,69,474,Jair Cunha,NFO,ARS,DEF,4.5,0.014037601594523077,0.3917039630389283,0.28475888501742164,49.7,0.01892642293552649,1.7519824281419552
7,65,642,Thomas,HUL,FUL,MID,5.5,0.4753666106817277,0.09921373528134372,0.06909677419354839,35.3,0.05188375596158776,1.7470417850895392
7,69,452,Bruno G.,ARS,NFO,MID,6.7,0.63847131062045,0.14335851076847536,0.07870967741935483,30.2,0.04976484327085155,1.7462132547797669
7,69,491,Igor Jesus,NFO,ARS,FWD,5.8,0.5549903026345288,0.0,0.004938947368421052,41.4,0.03747606157897779,1.7359945890786022
7,70,526,Solanke,TOT,COV,FWD,5.8,0.5542222649958582,0.0,0.0052547368421052626,37.2,0.06239590332541041,1.7274948131408272
7,61,553,Isidor,SUN,BOU,FWD,5.5,0.6317169098709161,0.0,0.001663157894736842,22.2,0.029826881228760694,1.7263127196020218
7,67,562,Maeda,IPS,MCI,MID,5.3,0.45550970698852616,0.05453286821270028,0.05677419354838709,40.4,0.017916223386906956,1.7036625403355492
7,69,19,Zubimendi,ARS,NFO,MID,5.3,0.30545022852255566,0.1081064179565552,0.05935483870967742,34.0,0.029405321803326515,1.693280779992196
7,68,33,Mings,AVL,NEW,DEF,4.5,0.16408041326431727,0.21226893029558486,0.24842113821138212,42.7,0.056119589463626135,1.672806731763259
7,65,289,Crooks,HUL,FUL,MID,4.4,0.45599783339640226,0.1547956598087072,0.08624516129032259,43.6,0.06501251130719407,1.667614553223193
7,61,534,Hume,SUN,BOU,DEF,4.3,0.25614646683589826,0.19413438179120582,0.13466341463414633,43.6,0.03470297346958584,1.666965542983356
7,61,501,Danso,SUN,BOU,DEF,5.0,0.06718484126891668,0.2826235418634764,0.16337073170731709,58.5,0.03206807658186514,1.6277105896754367
7,69,17,Merino,ARS,NFO,MID,5.8,0.5359876406464462,0.0343120370036023,0.018838709677419352,22.3,0.01968655965314904,1.6269783034620984
7,70,512,Kudus,TOT,COV,MID,6.5,0.5197347944987198,0.04523825273294761,0.03380645161290323,24.5,0.04565147566786726,1.6184314609009296
7,70,519,Gallagher,TOT,COV,MID,5.3,0.3661138631974374,0.14469334271072556,0.08109677419354838,34.9,0.08131737105880141,1.590168874306164
7,66,347,Nmecha,LEE,MUN,FWD,5.4,0.6133994517877179,0.0,0.0015368421052631579,19.6,0.016305933455882514,1.5772422273488638
7,67,313,Clarke,IPS,MCI,MID,5.4,0.4347906289053419,0.05564831324432369,0.0695225806451613,37.9,0.024649800836046346,1.56892525374933
7,69,14,Eze,ARS,NFO,MID,6.3,0.4538510800131379,0.07097421352799928,0.03896774193548387,23.9,0.02146265452576402,1.5623009950421731
7,64,142,James,CHE,EVE,DEF,5.4,0.4957814365190496,0.1573124569077788,0.10047560975609757,37.2,0.034779315619791584,1.5432878050847032
7,67,393,Khusanov,MCI,IPS,DEF,5.4,0.011574525862266209,0.586672338753638,0.11352439024390244,40.4,0.020769900071915173,1.5416995291433546
7,67,640,Flemming,IPS,MCI,FWD,5.5,0.5385532593476643,0.0,0.0017894736842105263,23.3,0.01122579204219927,1.5382964162305366
7,64,136,Welbeck,CHE,EVE,FWD,5.9,0.6482717473099905,0.0,0.004768421052631579,29.6,0.029691645717259917,1.5378745441821495
7,65,617,Cho,HUL,FUL,MID,5.0,0.45259880879559433,0.01584084849029858,0.014709677419354838,21.6,0.0349292381634446,1.5345442476016775
7,69,167,Delap,NFO,ARS,FWD,5.6,0.4252995210197311,0.0,0.006442105263157895,51.5,0.030629419195859413,1.5316144581248536
7,61,75,Christie,BOU,SUN,MID,5.0,0.505880542558734,0.06793838702564486,0.048193548387096774,25.8,0.025680851411764086,1.5271260453972297
7,65,585,Herrington,HUL,FUL,DEF,4.0,0.17027110192071715,0.18746068696652923,0.10452073170731709,33.3,0.027306910033428555,1.5177932693176652
7,64,247,Hackney,EVE,CHE,MID,5.4,0.4044364855683982,0.04496044193864734,0.03058064516129032,26.3,0.026814164594888782,1.506176038526439
7,68,54,Gomes,AVL,NEW,MID,5.5,0.37489377158195425,0.09162647027773888,0.26008064516129037,29.3,0.051987563956504834,1.502289130061943
7,64,662,Nicoll-Jazuli,CHE,EVE,MID,4.5,0.33445651394016623,0.02915884588797468,0.03303225806451613,26.5,0.026199827101950273,1.4947986005109055
7,67,306,Greaves,IPS,MCI,DEF,4.0,0.18948239396692376,-0.18819175863319182,0.3173609756097561,57.5,0.01165049062976855,1.4919447810109427
7,67,564,Scherpen,IPS,MCI,GK,4.5,0.005145875551091111,0.18060224904161715,0.0,57.9,0.02155385109118997,1.4826519756838985
7,65,635,Larsson,FUL,HUL,MID,5.0,0.3717213147792622,0.025343551408696544,0.01729032258064516,22.3,0.030637208117226013,1.4676060227993903
7,64,157,Estêvão,CHE,EVE,MID,6.3,0.5496345033731813,0.019591099580982985,0.022193548387096772,18.5,0.016620387842520616,1.4614425077012376
7,64,148,Hato,CHE,EVE,DEF,4.5,0.03604752727532456,0.23249555319617177,0.1781941463414634,41.5,0.01239308631199377,1.4605412460762959
7,66,327,Bijol,LEE,MUN,DEF,5.0,0.26373475650176437,0.0752472566904763,0.30755487804878046,30.2,0.01585947402380047,1.4473184569443285
7,70,190,Tchaouna,COV,TOT,MID,5.4,0.35578438899462717,0.09476968138812453,0.05612903225806451,27.5,0.03822029786559759,1.4354917481583134
7,64,583,Chavarria,CHE,EVE,DEF,4.9,0.1651563598179861,0.10909721037500505,0.10452073170731709,33.3,0.017080815643918418,1.4247031644884631
7,68,405,N.Gonzalez,NEW,AVL,MID,5.5,0.1724291707028171,0.14331180535830898,0.08283870967741937,37.0,0.07877045749816843,1.4187067837934666
7,63,203,Canvot,CRY,BHA,DEF,4.8,0.04885111461451671,-0.19286208369068647,0.31532334494773523,58.6,0.043220794170853616,1.4122844848433207
7,61,646,Fofana,SUN,BOU,MID,5.5,0.3272299392873578,0.01573794395150641,0.01729032258064516,22.3,0.022421428370431207,1.4069947377768146
7,64,151,Acheampong,CHE,EVE,DEF,4.5,0.1955476502037011,0.11440905956929368,0.1996878048780488,29.5,0.015642660339095883,1.3784257093627208
7,65,269,Sessegnon,FUL,HUL,DEF,4.3,0.40257164651671096,0.17128461955946248,0.07202926829268294,19.9,0.02297626100342834,1.3758617953722845
7,69,7,Lewis-Skelly,ARS,NFO,MID,5.4,0.06854385359498905,0.2462946217792823,0.06761290322580646,41.1,0.025537482591645774,1.3702002763282872
7,68,56,Abraham,AVL,NEW,FWD,5.5,0.44640131095259983,0.0,0.0010526315789473684,18.9,0.03298035872067023,1.365596456307454
7,68,596,Ruggeri,AVL,NEW,DEF,4.5,0.18693073727085327,0.13558804877732336,0.23802073170731708,28.3,0.03601521803826177,1.3444938018246122
7,68,53,Manzambi,AVL,NEW,MID,5.9,0.47653057951569144,0.06523804683775009,0.05167741935483871,25.2,0.06512486792254585,1.329208048049872
7,63,119,Costinha,BHA,CRY,DEF,4.5,0.24101973875626514,0.05696956429219065,0.02609756097560976,21.2,0.013129764688731765,1.3201167388174544
7,64,232,O'Brien,EVE,CHE,DEF,4.8,0.18578315115746508,0.1745430149811164,0.12318048780487804,28.5,0.014049005970956006,1.309291023387588
7,62,90,Hickey,BRE,LIV,DEF,4.5,0.01672109520366216,0.1370834306041016,0.08338170731707317,26.1,0.016224510025886665,1.258415084795611
7,65,263,Kevin,FUL,HUL,MID,5.3,0.2904156266390539,0.026856599253991857,0.018322580645161287,18.4,0.02078130973565768,1.2323251979015724
7,69,25,Gyökeres,ARS,NFO,FWD,7.1,0.5045631433320255,0.0,0.003726315789473684,21.0,0.01681300265981928,1.226155007495733
7,61,72,Gannon-Doak,BOU,SUN,MID,4.9,0.3155831391315834,0.01364224639069174,0.012903225806451613,18.4,0.020481781159651134,1.219327974180642
7,61,71,Cook,BOU,SUN,MID,5.0,0.10261035652936887,0.07093968123159705,0.04025806451612904,31.3,0.0317509388917109,1.2181659473869506
7,63,125,Georginio,BHA,CRY,FWD,5.3,0.5356258289760228,0.0,0.0036315789473684214,23.7,0.01572054651807876,1.213598820649293
7,64,568,Barco,CHE,EVE,MID,5.4,0.33021704823305625,0.06082353009444719,0.05167741935483871,28.7,0.029214542862228528,1.2107933616698212
7,67,592,Ouattara,IPS,MCI,DEF,4.0,0.1479806488766387,-0.08065361084279651,0.10452073170731709,33.3,0.010323543244335988,1.206297004661038
7,67,400,Doku,MCI,IPS,MID,7.4,0.6039099249132706,0.052317466714674035,0.03380645161290323,15.3,0.008482676648177489,1.2055165198890254
7,65,637,Vaz,HUL,FUL,FWD,5.0,0.40180024466157677,0.0,0.0014105263157894738,17.8,0.023074625310601542,1.1994870748546478
7,70,520,Bergvall,TOT,COV,MID,5.3,0.31887548555774126,0.05905145967430567,0.04412903225806452,18.1,0.02723882171696024,1.1821732620749619
7,62,357,Frimpong,LIV,BRE,DEF,5.3,0.3143965308056562,0.05699528926282316,0.08956682926829268,26.4,0.024501732484021738,1.1804520900542588
7,61,74,Brooks,BOU,SUN,MID,5.0,0.28661820615571215,0.0251017333588728,0.023741935483870966,20.4,0.016950473407852128,1.1745848425788021
7,70,195,Simms,COV,TOT,FWD,4.9,0.4545294416965822,0.0,0.002494736842105263,20.0,0.03303531789322792,1.1710831198483105
7,65,262,Smith Rowe,FUL,HUL,MID,5.4,0.22784887554509034,0.05711755615989818,0.03896774193548387,20.5,0.023812824907177413,1.1427143903051418
7,69,488,I.Sangaré,NFO,ARS,MID,4.9,0.15363369179554942,0.0727485780779178,0.05070967741935484,30.0,0.019592043559477794,1.1411044465450944
7,66,439,Šeško,MUN,LEE,FWD,7.0,0.48361174851102084,0.0,0.0018736842105263156,15.9,0.013191514970510694,1.1405747247616138
7,69,490,Wood,NFO,ARS,FWD,5.8,0.17980692418178418,0.0,0.001663157894736842,19.8,0.012404987677519318,1.1238750697540405
7,68,631,Mbaye,AVL,NEW,MID,6.0,0.2812966224074308,0.016370596022956013,0.01729032258064516,17.8,0.03369876996898375,1.1219795022953192
7,63,328,Struijk,BHA,CRY,DEF,4.9,0.09000683134876117,0.27573269117420274,0.09473414634146342,26.2,0.016765751031993965,1.1063958232651256
7,63,208,Sarr,CRY,BHA,MID,6.2,0.476411833127112,0.02013100618110768,0.04232258064516129,18.9,0.01240621552576232,1.0991302755240207
7,65,271,Muniz,FUL,HUL,FWD,5.4,0.21475729698647095,0.0,0.0015368421052631579,19.4,0.015517979498093807,1.0835215242544716
7,65,589,Gourna-Douath,HUL,FUL,MID,5.0,0.26822218179664237,0.05641565339527389,0.03929032258064516,23.8,0.029619110923856537,1.080128910773522
7,68,461,Touré,NEW,AVL,MID,5.8,0.303364358218536,0.01339362666900084,0.012903225806451613,15.6,0.03345631509352512,1.0687511329603605
7,61,608,Jebbison,BOU,SUN,FWD,5.0,0.385336700482357,0.0,0.0010526315789473684,14.6,0.014908708143711147,1.0495010276665138
7,70,506,Udogie,TOT,COV,DEF,4.4,0.08215752369425527,0.2439326395862877,0.08925365853658537,22.4,0.023584613664381304,1.0432500063613603
7,69,11,Mosquera,ARS,NFO,DEF,5.3,0.0008654297018506835,0.45150794174752956,0.08330341463414635,22.5,0.019177634290848927,1.0342356903575292
7,69,9,Hincapie,ARS,NFO,DEF,5.2,0.10588477758433339,0.2529123433097064,0.07777073170731708,18.4,0.012870767417336214,1.015997512720843
7,62,369,Ngumoha,LIV,BRE,MID,5.7,0.33340174785135335,0.025467441072224022,0.02535483870967742,15.6,0.021126611342311422,1.0153506389755662
7,70,498,Senesi,TOT,COV,DEF,5.8,0.12069551235869502,0.23537359960080387,0.1961219512195122,20.9,0.029817391966483683,0.9924213852810525
7,68,559,Bamba,NEW,AVL,MID,4.9,0.25427585139860587,0.01339362666900084,0.012903225806451613,15.2,0.030267803466928554,0.9920525307125432
7,67,309,Núñez,IPS,MCI,MID,4.9,0.21073887994236887,0.03557030267510222,0.15923870967741938,23.3,0.009713500110628704,0.9679093182921258
7,70,515,Maddison,TOT,COV,MID,6.3,0.2216667636722322,0.017266508676697562,0.012903225806451613,15.2,0.029944946290058037,0.9646382345150093
7,62,620,Diouf,BRE,LIV,DEF,4.5,0.14328896949127,0.06435841812399137,0.05219512195121952,18.6,0.012255573176329235,0.96363433494
7,61,612,Methalie,SUN,BOU,DEF,4.5,0.14911937150213894,0.13589406725384406,0.11783048780487805,27.2,0.01462646969228899,0.9553863037753704
7,63,199,Benitez,CRY,BHA,GK,4.5,0.0038871145962362085,0.0018570392939641633,0.0,41.1,0.03043462245300474,0.953616276343205
7,63,633,Ahanor,CRY,BHA,DEF,4.5,0.15817030020858397,-0.096586827050263,0.2763536585365854,28.0,0.015177412717962774,0.9520312466007758
7,67,320,Akpom,IPS,MCI,FWD,5.0,0.31717680640022816,0.0,0.0010526315789473684,14.0,0.006164683340399389,0.946880609080272
7,62,108,Wilson,BRE,LIV,FWD,5.4,0.37426092696033475,0.0,0.0007157894736842105,11.0,0.012528701855233797,0.9258008717023436
7,63,577,Tomiyasu,CRY,BHA,DEF,4.4,0.12477946449395125,-0.09253641172234875,0.11626463414634146,25.1,0.012126421547014987,0.9008072326907755
7,62,381,Koumas,LIV,BRE,MID,5.0,0.21239933002176642,0.009720397355810696,0.012903225806451613,14.6,0.014857376045893333,0.8970445654954232
7,62,375,Nyoni,LIV,BRE,MID,4.9,0.17604933443137583,0.009720397355810696,0.012903225806451613,15.0,0.01437080501693129,0.8842391116789411
7,63,126,O'Riley,BHA,CRY,MID,5.4,0.27511155663416764,0.01792917480634455,0.012903225806451613,12.9,0.011614844946013517,0.8726219005837159
7,64,231,Keane,EVE,CHE,DEF,4.8,0.21056942702489098,0.14569904216644042,0.10282439024390244,18.6,0.012034708127715283,0.8699405505614036
7,62,364,Tsimikas,LIV,BRE,DEF,4.9,0.1131582763715352,0.04623394094047195,0.12109268292682927,19.4,0.012521201198886653,0.8653159367109371
7,63,213,Lerma,CRY,BHA,MID,4.8,0.2076678344094801,0.015343754711210123,0.03225806451612903,18.8,0.012292820621761858,0.86192407716395
7,63,600,Osman,BHA,CRY,MID,5.0,0.23735424044493453,0.01792917480634455,0.012903225806451613,13.3,0.01203212430334186,0.8598831017321302
7,63,643,Chilwell,CRY,BHA,DEF,4.5,0.14867037891982365,-0.020875217459250396,0.03497073170731708,15.9,0.011322376050080886,0.8502577774916507
7,64,101,Henderson,CHE,EVE,MID,4.9,0.17128551109994491,0.06629081369844243,0.05632258064516128,25.6,0.018330815433355026,0.8433353499417163
7,70,188,Torp,COV,TOT,MID,5.3,0.1829951333078924,0.016339600239331818,0.012903225806451613,13.3,0.02634164212595499,0.8188212795491308
7,66,422,Mazraoui,MUN,LEE,DEF,4.4,0.045445569777274604,0.09449925702106166,0.06694024390243904,18.7,0.011604038758697609,0.8148122416570021
7,66,343,James,LEE,MUN,MID,4.9,0.05339983467562006,0.009274235147510943,0.012129032258064516,14.3,0.007933586537796296,0.814736688618992
7,61,535,Alderete,SUN,BOU,DEF,4.8,0.06814702927959973,0.0975186662020941,0.11274146341463415,21.7,0.014471208981668857,0.8002301752890075
7,69,16,Madueke,ARS,NFO,MID,6.2,0.16956800219271165,0.05264312526580079,0.02890322580645161,12.8,0.01104787273049681,0.785162225995461
7,65,256,Tete,FUL,HUL,DEF,4.4,0.062035678301943314,0.17997296982697142,0.07568292682926829,16.5,0.017868894719595373,0.7829118828281866
7,65,240,Iroegbunam,HUL,FUL,MID,5.0,0.10778472208379684,0.014173390754477676,0.013161290322580644,15.5,0.016103359021032486,0.7802030389946562
7,70,584,Hamer,COV,TOT,MID,5.4,0.17358795293217433,0.016339600239331818,0.012903225806451613,12.7,0.025153215394437677,0.7734846912688161
7,68,52,Alysson,AVL,NEW,MID,5.0,0.1744291586325675,0.009284815654810872,0.009806451612903225,12.4,0.026843155821228034,0.7708738534751336
7,68,160,Garnacho,AVL,NEW,MID,5.8,0.18157314368978705,0.010506501925180723,0.011096774193548386,11.5,0.021353152902471813,0.7682803153873451
7,63,594,David,BHA,CRY,FWD,5.9,0.35008947229576076,0.0,0.0010526315789473684,10.4,0.009187638527321481,0.7630528525435613
7,61,81,Rodríguez,BOU,SUN,FWD,6.0,0.29140457967618083,0.0,0.0010526315789473684,11.0,0.012174882518904794,0.7581073072541914
7,69,478,Netz,NFO,ARS,DEF,4.4,0.057586586327262906,0.035036132651066934,0.02609756097560976,14.0,0.009340344452254014,0.7532365700661419
7,66,339,Longstaff,LEE,MUN,MID,4.9,0.2431452066808955,0.014404663101453165,0.018838709677419352,12.5,0.010351273040838663,0.7522678140704426
7,66,440,Zirkzee,MUN,LEE,FWD,5.3,0.2116523375296505,0.0,0.0008421052631578948,11.7,0.008868375165733364,0.7316026390929263
7,66,420,Yoro,MUN,LEE,DEF,4.8,0.02982566816160173,0.06907840425516204,0.06524390243902439,16.3,0.006602320349705619,0.7296971612701267
7,67,621,McAidoo,MCI,IPS,MID,4.5,0.20336979681594428,0.022764088570507022,0.014709677419354838,11.9,0.0053016808475541905,0.7273415715374587
7,66,162,Andrey Santos,MUN,LEE,MID,4.8,0.079467804607357,0.03854729889196964,0.02961290322580645,16.6,0.010572041464166378,0.7269720592151182
7,67,395,Lewis,MCI,IPS,DEF,4.4,0.11566838642620164,0.21309018281166622,0.08246829268292684,12.4,0.00403635432358862,0.7220312697853665
7,67,616,Bouaddi,MCI,IPS,MID,5.5,0.1955768411078949,0.022764088570507022,0.014709677419354838,11.9,0.005231380302983989,0.7199637964116627
7,67,318,Philogene,IPS,MCI,MID,5.4,0.13646506189846977,0.0061969168423523045,0.012903225806451613,12.9,0.005422033825580477,0.7179614007291146
7,66,648,Bahoya,LEE,MUN,MID,5.0,0.19263085716875564,0.013220718189004962,0.01729032258064516,12.3,0.00870059468207934,0.708731194366225
7,67,323,McAteer,IPS,MCI,MID,4.4,0.1332657914889263,0.0061969168423523045,0.012903225806451613,12.7,0.005457110225045568,0.703761873614928
7,61,76,Tóth.A,BOU,SUN,MID,4.9,0.17304516749680932,0.01364224639069174,0.012903225806451613,11.3,0.012803047131282275,0.6820943334925196
7,69,482,Hudson-Odoi,NFO,ARS,MID,5.8,0.14391500742304963,0.040261617638542295,0.03741935483870967,13.9,0.010818002123406393,0.669413982023708
7,63,212,Hughes,CRY,BHA,MID,4.4,0.03697056641069034,0.016080254937348208,0.03380645161290323,16.7,0.010385618163870318,0.6621262222049796
7,67,571,Florentino,IPS,MCI,MID,4.8,0.035505505105758915,0.00979112861091664,0.020387096774193546,14.9,0.005178861269308146,0.6565317646925081
7,65,255,J.Cuenca,FUL,HUL,DEF,4.5,0.002626139450734811,0.21224398510629047,0.15244024390243904,15.6,0.016287919032442876,0.6497923287447719
7,64,164,Quenda,CHE,EVE,MID,5.3,0.14018429825703682,0.011390174174990109,0.012903225806451613,11.3,0.010767811896793777,0.6453570801417582
7,68,446,Schär,NEW,AVL,DEF,4.9,0.0010409361142973118,0.05094936955217046,0.04123414634146342,14.1,0.0224783778738296,0.6433280767185926
7,65,638,Norton-Cuffy,HUL,FUL,DEF,4.0,0.07947253903250855,0.03510499755927513,0.02609756097560976,11.9,0.013761089044089566,0.6415406239125492
7,66,430,Mount,MUN,LEE,MID,5.4,0.1722534756294316,0.021667109181107116,0.022193548387096772,10.8,0.007423384511858003,0.6295402179795205
7,63,595,Gozo,CRY,BHA,MID,5.0,0.14365708866091242,0.0061375018844840494,0.012903225806451613,11.0,0.010229461250816264,0.6266857317548599
7,63,241,McNeil,CRY,BHA,MID,5.4,0.1112512322436637,0.019149005879590234,0.030193548387096772,14.2,0.009868945977250413,0.6178783556241545
7,63,42,Guessand,CRY,BHA,MID,5.4,0.15350513218913864,0.008101502487518945,0.01703225806451613,9.8,0.008153883163257582,0.6027927759044313
7,68,664,Salia,NEW,AVL,FWD,4.5,0.33604620931048756,0.0,0.0026947368421052632,11.2,0.02249185056991733,0.6018737588500818
7,61,549,Talbi,SUN,BOU,MID,5.3,0.1821272306114475,0.026308204814458475,0.02890322580645161,11.5,0.01046741473051659,0.5998060759628743
7,61,548,Rigg,SUN,BOU,MID,4.9,0.10644130365289167,0.01855668018162696,0.020387096774193546,10.4,0.010905578099427814,0.5809890950164825
7,62,100,Carvalho,BRE,LIV,MID,5.0,0.18313033733133444,0.013381901310385441,0.012903225806451613,9.0,0.01130129657370419,0.5646813044047693
7,66,641,Bard,LEE,MUN,DEF,4.5,0.08156199926029647,0.014613235357280902,0.03497073170731708,11.3,0.006495039820584189,0.5639216002875492
7,64,245,Dibling,EVE,CHE,MID,5.4,0.18149118002344164,0.014227987955268147,0.012903225806451613,9.0,0.00971920407839309,0.563014908248149
7,68,442,Pope,NEW,AVL,GK,4.9,0.030213047267961438,0.1387622896522931,0.0,17.5,0.02674847575235855,0.5602370577057255
7,66,421,Heaven,MUN,LEE,DEF,4.4,0.06433585694144534,0.09449925702106166,0.06694024390243904,15.1,0.007917627489629235,0.5575563393918422
7,68,450,Livramento,NEW,AVL,DEF,4.9,0.036447335442047646,0.04772472590962803,0.03862439024390244,12.0,0.023039523342523086,0.5543649839641844
7,63,647,Osorio,CRY,BHA,MID,5.5,0.14259975703877364,0.008224252525208626,0.01729032258064516,10.4,0.009990466180087275,0.552026952646316
7,67,406,Kovačić,MCI,IPS,MID,5.4,0.14294894271270958,0.019968498746058792,0.012903225806451613,9.4,0.004536681957821638,0.5498081362285716
7,68,665,Mills,NEW,AVL,MID,4.5,0.19672921134523721,0.034287684272642144,0.03303225806451613,11.2,0.02335261900043419,0.5275816012913496
7,68,666,Thompson,NEW,AVL,MID,4.5,0.19672921134523721,0.034287684272642144,0.03303225806451613,11.2,0.02335261900043419,0.5275816012913496
7,62,89,Henry,BRE,LIV,DEF,4.4,0.06125404307764186,0.06371483394275147,0.051673170731707324,11.0,0.008611493439188373,0.5186734964195856
7,70,599,Cherif,COV,TOT,FWD,5.0,0.19277127913004088,0.0,0.0010526315789473684,8.3,0.019117174494083816,0.5185414599298541
7,65,340,Gelhardt,HUL,FUL,MID,5.0,0.1314162010105544,0.013895481131840859,0.012903225806451613,9.0,0.01488578455755867,0.5172044348407954
7,63,120,Svoboda,BHA,CRY,DEF,5.0,0.07626120274402931,0.05696956429219065,0.02609756097560976,9.0,0.007954729639895504,0.5149901021242457
7,63,207,Mingueza,CRY,BHA,DEF,4.4,0.06595790706698207,-0.015578520491977905,0.02609756097560976,10.4,0.008327069907585633,0.5095135647818868
7,67,300,Walton,IPS,MCI,GK,4.4,0.0030598470461706342,-0.04535433146454425,0.0,24.1,0.006951515325047407,0.5089189356685787
7,68,663,Pivas,NEW,AVL,DEF,4.0,0.09351783806425547,0.0825508772490863,0.06680975609756098,11.2,0.01912016531888526,0.5068264310841445
7,70,179,Latibeaudiere,COV,TOT,DEF,4.0,0.0612886131607204,0.048562686435670216,0.02609756097560976,9.0,0.017803231623493464,0.5013743328480837
7,69,20,Dowman,ARS,NFO,MID,5.3,0.10508962718265692,0.023501395207946783,0.012903225806451613,9.0,0.008973968420621878,0.494640797777807
7,62,660,Fredrick,BRE,LIV,DEF,4.0,0.08283046654847617,0.08237877519870898,0.06680975609756098,11.2,0.009513522131268614,0.48636031433037114
7,69,487,Dominguez,NFO,ARS,MID,4.9,0.04875751298139586,0.03276462676791718,0.030451612903225803,10.1,0.009034439857494086,0.48211436322383033
7,67,622,Braithwaite,MCI,IPS,DEF,4.0,0.06244339291014382,0.07687430645737325,0.029751219512195125,8.1,0.003652976114386067,0.4538819115814291
7,65,574,Hjertø-Dahl,HUL,FUL,MID,4.9,0.10236806346722285,0.013895481131840859,0.012903225806451613,7.6,0.013699067905524975,0.4139381168253398
7,61,539,O'Nien,SUN,BOU,DEF,3.9,0.05613474201496957,0.0591432651503441,0.051281707317073176,11.5,0.010195001655257333,0.41064060649659156
7,64,243,Alcaraz,EVE,CHE,MID,4.9,0.060731094026045575,0.013374308677952057,0.012129032258064516,8.8,0.008765182438974537,0.40948749082525737
7,67,396,Vitor Reis,MCI,IPS,DEF,4.5,0.054734332057039654,0.06743360215559058,0.02609756097560976,7.1,0.003516003198309745,0.39765015490137057
7,70,185,Sakamoto,COV,TOT,MID,4.8,0.09862778869050143,0.016339600239331818,0.012903225806451613,7.1,0.01869115589011608,0.3902812888408531
7,67,392,Aït-Nouri,MCI,IPS,DEF,5.3,0.055627656049339815,0.11598579570761577,0.044887804878048776,7.0,0.004108424383267166,0.38319155537460514
7,64,159,Caicedo,CHE,EVE,MID,5.3,0.06946688657191954,0.024602776217978635,0.027870967741935482,11.0,0.010319156077464028,0.37600101859402396
7,62,661,Balcombe,BRE,LIV,GK,4.0,0.0015995573202322614,0.08849053967192566,0.0,11.2,0.010017021641304108,0.36099600752235084
7,63,658,Ibrahim,BHA,CRY,MID,4.5,0.13467963691232793,0.030479597170785733,0.021935483870967745,7.5,0.008450885641775688,0.3555945959676337
7,68,659,Miley,NEW,AVL,MID,4.5,0.13173831116868562,0.022769165337301427,0.021935483870967745,7.5,0.019073980969537222,0.35556593371826867
7,68,667,Wright,AVL,NEW,GK,4.0,0.0016085489734033681,0.07111277662114696,0.0,11.2,0.02013126764237981,0.35374148212581896
7,66,344,Gruev,LEE,MUN,MID,5.0,0.10063786663826443,0.020719035967843594,0.027096774193548386,8.9,0.00652726605417513,0.35172297623774657
7,67,321,Walle Egeli,IPS,MCI,FWD,4.5,0.12258849071984411,0.0,0.0010526315789473684,6.7,0.003793833001771709,0.34671531260211413
7,61,62,Diakité,BOU,SUN,DEF,4.9,0.0,0.07070094485371832,0.05480487804878049,9.4,0.009128657080082023,0.34426193096297303
7,70,497,Dubravka,TOT,COV,GK,4.0,0.0,0.11336103133381226,0.0,9.8,0.017716204240670257,0.33796612446337143
7,66,435,Lacey,MUN,LEE,MID,4.9,0.08576748281053573,0.012597156500643672,0.012903225806451613,6.7,0.006246094307383886,0.3365234756434604
7,70,655,Gboho,COV,TOT,MID,5.5,0.10764068333408632,0.027777320406864092,0.021935483870967745,7.5,0.019033303091484696,0.33643578307517946
7,65,285,McNair,HUL,FUL,DEF,4.0,0.041535116480423365,0.03510499755927513,0.02609756097560976,6.7,0.011451271964332127,0.3362467082072498
7,62,657,Nunes,BRE,LIV,MID,4.5,0.11668304146330925,0.02274923222765525,0.021935483870967745,7.5,0.009490524662742405,0.33090727459645125
7,69,493,Kalimuendo,NFO,ARS,FWD,5.4,0.10190527169573987,0.0,0.0010526315789473684,6.7,0.007738734669845766,0.329748757197496
7,70,147,Tosin,TOT,COV,DEF,4.4,0.0,0.027816879952822275,0.013570731707317074,6.2,0.01649489615096856,0.32029083454700885
7,68,35,Bogarde,AVL,NEW,MID,4.9,0.0,0.019302643071843657,0.020387096774193546,8.9,0.016453686517181536,0.30366605164111543
7,67,308,Furlong,IPS,MCI,DEF,3.9,0.03569736796827329,-0.01510367244247126,0.02609756097560976,7.1,0.0034445243506015517,0.29635291401990943
7,64,654,Graham,EVE,CHE,MID,4.5,0.10399154526519379,0.019065503860059316,0.01729032258064516,5.9,0.008048374502412541,0.2738476202074418
7,67,628,Allan,MCI,IPS,MID,6.0,0.09585866655990813,0.02675778831971878,0.01729032258064516,5.9,0.0037031568092165054,0.2690618082686196
7,67,653,Samba,MCI,IPS,MID,4.5,0.09585866655990813,0.02675778831971878,0.01729032258064516,5.9,0.0037031568092165054,0.2690618082686196
7,65,636,Ángel,FUL,HUL,MID,5.0,0.08783384782655068,0.025343551408696544,0.01729032258064516,5.9,0.0123851573355371,0.26830475315056046
7,61,651,J.Angulo,SUN,BOU,FWD,4.5,0.12735568402634068,0.0,0.0014105263157894738,5.9,0.009139317573522675,0.26360032046499854
7,68,630,Harwood-Bellis,AVL,NEW,DEF,4.5,0.04387918744444226,0.03402396729618226,0.03497073170731708,5.9,0.01572748629923171,0.2565017287017004
7,65,556,Targett,HUL,FUL,DEF,4.0,0.03219071056814955,0.026679798145049102,0.019834146341463414,5.0,0.010838204152766713,0.25606236195263893
7,65,645,Mouzakitis,HUL,FUL,MID,5.0,0.0806472765112634,0.018619944716666753,0.01729032258064516,5.9,0.012385157335537102,0.2543945751432434
7,63,614,Hadjam,BHA,CRY,DEF,4.5,0.042681166967851784,0.06494530329309733,0.029751219512195125,5.0,0.006739430489764682,0.25255809988538946
7,65,626,Zepa,FUL,HUL,MID,4.5,0.0744354642597887,0.021560931795458253,0.014709677419354838,5.0,0.011789799186909587,0.22886186757602914
7,63,117,Coppola,BHA,CRY,DEF,4.5,0.03755942693170958,0.05696956429219065,0.02609756097560976,4.4,0.0065918917548737545,0.22268650602216664
7,70,510,Rowswell,TOT,COV,DEF,4.0,0.031872899638715306,0.05349399990927361,0.02609756097560976,4.4,0.014849771759035759,0.22178229435041727
7,70,509,Byfield,TOT,COV,DEF,4.0,0.031872899638715306,0.05349399990927361,0.02609756097560976,4.4,0.014849771759035759,0.22178229435041727
7,70,508,Davies,TOT,COV,DEF,3.9,0.031872899638715306,0.05349399990927361,0.02609756097560976,4.4,0.014849771759035759,0.22178229435041727
7,65,272,Kusi-Asare,FUL,HUL,FWD,4.5,0.11189037347284107,0.0,0.0010526315789473684,4.4,0.011241618740771217,0.21800785891410562
7,70,178,Bidwell,COV,TOT,DEF,4.0,0.03001880962299976,0.048562686435670216,0.02609756097560976,4.4,0.014849771759035759,0.21499689086109838
7,63,134,Oriola,BHA,CRY,MID,4.5,0.0790120536552324,0.01792917480634455,0.012903225806451613,4.4,0.007131337410693295,0.21061786720349748
7,70,524,Olusesi,TOT,COV,MID,4.4,0.06704956550537512,0.017266508676697562,0.012903225806451613,4.4,0.016063950200808755,0.20692532571410868
7,70,601,Williams-Barnett,TOT,COV,MID,4.5,0.06704956550537512,0.017266508676697562,0.012903225806451613,4.4,0.016063950200808755,0.20692532571410868
7,61,613,Ahoka,SUN,BOU,MID,4.5,0.06318386312850907,0.013388997093072615,0.014709677419354838,5.0,0.008873896398999949,0.20652242895445422
7,68,50,Burrowes,AVL,NEW,MID,4.5,0.06883885438515334,0.012216862703698518,0.012903225806451613,4.4,0.01609826197903946,0.20369928039911858
7,65,270,Reed,FUL,HUL,MID,4.4,0.06550320854861405,0.01891309806619145,0.012903225806451613,4.4,0.011408865012252224,0.20237047295828497
7,70,189,Shepherd,COV,TOT,MID,4.4,0.06314920088933065,0.016339600239331818,0.012903225806451613,4.4,0.016063950200808755,0.20209805266069847
7,64,169,Mheuka,CHE,EVE,FWD,4.5,0.09538557036810902,0.0,0.0010526315789473684,4.4,0.00730500592079737,0.19756644298939968
7,62,382,Danns,LIV,BRE,FWD,4.5,0.09441913847815049,0.0,0.0010526315789473684,4.4,0.007891511624317064,0.1971865168029609
7,61,573,Sanchez,BOU,SUN,DEF,4.4,0.03303853270014479,0.033667116597008724,0.02609756097560976,4.4,0.007937657887448846,0.196208930227995
7,61,66,Soler,BOU,SUN,DEF,4.0,0.03303853270014479,0.033667116597008724,0.02609756097560976,4.4,0.007937657887448846,0.196208930227995
7,65,284,McCarthy,HUL,FUL,DEF,4.0,0.028590119978675055,0.03510499755927513,0.02609756097560976,4.4,0.010546235056051961,0.19580697563739477
7,68,606,Rowe,AVL,NEW,DEF,4.0,0.03272346182297389,0.025391020370285275,0.02609756097560976,4.4,0.014881482560569415,0.19456158779722124
7,68,38,A.García,AVL,NEW,DEF,4.0,0.03272346182297389,0.025391020370285275,0.02609756097560976,4.4,0.014881482560569415,0.19456158779722124
7,69,3,Meslier,ARS,NFO,GK,4.9,0.00046319934506509945,0.08530609369647284,0.0,4.4,0.006525739336656414,0.1940728101559721
7,69,2,Arrizabalaga,ARS,NFO,GK,4.9,0.00046319934506509945,0.08530609369647284,0.0,4.4,0.006525739336656414,0.1940728101559721
7,62,92,Ji-soo,BRE,LIV,DEF,4.4,0.0325405404297585,0.03217920906199569,0.02609756097560976,4.4,0.007403233042744305,0.19368860557789117
7,65,292,Ömür,HUL,FUL,MID,4.9,0.060143731635518456,0.013895481131840859,0.012903225806451613,4.4,0.011408865012252224,0.1919933791108388
7,65,294,Zambrano,HUL,FUL,MID,4.5,0.060143731635518456,0.013895481131840859,0.012903225806451613,4.4,0.011408865012252224,0.1919933791108388
7,65,288,Dowell,HUL,FUL,MID,4.5,0.060143731635518456,0.013895481131840859,0.012903225806451613,4.4,0.011408865012252224,0.1919933791108388
7,66,604,Cresswell,LEE,MUN,MID,4.5,0.06903620782964556,0.009866207603735046,0.012903225806451613,4.4,0.005493185085201663,0.19094090184980952
7,70,623,Bentley,COV,TOT,GK,4.0,0.000658749797216911,0.05599231653877175,0.0,5.0,0.01553528818629705,0.18779746563339683
7,61,550,Jocelin.T,SUN,BOU,MID,5.0,0.055601799553087985,0.011744734292168962,0.012903225806451613,4.4,0.008587097604923743,0.18247893278140795
7,66,437,Bendito Mantato,MUN,LEE,MID,4.4,0.05736796804905927,0.012597156500643672,0.012903225806451613,4.4,0.005493185085201663,0.18200361096613185
7,66,438,Fletcher,MUN,LEE,MID,4.4,0.05736796804905927,0.012597156500643672,0.012903225806451613,4.4,0.005493185085201663,0.18200361096613185
7,66,434,J.Fletcher,MUN,LEE,MID,4.9,0.05736796804905927,0.012597156500643672,0.012903225806451613,4.4,0.005493185085201663,0.18200361096613185
7,69,476,O.Richards,NFO,ARS,DEF,4.0,0.018658360839796995,0.035036132651066934,0.02609756097560976,4.4,0.006394820989457631,0.18165493752371417
7,66,424,Amass,MUN,LEE,DEF,4.0,0.027270623967848233,0.027631361702064813,0.02609756097560976,4.4,0.005077583960752053,0.18154519267405775
7,63,218,Doucouré,CRY,BHA,MID,4.8,0.06044238989585057,0.0061375018844840494,0.012903225806451613,4.4,0.007131337410693295,0.18025653052225518
7,63,221,Drakes-Thomas,CRY,BHA,MID,4.5,0.06044238989585057,0.0061375018844840494,0.012903225806451613,4.4,0.007131337410693295,0.18025653052225518
7,62,378,McConnell,LIV,BRE,MID,4.4,0.05527514411430555,0.009720397355810696,0.012903225806451613,4.4,0.008008949669271313,0.17954979247061484
7,62,374,Endo,LIV,BRE,MID,4.9,0.05527514411430555,0.009720397355810696,0.012903225806451613,4.4,0.008008949669271313,0.17954979247061484
7,65,251,Lecomte,FUL,HUL,GK,4.0,0.0006013092449608075,0.06249582460207643,0.0,4.4,0.01076206629423937,0.1756369779190544
7,64,561,Anselmino,CHE,EVE,DEF,4.5,0.026544719375512008,0.02043018920880244,0.02609756097560976,4.4,0.006852989962427679,0.17539352159013474
7,62,351,Mamardashvili,LIV,BRE,GK,4.9,0.0,0.016004774524421065,0.0,6.7,0.008231811430898503,0.17423658595531955
7,67,587,Rulli,MCI,IPS,GK,5.0,0.0006562470373142909,0.06786978198974582,0.0,4.4,0.0032175190261483078,0.17352132583098617
7,67,386,Bettinelli,MCI,IPS,GK,4.5,0.0006562470373142909,0.06786978198974582,0.0,4.4,0.0032175190261483078,0.17352132583098617
7,70,495,Austin,TOT,COV,GK,4.0,0.0006155045608043022,0.05393017974342885,0.0,4.4,0.015153567484042453,0.17147702956605335
7,66,603,Lienou,LEE,MUN,DEF,4.0,0.03281727639853817,0.010905399520358884,0.02609756097560976,4.4,0.005077583960752053,0.17036588292304172
7,63,111,Steele,BHA,CRY,GK,4.0,0.0007253183375127331,0.05740574412634589,0.0,4.4,0.0067268580987999115,0.1666356983404363
7,70,172,Wilson,COV,TOT,GK,4.4,0.0005796998215508817,0.048998866269825456,0.0,4.4,0.015153567484042453,0.16650991135319657
7,62,359,Gomez,LIV,BRE,DEF,4.9,0.03615978517274471,0.010562064094159534,0.02766341463414634,3.6,0.007256991484765531,0.16639983114339185
7,62,361,Lucky,LIV,BRE,DEF,4.0,0.026275772372149835,0.009964211409584468,0.02609756097560976,4.4,0.007403233042744305,0.16520883986787127
7,66,131,Baleba,MUN,LEE,MID,4.9,0.0,0.017132132840875395,0.017548387096774195,4.8,0.005108242667182511,0.16520796066072518
7,67,310,Matusiwa,IPS,MCI,MID,4.9,0.04800277582209333,0.0061969168423523045,0.012903225806451613,4.4,0.003411032635143901,0.16415602663081674
7,67,324,Mehmeti,IPS,MCI,MID,4.8,0.04800277582209333,0.0061969168423523045,0.012903225806451613,4.4,0.003411032635143901,0.16415602663081674
7,61,615,Di Gregorio,BOU,SUN,GK,4.5,0.0007250163144340494,0.03901136692269765,0.0,5.0,0.00830431895740334,0.16365181330564613
7,66,629,Zetterer,LEE,MUN,GK,4.0,0.0008497899098669813,0.015627511451219316,0.0,5.9,0.0055144089433006695,0.15835282141549809
7,68,443,Gillespie,NEW,AVL,GK,4.5,0.000709477802541208,0.03268261625957959,0.0,4.4,0.01518592895116408,0.15035580079106264
7,65,273,Phillips,HUL,FUL,GK,4.0,0.0005521100822418297,0.03554117739343037,0.0,4.4,0.01076206629423937,0.14863313154768934
7,64,227,Travers,EVE,CHE,GK,5.0,0.0007119246066642116,0.03741563216066296,0.0,4.4,0.006993283378846693,0.14689861792395162
7,64,228,King,EVE,CHE,GK,4.5,0.0007119246066642116,0.03741563216066296,0.0,4.4,0.006993283378846693,0.14689861792395162
7,61,58,Forster,BOU,SUN,GK,4.0,0.0006380143567019635,0.034103296431163964,0.0,4.4,0.00810014608221654,0.14461923464786022
7,69,468,John,NFO,ARS,GK,4.5,0.0003603157015585023,0.035472312485222174,0.0,4.4,0.0065257393366564154,0.14413614530121485
7,69,590,Benda,NFO,ARS,GK,4.5,0.0003603157015585023,0.035472312485222174,0.0,4.4,0.006525739336656414,0.14413614530121482
7,62,83,Valdimarsson,BRE,LIV,GK,4.5,0.0006283975186626742,0.032615388896150926,0.0,4.4,0.007554781797279125,0.14257634598987048
7,64,158,Gittens,CHE,EVE,MID,5.8,0.029765104104103622,0.009112139339992087,0.01032258064516129,2.4,0.006583328982119965,0.13878315307137695
7,66,625,Cairns,LEE,MUN,GK,4.0,0.0007201609405652383,0.01306300945531683,0.0,5.0,0.0053122212072625255,0.1347065027142557
7,61,531,Ellborg,SUN,BOU,GK,4.5,0.0005104158536435068,0.02300994515871406,0.0,4.4,0.00810014608221654,0.13339828487235186
7,67,303,Kipré,IPS,MCI,DEF,3.9,0.022818755716391286,-0.01510367244247126,0.02609756097560976,4.4,0.003152948753110116,0.1324336550704228
7,66,325,Darlow,MUN,LEE,GK,4.5,0.0,0.027606517996236875,0.0,4.7,0.005262719006711635,0.13149549962921114
7,64,560,Penders,CHE,EVE,GK,4.4,0.0005126109022428597,0.02086636904295768,0.0,4.4,0.006993283378846693,0.13015004110182501
7,62,355,Davies,LIV,BRE,GK,4.0,0.0005074172076289253,0.010400391243739706,0.0,4.4,0.007554781797279125,0.12024036802642556
7,62,352,Woodman,LIV,BRE,GK,4.0,0.0005074172076289253,0.010400391243739706,0.0,4.4,0.007554781797279125,0.12024036802642556
7,63,555,Matthews,CRY,BHA,GK,4.0,0.0005548517185219568,-0.015142340657822667,0.0,4.4,0.0067268580987999115,0.09391714693727701
7,64,152,Palestra,CHE,EVE,DEF,5.3,0.013272359687756004,0.01021509460440122,0.01304878048780488,2.2,0.006318815915312424,0.09108908172916597
7,67,301,Palmer,IPS,MCI,GK,4.0,0.0004406580001983211,-0.014667492608316022,0.0,4.4,0.003217519026148308,0.09076846219580839
7,67,302,Button,IPS,MCI,GK,4.0,0.0004406580001983211,-0.014667492608316022,0.0,4.4,0.003217519026148308,0.09076846219580839
7,68,444,Jaouen,NEW,AVL,GK,4.4,0.000354738901270604,0.016180722034393958,0.0,2.2,0.013861880600384438,0.08178623042493789
7,69,489,Yates,NFO,ARS,MID,4.5,0.011964104917222218,0.00555332657083342,0.005161290322580645,1.7,0.005929690894978362,0.062136651908272444
7,68,448,Burn,NEW,AVL,DEF,4.8,0.0,0.0,0.0,0.0,0.01265315854352062,0.01265315854352062
7,68,451,A.Murphy,NEW,AVL,DEF,4.0,0.0,0.0,0.0,0.0,0.01265315854352062,0.01265315854352062
7,68,463,Woltemade,NEW,AVL,FWD,5.9,0.0,0.0,0.0,0.0,0.01265315854352062,0.01265315854352062
7,68,465,Osula,NEW,AVL,FWD,5.8,0.0,0.0,0.0,0.0,0.01265315854352062,0.01265315854352062
7,68,466,Neave,NEW,AVL,FWD,4.5,0.0,0.0,0.0,0.0,0.01265315854352062,0.01265315854352062
7,68,454,Elanga,NEW,AVL,MID,6.1,0.0,0.0,0.0,0.0,0.01265315854352062,0.01265315854352062
7,68,456,J.Ramsey,NEW,AVL,MID,4.9,0.0,0.0,0.0,0.0,0.01265315854352062,0.01265315854352062
7,68,458,Joelinton,NEW,AVL,MID,5.4,0.0,0.0,0.0,0.0,0.01265315854352062,0.01265315854352062
7,68,593,Dedić,NEW,AVL,DEF,4.5,0.0,0.0,0.0,0.0,0.01265315854352062,0.01265315854352062
7,68,609,Shahar,NEW,AVL,DEF,4.0,0.0,0.0,0.0,0.0,0.01265315854352062,0.01265315854352062
7,68,39,Nedeljkovic,AVL,NEW,DEF,4.0,0.0,0.0,0.0,0.0,0.01265315854352062,0.01265315854352062
7,68,44,Bailey,AVL,NEW,MID,5.4,0.0,0.0,0.0,0.0,0.01265315854352062,0.01265315854352062
7,68,48,Onana,AVL,NEW,MID,4.9,0.0,0.0,0.0,0.0,0.01265315854352062,0.01265315854352062
7,68,49,Iling Jr,AVL,NEW,MID,5.0,0.0,0.0,0.0,0.0,0.01265315854352062,0.01265315854352062
7,68,36,Maatsen,AVL,NEW,DEF,4.4,0.0,0.0,0.0,0.0,0.01265315854352062,0.01265315854352062
7,68,607,Lynch,AVL,NEW,MID,4.5,0.0,0.0,0.0,0.0,0.01265315854352062,0.01265315854352062
7,68,618,Goretzka,AVL,NEW,MID,5.9,0.0,0.0,0.0,0.0,0.01265315854352062,0.01265315854352062
7,68,55,Watkins,AVL,NEW,FWD,7.8,0.0,0.0,0.0,0.0,0.01265315854352062,0.01265315854352062
7,68,582,Madjo,AVL,NEW,FWD,5.4,0.0,0.0,0.0,0.0,0.01265315854352062,0.01265315854352062
7,68,34,Pau,AVL,NEW,DEF,4.5,0.0,0.0,0.0,0.0,0.01265315854352062,0.01265315854352062
7,68,30,Digne,AVL,NEW,DEF,4.5,0.0,0.0,0.0,0.0,0.01265315854352062,0.01265315854352062
7,68,29,M.Bizot,AVL,NEW,GK,4.5,0.0,0.0,0.0,0.0,0.01265315854352062,0.01265315854352062
7,70,518,P.M.Sarr,TOT,COV,MID,4.9,0.0,0.0,0.0,0.0,0.012626207776821793,0.012626207776821793
7,70,521,Kulusevski,TOT,COV,MID,6.5,0.0,0.0,0.0,0.0,0.012626207776821793,0.012626207776821793
7,70,517,Odobert,TOT,COV,MID,5.5,0.0,0.0,0.0,0.0,0.012626207776821793,0.012626207776821793
7,70,528,Scarlett,TOT,COV,FWD,4.5,0.0,0.0,0.0,0.0,0.012626207776821793,0.012626207776821793
7,70,578,Mudryk,TOT,COV,MID,5.3,0.0,0.0,0.0,0.0,0.012626207776821793,0.012626207776821793
7,70,523,Moore,TOT,COV,MID,5.0,0.0,0.0,0.0,0.0,0.012626207776821793,0.012626207776821793
7,70,527,Richarlison,TOT,COV,FWD,5.9,0.0,0.0,0.0,0.0,0.012626207776821793,0.012626207776821793
7,70,511,Souza,TOT,COV,DEF,4.0,0.0,0.0,0.0,0.0,0.012626207776821793,0.012626207776821793
7,70,513,Xavi,TOT,COV,MID,5.9,0.0,0.0,0.0,0.0,0.012626207776821793,0.012626207776821793
7,70,494,Vicario,TOT,COV,GK,4.5,0.0,0.0,0.0,0.0,0.012626207776821793,0.012626207776821793
7,70,500,Romero,TOT,COV,DEF,5.0,0.0,0.0,0.0,0.0,0.012626207776821793,0.012626207776821793
7,70,505,Spence,TOT,COV,DEF,4.5,0.0,0.0,0.0,0.0,0.012626207776821793,0.012626207776821793
7,70,507,Phillips,TOT,COV,DEF,4.5,0.0,0.0,0.0,0.0,0.012626207776821793,0.012626207776821793
7,70,171,Dovin,COV,TOT,GK,4.0,0.0,0.0,0.0,0.0,0.012626207776821793,0.012626207776821793
7,70,174,Kitching,COV,TOT,DEF,4.0,0.0,0.0,0.0,0.0,0.012626207776821793,0.012626207776821793
7,70,177,Kesler-Hayden,COV,TOT,DEF,3.9,0.0,0.0,0.0,0.0,0.012626207776821793,0.012626207776821793
7,70,180,Woolfenden,COV,TOT,DEF,4.0,0.0,0.0,0.0,0.0,0.012626207776821793,0.012626207776821793
7,70,181,Brau,COV,TOT,DEF,4.0,0.0,0.0,0.0,0.0,0.012626207776821793,0.012626207776821793
7,70,182,Amenda,COV,TOT,DEF,4.0,0.0,0.0,0.0,0.0,0.012626207776821793,0.012626207776821793
7,70,187,Eccles,COV,TOT,MID,4.8,0.0,0.0,0.0,0.0,0.012626207776821793,0.012626207776821793
7,70,191,Borges Rodrigues,COV,TOT,MID,4.5,0.0,0.0,0.0,0.0,0.012626207776821793,0.012626207776821793
7,70,192,Andrews,COV,TOT,MID,4.5,0.0,0.0,0.0,0.0,0.012626207776821793,0.012626207776821793
7,70,193,Wright,COV,TOT,FWD,5.4,0.0,0.0,0.0,0.0,0.012626207776821793,0.012626207776821793
7,70,196,Markelo,COV,TOT,FWD,5.0,0.0,0.0,0.0,0.0,0.012626207776821793,0.012626207776821793
7,70,197,Bassette,COV,TOT,FWD,4.5,0.0,0.0,0.0,0.0,0.012626207776821793,0.012626207776821793
7,70,492,Awoniyi,COV,TOT,FWD,5.4,0.0,0.0,0.0,0.0,0.012626207776821793,0.012626207776821793
7,65,252,McNally,FUL,HUL,GK,4.0,0.0,0.0,0.0,0.0,0.00896660172610959,0.00896660172610959
7,65,266,Cairney,FUL,HUL,MID,4.9,0.0,0.0,0.0,0.0,0.00896660172610959,0.00896660172610959
7,65,610,De Fougerolles,FUL,HUL,DEF,4.0,0.0,0.0,0.0,0.0,0.00896660172610959,0.00896660172610959
7,65,298,Destan,HUL,FUL,FWD,4.5,0.0,0.0,0.0,0.0,0.00896660172610959,0.00896660172610959
7,65,297,Gyabi,HUL,FUL,MID,4.4,0.0,0.0,0.0,0.0,0.00896660172610959,0.00896660172610959
7,65,296,Akintola,HUL,FUL,MID,5.0,0.0,0.0,0.0,0.0,0.00896660172610959,0.00896660172610959
7,65,293,Kamara,HUL,FUL,MID,5.0,0.0,0.0,0.0,0.0,0.00896660172610959,0.00896660172610959
7,65,291,Matazo,HUL,FUL,MID,4.5,0.0,0.0,0.0,0.0,0.00896660172610959,0.00896660172610959
7,65,287,Millar,HUL,FUL,MID,5.0,0.0,0.0,0.0,0.0,0.00896660172610959,0.00896660172610959
7,65,299,Burstow,HUL,FUL,FWD,4.5,0.0,0.0,0.0,0.0,0.00896660172610959,0.00896660172610959
7,65,563,Morita,HUL,FUL,MID,5.0,0.0,0.0,0.0,0.0,0.00896660172610959,0.00896660172610959
7,65,632,Ansah,HUL,FUL,FWD,5.0,0.0,0.0,0.0,0.0,0.00896660172610959,0.00896660172610959
7,65,274,Butland,HUL,FUL,GK,4.4,0.0,0.0,0.0,0.0,0.00896660172610959,0.00896660172610959
7,65,275,Cartwright,HUL,FUL,GK,4.0,0.0,0.0,0.0,0.0,0.00896660172610959,0.00896660172610959
7,65,276,Lo-Tutala,HUL,FUL,GK,4.0,0.0,0.0,0.0,0.0,0.00896660172610959,0.00896660172610959
7,65,278,Hughes,HUL,FUL,DEF,3.9,0.0,0.0,0.0,0.0,0.00896660172610959,0.00896660172610959
7,65,281,Drameh,HUL,FUL,DEF,4.0,0.0,0.0,0.0,0.0,0.00896660172610959,0.00896660172610959
7,65,283,Jacob,HUL,FUL,DEF,4.0,0.0,0.0,0.0,0.0,0.00896660172610959,0.00896660172610959
7,61,59,Dennis,BOU,SUN,GK,4.0,0.0,0.0,0.0,0.0,0.0067484851375566365,0.0067484851375566365
7,61,63,Milosavljević,BOU,SUN,DEF,4.9,0.0,0.0,0.0,0.0,0.0067484851375566365,0.0067484851375566365
7,61,65,J.Araujo,BOU,SUN,DEF,4.4,0.0,0.0,0.0,0.0,0.0067484851375566365,0.0067484851375566365
7,61,70,Kluivert,BOU,SUN,MID,6.0,0.0,0.0,0.0,0.0,0.0067484851375566365,0.0067484851375566365
7,61,77,Adli,BOU,SUN,MID,4.9,0.0,0.0,0.0,0.0,0.0067484851375566365,0.0067484851375566365
7,61,78,Kroupi.Jr,BOU,SUN,MID,7.4,0.0,0.0,0.0,0.0,0.0067484851375566365,0.0067484851375566365
7,61,80,Enes Ünal,BOU,SUN,FWD,5.5,0.0,0.0,0.0,0.0,0.0067484851375566365,0.0067484851375566365
7,61,543,Diarra,SUN,BOU,MID,5.4,0.0,0.0,0.0,0.0,0.0067484851375566365,0.0067484851375566365
7,61,530,Patterson,SUN,BOU,GK,4.0,0.0,0.0,0.0,0.0,0.0067484851375566365,0.0067484851375566365
7,61,537,Seelt,SUN,BOU,DEF,4.5,0.0,0.0,0.0,0.0,0.0067484851375566365,0.0067484851375566365
7,61,538,Hjelde,SUN,BOU,DEF,4.0,0.0,0.0,0.0,0.0,0.0067484851375566365,0.0067484851375566365
7,61,540,Masuaku,SUN,BOU,DEF,4.0,0.0,0.0,0.0,0.0,0.0067484851375566365,0.0067484851375566365
7,61,546,Adingra,SUN,BOU,MID,4.9,0.0,0.0,0.0,0.0,0.0067484851375566365,0.0067484851375566365
7,61,547,Mundle,SUN,BOU,MID,4.9,0.0,0.0,0.0,0.0,0.0067484851375566365,0.0067484851375566365
7,62,103,Dasilva,BRE,LIV,MID,4.9,0.0,0.0,0.0,0.0,0.006294121432063575,0.006294121432063575
7,62,107,Furo,BRE,LIV,FWD,4.5,0.0,0.0,0.0,0.0,0.006294121432063575,0.006294121432063575
7,62,99,Milambo,BRE,LIV,MID,5.0,0.0,0.0,0.0,0.0,0.006294121432063575,0.006294121432063575
7,62,84,Collins,BRE,LIV,DEF,5.4,0.0,0.0,0.0,0.0,0.006294121432063575,0.006294121432063575
7,62,85,Van den Berg,BRE,LIV,DEF,4.9,0.0,0.0,0.0,0.0,0.006294121432063575,0.006294121432063575
7,62,97,Jensen,BRE,LIV,MID,5.4,0.0,0.0,0.0,0.0,0.006294121432063575,0.006294121432063575
7,62,353,Pecsi,LIV,BRE,GK,4.0,0.0,0.0,0.0,0.0,0.006294121432063575,0.006294121432063575
7,62,354,Jaros,LIV,BRE,GK,4.0,0.0,0.0,0.0,0.0,0.006294121432063575,0.006294121432063575
7,62,360,Bradley,LIV,BRE,DEF,5.0,0.0,0.0,0.0,0.0,0.006294121432063575,0.006294121432063575
7,62,363,Leoni,LIV,BRE,DEF,4.0,0.0,0.0,0.0,0.0,0.006294121432063575,0.006294121432063575
7,62,365,Ramsay,LIV,BRE,DEF,4.0,0.0,0.0,0.0,0.0,0.006294121432063575,0.006294121432063575
7,62,370,Chiesa,LIV,BRE,MID,5.3,0.0,0.0,0.0,0.0,0.006294121432063575,0.006294121432063575
7,62,373,C.Jones,LIV,BRE,MID,5.5,0.0,0.0,0.0,0.0,0.006294121432063575,0.006294121432063575
7,62,376,Bajcetic,LIV,BRE,MID,5.0,0.0,0.0,0.0,0.0,0.006294121432063575,0.006294121432063575
7,62,380,Ekitiké,LIV,BRE,FWD,7.4,0.0,0.0,0.0,0.0,0.006294121432063575,0.006294121432063575
7,62,383,Elliott,LIV,BRE,MID,5.4,0.0,0.0,0.0,0.0,0.006294121432063575,0.006294121432063575
7,64,234,Patterson,EVE,CHE,DEF,4.5,0.0,0.0,0.0,0.0,0.005826261078104455,0.005826261078104455
7,64,246,Röhl,EVE,CHE,MID,4.9,0.0,0.0,0.0,0.0,0.005826261078104455,0.005826261078104455
7,64,235,Aznou,EVE,CHE,DEF,4.0,0.0,0.0,0.0,0.0,0.005826261078104455,0.005826261078104455
7,64,248,Beto,EVE,CHE,FWD,5.4,0.0,0.0,0.0,0.0,0.005826261078104455,0.005826261078104455
7,64,21,Nørgaard,EVE,CHE,MID,4.9,0.0,0.0,0.0,0.0,0.005826261078104455,0.005826261078104455
7,64,140,Sánchez,CHE,EVE,GK,4.9,0.0,0.0,0.0,0.0,0.005826261078104455,0.005826261078104455
7,64,163,D.Essugo,CHE,EVE,MID,4.5,0.0,0.0,0.0,0.0,0.005826261078104455,0.005826261078104455
7,64,168,Marc Guiu,CHE,EVE,FWD,5.0,0.0,0.0,0.0,0.0,0.005826261078104455,0.005826261078104455
7,64,170,Emegha,CHE,EVE,FWD,5.0,0.0,0.0,0.0,0.0,0.005826261078104455,0.005826261078104455
7,64,143,Chalobah,CHE,EVE,DEF,5.5,0.0,0.0,0.0,0.0,0.005826261078104455,0.005826261078104455
7,64,146,B.Badiashile,CHE,EVE,DEF,4.5,0.0,0.0,0.0,0.0,0.005826261078104455,0.005826261078104455
7,64,150,M.Sarr,CHE,EVE,DEF,4.5,0.0,0.0,0.0,0.0,0.005826261078104455,0.005826261078104455
7,64,141,Jörgensen,CHE,EVE,GK,5.0,0.0,0.0,0.0,0.0,0.005826261078104455,0.005826261078104455
7,63,139,Ferguson,BHA,CRY,FWD,5.0,0.0,0.0,0.0,0.0,0.005604170873129723,0.005604170873129723
7,63,137,Tzimas,BHA,CRY,FWD,5.4,0.0,0.0,0.0,0.0,0.005604170873129723,0.005604170873129723
7,63,135,Yohanna,BHA,CRY,MID,4.9,0.0,0.0,0.0,0.0,0.005604170873129723,0.005604170873129723
7,63,133,Watson,BHA,CRY,MID,5.0,0.0,0.0,0.0,0.0,0.005604170873129723,0.005604170873129723
7,63,132,Howell,BHA,CRY,MID,4.5,0.0,0.0,0.0,0.0,0.005604170873129723,0.005604170873129723
7,63,624,Cozier-Duberry,BHA,CRY,MID,5.0,0.0,0.0,0.0,0.0,0.005604170873129723,0.005604170873129723
7,63,652,Azeez,BHA,CRY,MID,5.5,0.0,0.0,0.0,0.0,0.005604170873129723,0.005604170873129723
7,63,118,Igor,BHA,CRY,DEF,4.5,0.0,0.0,0.0,0.0,0.005604170873129723,0.005604170873129723
7,63,121,Mitoma,BHA,CRY,MID,5.9,0.0,0.0,0.0,0.0,0.005604170873129723,0.005604170873129723
7,63,122,Minteh,BHA,CRY,MID,5.8,0.0,0.0,0.0,0.0,0.005604170873129723,0.005604170873129723
7,63,123,Hinshelwood,BHA,CRY,MID,5.9,0.0,0.0,0.0,0.0,0.005604170873129723,0.005604170873129723
7,63,130,Wieffer,BHA,CRY,DEF,4.9,0.0,0.0,0.0,0.0,0.005604170873129723,0.005604170873129723
7,63,128,Buonanotte,BHA,CRY,MID,5.0,0.0,0.0,0.0,0.0,0.005604170873129723,0.005604170873129723
7,63,205,Sosa,CRY,BHA,DEF,4.5,0.0,0.0,0.0,0.0,0.005604170873129723,0.005604170873129723
7,63,198,Henderson,CRY,BHA,GK,5.0,0.0,0.0,0.0,0.0,0.005604170873129723,0.005604170873129723
7,63,225,Uche,CRY,BHA,FWD,5.0,0.0,0.0,0.0,0.0,0.005604170873129723,0.005604170873129723
7,63,153,Disasi,CRY,BHA,DEF,4.5,0.0,0.0,0.0,0.0,0.005604170873129723,0.005604170873129723
7,63,215,Devenny,CRY,BHA,MID,5.0,0.0,0.0,0.0,0.0,0.005604170873129723,0.005604170873129723
7,63,206,Chadi Riad,CRY,BHA,DEF,4.3,0.0,0.0,0.0,0.0,0.005604170873129723,0.005604170873129723
7,63,216,Esse,CRY,BHA,MID,5.0,0.0,0.0,0.0,0.0,0.005604170873129723,0.005604170873129723
7,63,223,Mateta,CRY,BHA,FWD,6.3,0.0,0.0,0.0,0.0,0.005604170873129723,0.005604170873129723
7,63,217,M.França,CRY,BHA,MID,4.9,0.0,0.0,0.0,0.0,0.005604170873129723,0.005604170873129723
7,63,219,J.Rak-Sakyi,CRY,BHA,MID,4.9,0.0,0.0,0.0,0.0,0.005604170873129723,0.005604170873129723
7,63,220,Cardines,CRY,BHA,DEF,4.5,0.0,0.0,0.0,0.0,0.005604170873129723,0.005604170873129723
7,69,6,Saliba,ARS,NFO,DEF,5.9,0.0,0.0,0.0,0.0,0.005436708492233555,0.005436708492233555
7,69,27,G.Jesus,ARS,NFO,FWD,5.9,0.0,0.0,0.0,0.0,0.005436708492233555,0.005436708492233555
7,69,24,Nelson,ARS,NFO,MID,5.5,0.0,0.0,0.0,0.0,0.005436708492233555,0.005436708492233555
7,69,23,Fábio Vieira,ARS,NFO,MID,5.5,0.0,0.0,0.0,0.0,0.005436708492233555,0.005436708492233555
7,69,22,Nwaneri,ARS,NFO,MID,5.4,0.0,0.0,0.0,0.0,0.005436708492233555,0.005436708492233555
7,69,18,Martinelli,ARS,NFO,MID,6.3,0.0,0.0,0.0,0.0,0.005436708492233555,0.005436708492233555
7,69,470,Morato,NFO,ARS,DEF,5.0,0.0,0.0,0.0,0.0,0.005436708492233554,0.005436708492233554
7,69,471,Milenković,NFO,ARS,DEF,5.4,0.0,0.0,0.0,0.0,0.005436708492233554,0.005436708492233554
7,69,479,Bindon,NFO,ARS,DEF,4.0,0.0,0.0,0.0,0.0,0.005436708492233554,0.005436708492233554
7,69,477,Abbott,NFO,ARS,DEF,4.0,0.0,0.0,0.0,0.0,0.005436708492233554,0.005436708492233554
7,69,475,Savona,NFO,ARS,DEF,4.5,0.0,0.0,0.0,0.0,0.005436708492233554,0.005436708492233554
7,69,485,Bakwa,NFO,ARS,MID,5.5,0.0,0.0,0.0,0.0,0.005436708492233554,0.005436708492233554
7,69,484,Hutchinson,NFO,ARS,MID,5.4,0.0,0.0,0.0,0.0,0.005436708492233554,0.005436708492233554
7,66,342,Harrison,LEE,MUN,MID,5.0,0.0,0.0,0.0,0.0,0.0043166522795421575,0.0043166522795421575
7,66,341,Gnonto,LEE,MUN,MID,5.0,0.0,0.0,0.0,0.0,0.0043166522795421575,0.0043166522795421575
7,66,333,Bornauw,LEE,MUN,DEF,4.5,0.0,0.0,0.0,0.0,0.0043166522795421575,0.0043166522795421575
7,66,329,Rodon,LEE,MUN,DEF,4.3,0.0,0.0,0.0,0.0,0.0043166522795421575,0.0043166522795421575
7,66,349,Mateo Joseph,LEE,MUN,FWD,4.5,0.0,0.0,0.0,0.0,0.0043166522795421575,0.0043166522795421575
7,66,348,Piroe,LEE,MUN,FWD,5.0,0.0,0.0,0.0,0.0,0.0043166522795421575,0.0043166522795421575
7,66,260,Wilson,LEE,MUN,MID,6.2,0.0,0.0,0.0,0.0,0.0043166522795421575,0.0043166522795421575
7,66,326,Perri,LEE,MUN,GK,4.5,0.0,0.0,0.0,0.0,0.0043166522795421575,0.0043166522795421575
7,66,413,Bayindir,MUN,LEE,GK,4.5,0.0,0.0,0.0,0.0,0.0043166522795421575,0.0043166522795421575
7,66,414,Heaton,MUN,LEE,GK,4.0,0.0,0.0,0.0,0.0,0.0043166522795421575,0.0043166522795421575
7,66,416,De Ligt,MUN,LEE,DEF,5.0,0.0,0.0,0.0,0.0,0.0043166522795421575,0.0043166522795421575
7,66,425,Fredricson,MUN,LEE,DEF,4.0,0.0,0.0,0.0,0.0,0.0043166522795421575,0.0043166522795421575
7,66,431,Amad,MUN,LEE,MID,5.7,0.0,0.0,0.0,0.0,0.0043166522795421575,0.0043166522795421575
7,66,433,Ugarte,MUN,LEE,MID,5.0,0.0,0.0,0.0,0.0,0.0043166522795421575,0.0043166522795421575
7,66,436,Collyer,MUN,LEE,MID,5.0,0.0,0.0,0.0,0.0,0.0043166522795421575,0.0043166522795421575
7,66,441,Obi,MUN,LEE,FWD,4.5,0.0,0.0,0.0,0.0,0.0043166522795421575,0.0043166522795421575
7,67,394,Alleyne,MCI,IPS,DEF,5.0,0.0,0.0,0.0,0.0,0.002680423951621898,0.002680423951621898
7,67,398,Foden,MCI,IPS,MID,6.9,0.0,0.0,0.0,0.0,0.002680423951621898,0.002680423951621898
7,67,410,Monga,MCI,IPS,MID,4.9,0.0,0.0,0.0,0.0,0.002680423951621898,0.002680423951621898
7,67,409,Mukasa,MCI,IPS,MID,4.5,0.0,0.0,0.0,0.0,0.002680423951621898,0.002680423951621898
7,67,408,Phillips,MCI,IPS,MID,5.0,0.0,0.0,0.0,0.0,0.002680423951621898,0.002680423951621898
7,67,407,Echeverri,MCI,IPS,MID,4.9,0.0,0.0,0.0,0.0,0.002680423951621898,0.002680423951621898
7,67,404,Reijnders,MCI,IPS,MID,6.0,0.0,0.0,0.0,0.0,0.002680423951621898,0.002680423951621898
7,67,402,Rodrigo,MCI,IPS,MID,6.5,0.0,0.0,0.0,0.0,0.002680423951621898,0.002680423951621898
7,67,311,Burns,IPS,MCI,MID,5.0,0.0,0.0,0.0,0.0,0.002680423951621898,0.002680423951621898
7,67,312,Taylor,IPS,MCI,MID,4.4,0.0,0.0,0.0,0.0,0.002680423951621898,0.002680423951621898
7,67,314,Ogbene,IPS,MCI,MID,4.9,0.0,0.0,0.0,0.0,0.002680423951621898,0.002680423951621898
7,67,315,Fatawu,IPS,MCI,MID,5.4,0.0,0.0,0.0,0.0,0.002680423951621898,0.002680423951621898
7,67,317,Hirst,IPS,MCI,FWD,5.0,0.0,0.0,0.0,0.0,0.002680423951621898,0.002680423951621898
7,67,319,Szmodics,IPS,MCI,MID,5.0,0.0,0.0,0.0,0.0,0.002680423951621898,0.002680423951621898
7,67,322,Al-Hamadi,IPS,MCI,FWD,5.0,0.0,0.0,0.0,0.0,0.002680423951621898,0.002680423951621898
7,67,554,Van Oevelen,IPS,MCI,GK,4.5,0.0,0.0,0.0,0.0,0.002680423951621898,0.002680423951621898
7,67,602,Humphreys,IPS,MCI,MID,4.5,0.0,0.0,0.0,0.0,0.002680423951621898,0.002680423951621898
7,67,307,Johnson,IPS,MCI,DEF,4.0,0.0,0.0,0.0,0.0,0.002680423951621898,0.002680423951621898
8,79,426,B.Fernandes,MUN,BOU,MID,11.9,4.036255834020658,0.28493415046724174,0.08738709677419355,85.7,2.430465308001898,8.624785530299139
8,72,411,Haaland,MCI,AVL,FWD,15.6,4.141089000884495,0.0,0.007073684210526316,84.7,2.3491613389242127,8.314033810676872
8,73,40,Rogers,CHE,TOT,MID,7.7,3.0771611136860963,0.32970723546689595,0.09,86.7,1.3258520957313955,6.549710758687219
8,71,12,Saka,ARS,EVE,MID,9.5,3.3716482131168064,0.459382068797462,0.08099999999999999,73.8,0.8574015835969541,6.458842873204082
8,77,480,Gibbs-White,NFO,IPS,MID,8.0,2.420724927928882,0.27105885679516584,0.08738709677419355,85.4,1.3670463356112283,5.993195669808012
8,71,4,Gabriel,ARS,EVE,DEF,8.0,1.0662451239795687,1.8009834709209565,0.6052865853658537,83.1,0.5667357455484461,5.59944155942364
8,79,427,Mbeumo,MUN,BOU,MID,7.9,3.2019843779448074,0.2764145247057627,0.0847741935483871,82.0,0.3549674451137739,5.57379096744305
8,78,124,Groß,BHA,LIV,MID,5.8,1.6213944629688415,0.14822790856806603,0.08661290322580645,85.5,1.803408894420849,5.275904226974183
8,72,397,Semenyo,MCI,AVL,MID,8.4,2.195721398230628,0.2913235060671745,0.08864516129032259,86.6,0.7936617371420336,5.155022257275614
8,80,542,E.Le Fée,SUN,LEE,MID,5.7,2.423689298553676,0.2920487716463988,0.08603225806451613,82.8,0.5431727883276778,5.100926407699704
8,78,368,Szoboszlai,LIV,BHA,MID,7.0,2.1398061007907176,0.21184283290153336,0.3152177419354839,85.5,0.6451167640099856,4.983124074109332
8,71,1,Raya,ARS,EVE,GK,6.1,0.0033253965373083766,2.3459310833668043,0.0,87.6,0.4257964176216656,4.6497040031768835
8,71,8,Calafiori,ARS,EVE,DEF,5.8,0.89214862207538,1.6933384818544164,0.16010853658536586,70.2,0.17645510251919444,4.49221892316025
8,72,388,Guéhi,MCI,AVL,DEF,6.0,1.2176502351233427,0.8344410960927231,0.17674573170731708,86.3,0.4195732113496312,4.4207479366106766
8,80,335,Stach,LEE,SUN,MID,6.0,1.264993205334375,0.16115393277523152,0.7256854838709678,79.9,0.5182867402709656,4.382761465610401
8,74,173,Thomas,COV,FUL,DEF,4.0,0.7508585286688615,0.9164498274861319,0.7934689024390245,76.7,0.26097740768773003,4.3801860877769165
8,80,533,Mukiele,SUN,LEE,DEF,5.4,1.265853776097131,0.7814476065682547,0.6337121951219513,75.4,0.13661818192994607,4.296603981939506
8,79,428,Cunha,MUN,BOU,MID,7.9,1.8866977251069534,0.27231248267245806,0.08351612903225807,75.1,0.3162456415530005,4.271061743879177
8,78,356,Virgil,LIV,BHA,DEF,6.5,0.9544555696938819,0.40602370050728187,0.8719646341463415,88.2,0.28027509643613846,4.269360149109003
8,76,94,Schade,BRE,HUL,MID,6.2,1.519986141800336,0.2898237422550471,0.08545161290322581,81.9,0.6284069249373054,4.2466906289550295
8,79,68,Tavernier,BOU,MUN,MID,6.1,1.6829835817705692,0.1231636436989957,0.0847741935483871,79.3,0.8095405559753077,4.245381696991036
8,76,106,Thiago,BRE,HUL,FWD,7.8,2.3123430532635845,0.0,0.007231578947368421,85.9,0.2245350294434799,4.1574129340865476
8,80,544,Xhaka,SUN,LEE,MID,5.5,0.9348774682114395,0.29007768882313856,0.5269516129032258,84.2,0.8803219913147683,4.15647549957687
8,75,449,Hall,NEW,CRY,DEF,5.3,0.6187293252934056,0.364927448359354,0.7859030487804878,78.4,0.7478097916664387,4.152680504482128
8,75,204,Mitchell,CRY,NEW,DEF,4.5,1.0436833799270335,0.8249582481945397,0.17792012195121953,82.1,0.2897523393955313,4.12604620327552
8,72,399,Cherki,MCI,AVL,MID,7.8,1.8839905351949522,0.22453536602994015,0.09109677419354838,54.3,0.5162377683353967,4.122718633702524
8,71,15,Ødegaard,ARS,EVE,MID,6.8,1.6571828997510554,0.42700029811759316,0.07529032258064516,61.7,0.34190067487022663,4.10637419531952
8,77,305,Davis,IPS,NFO,DEF,4.0,1.268236465311333,0.8382043087311037,0.1642189024390244,78.3,0.1235938127153895,4.052143893317603
8,77,469,N.Williams,NFO,IPS,DEF,5.0,0.7039734110364,0.7512735995467628,0.40517012195121954,86.3,0.4002611374360201,4.04749957386164
8,76,82,Kelleher,BRE,HUL,GK,5.0,0.0025085817981012064,1.5796312839216804,0.0,87.6,0.49957421251913214,3.956365183890019
8,78,379,Isak,LIV,BHA,FWD,9.1,2.2970700949470264,0.0,0.005731578947368421,61.9,0.20978823569761587,3.9456371288994605
8,78,367,Gakpo,LIV,BHA,MID,7.2,1.7903883247014933,0.16989375707944754,0.28891244239631336,66.0,0.16027660822867443,3.922527234198873
8,80,552,Brobbey,SUN,LEE,FWD,5.7,2.0772808336407755,0.0,0.006544736842105263,70.0,0.30485375194950476,3.8983332095463368
8,75,588,Khalaili,CRY,NEW,DEF,5.0,1.115609671833446,0.6634152689001194,0.5812341463414634,66.4,0.13081706892954298,3.8900354085276754
8,77,472,Murillo,NFO,IPS,DEF,5.5,0.42274226956457506,0.6917667797806824,1.0008274390243903,78.7,0.22054726147728942,3.8824382863683917
8,73,156,Neto,CHE,TOT,MID,6.5,1.5834676725407286,0.2758196012830592,0.08604608294930875,66.8,0.3350376402495697,3.877901257595459
8,80,532,Ballard,SUN,LEE,DEF,4.9,0.692475401308388,0.8147841418547299,0.7859030487804878,77.5,0.07347075197754015,3.845200658861595
8,76,286,Belloumi,HUL,BRE,MID,5.1,1.1070003376733284,0.23874563788939948,0.33250691244239633,71.2,0.5921733344254985,3.8376454456583264
8,77,259,Diop,IPS,NFO,DEF,4.0,0.44633098628575674,0.8471957733062885,0.8019804878048781,80.8,0.09283404296687743,3.828787774913734
8,73,154,Palmer,CHE,TOT,MID,9.7,1.9958552392213682,0.22086839537190986,0.06029032258064516,56.7,0.3928047391929982,3.817296312912021
8,75,644,Timber,CRY,NEW,MID,5.0,1.14266762323187,0.2535665145155743,0.37220430107526886,71.5,0.45056753935224775,3.7764551745556747
8,79,43,Tielemans,MUN,BOU,MID,5.8,0.8441758480533046,0.27925439995958906,0.5281451612903226,76.8,0.29977439610666085,3.776349805409877
8,80,346,Calvert-Lewin,LEE,SUN,FWD,6.0,2.020008401671722,0.0,0.006907894736842106,78.7,0.2260649846403818,3.762928551324281
8,77,591,Enciso,IPS,NFO,MID,5.5,1.3808382610433916,0.2785351342211184,0.08119354838709678,73.6,0.4340060976478807,3.7396469346641457
8,74,176,Dasilva,COV,FUL,DEF,4.0,0.8309381183999537,0.9164498274861319,0.1642189024390244,77.6,0.16630468412799665,3.73601372962799
8,79,67,Rayan,BOU,MUN,MID,6.3,1.6732260220805673,0.12232005709831764,0.08419354838709678,79.0,0.10009687865163579,3.7353781566976663
8,72,481,Anderson,MCI,AVL,MID,6.3,0.8033182324733896,0.29577604873632346,0.555,83.4,0.35971819457956805,3.730836975410746
8,78,366,Wirtz,LIV,BHA,MID,7.3,1.538548531898165,0.19809285804873855,0.08225806451612903,73.1,0.2444072249331138,3.722054415396733
8,75,202,Richards,CRY,NEW,DEF,5.0,0.24024904649837348,0.7950092688871473,0.8284609756097562,83.8,0.20045861999633074,3.7218106096597046
8,74,261,Iwobi,FUL,COV,MID,5.4,0.929380734661174,0.2438604365198981,0.08351612903225807,75.4,0.6956396212059699,3.680153904367308
8,71,229,Tarkowski,EVE,ARS,DEF,6.1,0.23058181230415492,0.03761889070701574,0.8662902439024391,87.6,0.7516729536170532,3.660372745739508
8,79,69,Scott,BOU,MUN,MID,6.1,0.7032069464914386,0.12597559903458921,0.5347096774193548,82.5,0.6071924311565989,3.6560899473079895
8,74,569,Gonzalo,FUL,COV,FWD,6.0,1.7119560362787762,0.0,0.0066236842105263155,75.2,0.2880890070421691,3.6499037562210006
8,75,453,Barnes,NEW,CRY,MID,6.1,1.277648408340337,0.18581142629353406,0.07722580645161291,73.7,0.4816285707247199,3.6477093937681744
8,74,250,Leno,FUL,COV,GK,4.5,0.0,1.3317997020227077,0.0,88.2,0.45491951503034184,3.6465182601152506
8,77,316,Emersonn,IPS,NFO,FWD,5.5,1.4968491597010134,0.0,0.007569924812030076,61.4,0.4652430794360329,3.6199724386096195
8,73,112,Van Hecke,TOT,CHE,DEF,4.9,0.992838714619568,0.033335248393622896,0.41319329268292687,88.4,0.4782331942494418,3.6051163566764197
8,75,210,Wharton,CRY,NEW,MID,5.4,0.9189272692569893,0.27183590313905664,0.2992661290322581,78.9,0.4768344339922439,3.5986008621999304
8,74,183,Rudoni,COV,FUL,MID,4.9,1.373237788144386,0.2555506784443952,0.28970506912442395,57.7,0.21950106081207535,3.596822713501755
8,75,445,Thiaw,NEW,CRY,DEF,5.0,0.4499264943619699,0.3903977155131958,0.8407554878048781,84.7,0.12682295173003388,3.5795334290253322
8,77,304,O'Shea,IPS,NFO,DEF,4.0,0.39784768104078483,0.8382043087311037,0.5837189024390245,78.3,0.07133890872334656,3.5490002050550116
8,73,200,Lacroix,CHE,TOT,DEF,5.9,0.4056295167822771,0.8207469003310561,0.7933337979094077,70.7,0.09051457078843042,3.542258570467157
8,73,28,Martinez,CHE,TOT,GK,5.0,0.0723393654817857,1.5677289115725666,0.0,76.4,0.26253991641518243,3.5262695691309105
8,76,277,Egan,HUL,BRE,DEF,4.1,0.34486327810582845,0.6205152100387996,0.7934689024390245,76.7,0.15061253666865798,3.4893857192694857
8,72,391,Gvardiol,MCI,AVL,DEF,5.7,0.8632075439184967,0.7189315312958344,0.15227926829268293,70.9,0.2767064310509692,3.4859482131586814
8,71,31,Konsa,ARS,EVE,DEF,4.6,0.19605965437049483,1.3952446659778444,0.4005642276422765,65.1,0.05363075614118404,3.482499304131799
8,77,486,McAtee,NFO,IPS,MID,5.5,0.9222027805688723,0.2518475978417986,0.2909435483870968,74.0,0.50750074287796,3.459784451429729
8,80,338,Ampadu,LEE,SUN,MID,5.4,0.35962852866439243,0.1698039688401798,0.7646370967741936,86.1,0.43653647010844354,3.4420333283704205
8,80,541,Meunier,SUN,LEE,DEF,4.5,0.6904042659859476,0.822628032510371,0.1642189024390244,71.5,0.07659110719545278,3.4142303900162605
8,76,572,Tzolakis,HUL,BRE,GK,4.6,0.00614125967468046,1.1956756529673576,0.0,78.3,0.566568566467457,3.40843093365495
8,73,165,João Pedro,CHE,TOT,FWD,7.7,2.047383566826931,0.0,0.004691729323308271,48.3,0.3886440500236391,3.405538006820982
8,79,412,Lammens,MUN,BOU,GK,4.9,0.0,1.4548895363999557,0.0,86.0,0.07285763177078342,3.383747168170739
8,76,86,Lewis-Potter,BRE,HUL,MID,5.5,1.1152937660039057,0.2684890386915385,0.0904700460829493,70.4,0.23405065579711617,3.374800421620597
8,71,26,Havertz,ARS,EVE,FWD,7.6,1.8627960469485938,0.0,0.00568421052631579,61.3,0.1335595940127841,3.365577056421271
8,72,384,Donnarumma,MCI,AVL,GK,5.5,0.0,1.4371391198394723,0.0,87.4,0.15783976313286274,3.355344301867166
8,80,334,Muharemović,LEE,SUN,DEF,5.0,0.5023170214746359,0.13239186304486056,0.7934689024390245,78.3,0.2627881007973447,3.348856291876618
8,71,236,Dewsbury-Hall,EVE,ARS,MID,6.6,0.9381917836764704,0.14844263614239753,0.08419354838709678,82.2,0.5462739701543154,3.3257444455931258
8,72,390,Rúben,MCI,AVL,DEF,5.5,0.6211263078388929,0.7679075867697154,0.1626530487804878,78.9,0.11158917998367146,3.3169165670805323
8,76,98,Janelt,BRE,HUL,MID,5.0,0.7128271701252036,0.25339063309274784,0.6537096774193549,72.0,0.5379201756016097,3.312571125238536
8,72,237,Ndiaye,MCI,AVL,MID,5.8,0.9056130522716721,0.2308961412715815,0.4951520737327189,67.0,0.13311123639171676,3.286643403693929
8,72,41,Buendía,AVL,MCI,MID,5.9,1.241455011635812,0.1326791465642669,0.281233870967742,66.1,0.07762450731968104,3.276162574430655
8,78,115,De Cuyper,BHA,LIV,DEF,4.9,1.3332569416749938,0.005162639703961913,0.15364939024390245,67.1,0.34279374743697316,3.260908010217272
8,76,295,McBurnie,HUL,BRE,FWD,5.5,1.6551502782838783,0.0,0.0066236842105263155,77.2,0.19279770072223745,3.2608563971956546
8,74,184,Grimes,COV,FUL,MID,4.9,0.8306048420606922,0.2933064558342648,0.08119354838709678,77.4,0.40545856853024004,3.251134345320368
8,75,214,Kamada,CRY,NEW,MID,5.0,0.6113654779656039,0.2576613774829065,0.28366129032258064,74.7,0.5370062003810042,3.2355882111027445
8,76,279,Ajayi,HUL,BRE,DEF,4.2,0.6975143644714723,0.6205152100387996,0.1642189024390244,74.9,0.17090352603728245,3.2344784540376375
8,74,110,Rushworth,COV,FUL,GK,4.5,0.013096334025619674,1.286945955929315,0.0,78.3,0.21141866136472415,3.230597314956022
8,80,529,Roefs,SUN,LEE,GK,4.9,0.00336551534346211,1.2411772976845137,0.0,86.3,0.15473939110288532,3.2015073123559694
8,79,418,Maguire,MUN,BOU,DEF,4.8,0.6152543817922416,0.7266129533337561,0.35569390243902443,75.0,0.06996238862776044,3.1875832031632148
8,77,467,Sels,NFO,IPS,GK,5.0,0.0025876849116589725,1.1812538010837415,0.0,82.8,0.22806615054816906,3.1720391428325563
8,80,330,Bogle,LEE,SUN,DEF,4.6,1.0021027104508948,0.13933494048702233,0.17283109756097562,71.9,0.27413198472229616,3.1584091242904817
8,75,447,Botman,NEW,CRY,DEF,5.0,0.30879952311256137,0.35614459761664996,0.7669884146341465,76.2,0.1747107784472925,3.157347950141241
8,76,87,Ajer,BRE,HUL,DEF,4.5,0.2026071594346492,0.7870719859075201,0.5593682926829269,75.4,0.10483553156385039,3.1455805828405765
8,78,127,Gomez,BHA,LIV,MID,5.0,1.0178014690194637,0.13978140204631032,0.2926774193548387,74.7,0.11300226257590243,3.1280149688383205
8,73,455,Tonali,TOT,CHE,MID,5.3,0.4056211861484562,0.15509876895232932,0.3166048387096774,81.4,0.431350658598047,3.1199216250398347
8,80,332,Justin,LEE,SUN,DEF,4.5,0.5363945957555732,0.1290781215383741,0.5691085365853659,77.2,0.284242642070605,3.1178453625973748
8,79,566,Silva,BOU,MUN,DEF,5.0,0.7254351049298593,-0.14554797264520408,1.0032189024390243,78.3,0.03373158686168733,3.1165462075243004
8,76,290,Slater,HUL,BRE,MID,4.5,0.9385374120634651,0.23874563788939948,0.08119354838709678,76.7,0.29342640758828753,3.1142358160345935
8,71,557,Tzolis,ARS,EVE,MID,6.3,0.8780371170763308,0.46047975593915247,0.09279262672811059,67.1,0.18350973377089674,3.111603592656982
8,80,551,N.Angulo,SUN,LEE,MID,5.0,0.9382839017797938,0.2756230814525631,0.10825806451612903,60.9,0.20268128479470698,3.1024559711736335
8,79,417,Dalot,MUN,BOU,DEF,4.9,0.6975782865421287,0.7029388470847866,0.1726912891986063,69.8,0.05151240792125101,3.0814109293549072
8,76,282,Giles,HUL,BRE,DEF,4.0,0.45496356722467557,0.6205152100387996,0.1642189024390244,77.6,0.23838617276803753,3.0573242610275337
8,76,88,Kayode,BRE,HUL,DEF,4.6,0.45920791602825434,0.7459562851511572,0.19886341463414636,61.6,0.13421783491151854,3.0563083308077506
8,75,459,L.Miley,NEW,CRY,MID,5.5,0.5563153678918373,0.17975741992306804,0.46070967741935487,67.0,0.3365070845185345,3.053708353171598
8,77,558,Schlager,NFO,IPS,MID,5.0,0.6410563654632122,0.2194285983579914,0.49856221198156686,68.5,0.30450851414608493,3.040889347566325
8,74,268,King,FUL,COV,MID,5.5,0.9748614389049407,0.21814630010818234,0.07470967741935484,65.1,0.360073995190373,3.039372083993016
8,80,336,Okafor,LEE,SUN,MID,5.8,1.1890250915618328,0.1335114262198534,0.07852534562211981,53.2,0.19162172580044884,3.0245391665135806
8,74,91,Pinnock,COV,FUL,DEF,4.5,0.3691239104412277,0.6575718666825404,0.7591073170731707,56.7,0.06154353404451601,3.0156069479692187
8,77,619,Palacios,IPS,NFO,MID,5.0,0.5960567845477195,0.22574957243189578,0.5410752688172044,60.5,0.26635941906121435,2.9999863341481676
8,72,45,McGinn,AVL,MCI,MID,5.4,1.1670631447739177,0.14020472084534738,0.08293548387096773,75.8,0.08533988363120655,2.989524129690666
8,73,401,Marmoush,TOT,CHE,FWD,7.0,1.4265778799948283,0.0,0.0066315789473684215,61.0,0.19038138358353063,2.9768944486167164
8,71,226,Pickford,EVE,ARS,GK,5.5,0.003024634567630472,0.6684156271112754,0.0,88.2,0.44256720802498173,2.959739527120156
8,73,145,Fofana,CHE,TOT,DEF,5.0,0.21035983575492992,0.7972650407847998,0.5669219512195122,59.5,0.07672285862854639,2.942680607482849
8,80,385,Trafford,LEE,SUN,GK,5.0,0.004967303640457025,0.7862984977096095,0.0,78.3,0.43194706205913547,2.9423492270455656
8,71,13,Rice,ARS,EVE,MID,7.4,0.863861895070765,0.3715670974622244,0.2347661290322581,60.3,0.1698482853328674,2.9394262363461103
8,75,567,Horníček,NEW,CRY,GK,5.0,0.005645406441620489,0.996037454526101,0.0,78.3,0.28195469631798853,2.9236830118311645
8,79,79,Evanilson,BOU,MUN,FWD,6.0,1.1287619582846906,0.0,0.006971052631578947,78.6,0.07723211096212323,2.9203035875623895
8,74,257,Bassey,FUL,COV,DEF,4.5,0.2354870710728349,0.6242560333779988,0.1677420731707317,82.0,0.2779297435022563,2.902262640018934
8,78,362,Jacquet,LIV,BHA,DEF,5.0,0.3844864880893273,0.36947276000608403,0.37396890243902436,73.9,0.1689205871053325,2.8789364303758327
8,76,565,M.Sangaré,BRE,HUL,MID,5.6,0.6283456346569545,0.2044849280010128,0.7033870967741936,52.9,0.15470192579527958,2.875476846720615
8,72,155,Enzo,MCI,AVL,MID,6.9,1.2335094619966118,0.2153122419295602,0.08735483870967742,61.4,0.1078902717913173,2.872070527818898
8,76,280,Coyle,HUL,BRE,DEF,4.0,0.385944461423916,0.6205152100387996,0.1876787456445993,65.3,0.08381391777620956,2.867441484308729
8,74,258,Castagne,FUL,COV,DEF,4.5,0.5029465535824198,0.5856497676031636,0.15736829268292685,70.9,0.1976290182628052,2.8651242217007886
8,78,504,Vuskovic,BHA,LIV,DEF,5.0,0.48140016693049226,0.005517776702705812,0.5837189024390245,76.7,0.13576242026921603,2.8648306878366077
8,77,201,Muñoz,NFO,IPS,DEF,5.4,0.8344521552253211,0.5074609352274062,0.19228682926829269,52.3,0.08331783747955389,2.848164557702456
8,78,109,Verbruggen,BHA,LIV,GK,4.5,0.052758613567457466,0.5481742872192283,0.0,88.2,0.38500740345585194,2.8457393473047388
8,75,211,Yeremy,CRY,NEW,MID,5.5,0.87202772449955,0.23970697831844975,0.09819354838709678,56.8,0.1598700893372951,2.8288972123902774
8,76,586,Mendy,HUL,BRE,DEF,4.1,0.3699708633115547,0.4607639759882862,0.6935053658536586,45.6,0.06751545969908337,2.823331756671078
8,74,186,Mason-Clark,COV,FUL,MID,5.3,0.8726947047953703,0.2555506784443952,0.14148387096774193,51.2,0.11697695764679913,2.8184392928910347
8,78,138,Kostoulas,BHA,LIV,FWD,5.6,1.2228028996250009,0.0,0.006595488721804511,64.2,0.20074438983390355,2.815282123389341
8,76,105,Anthony,BRE,HUL,MID,5.9,1.069814396704441,0.21104945217440008,0.09956129032258065,51.6,0.10288597872596708,2.8005382367291505
8,74,254,Robinson,FUL,COV,DEF,4.5,0.32829255789817435,0.5718097855329395,0.15364939024390245,70.9,0.24939096716354442,2.7892885114864674
8,77,483,Ndoye,NFO,IPS,MID,5.5,0.9056788709374086,0.22963457967696774,0.09870967741935484,53.2,0.06539894204108249,2.7865143988353545
8,78,350,A.Becker,LIV,BHA,GK,5.5,0.0,0.8938640348594402,0.0,80.7,0.1822404235507234,2.7167781180838233
8,71,249,Barry,EVE,ARS,FWD,5.6,0.9748660578670996,0.0,0.006402631578947369,70.0,0.09603290783634491,2.6878699335281016
8,77,267,Lukić,IPS,NFO,MID,4.9,0.5986930945195535,0.29281047483078243,0.08535483870967742,74.9,0.24701352182269248,2.6596669120497216
8,73,503,Van de Ven,TOT,CHE,DEF,5.0,0.8086550060609013,0.029163847300138324,0.18141533101045298,76.7,0.188738918823644,2.6595522620975443
8,74,580,Charles,FUL,COV,MID,5.0,0.4980809661601422,0.17010890241596602,0.47901075268817206,56.0,0.22902067788457448,2.649928935261552
8,79,423,Shaw,MUN,BOU,DEF,4.3,0.3359131502774004,0.6992966768926374,0.1717965156794425,68.7,0.04872837624666934,2.643717505254091
8,74,650,Affengruber,FUL,COV,DEF,4.5,0.24403668542018314,0.4370520653754951,0.6679024390243903,55.0,0.1176808717505161,2.6340601434560496
8,80,545,Sadiki,SUN,LEE,MID,4.9,0.43243108538769326,0.2920487716463988,0.08603225806451613,79.0,0.17368595098373066,2.5952451632441296
8,73,149,Colwill,CHE,TOT,DEF,4.8,0.3415287021774425,0.7670740785110417,0.15345365853658538,61.5,0.04647484818157276,2.5891964254912234
8,72,166,N.Jackson,AVL,MCI,FWD,6.5,1.2315415359818904,0.0,0.007694736842105263,58.4,0.04879620115276821,2.5750005410010517
8,79,61,Truffert,BOU,MUN,DEF,5.4,0.4743797465256301,-0.15994663978412194,0.4109646341463415,87.9,0.1073227781740189,2.5749654192179587
8,71,230,Branthwaite,EVE,ARS,DEF,5.5,0.32245215607652633,0.029569433743505846,0.6809268292682927,68.4,0.10696247399890207,2.569882735404202
8,79,60,Hill,BOU,MUN,DEF,5.5,0.36631748086268934,-0.1419049363811406,0.7736085365853659,77.8,0.06284397623910223,2.568336373705021
8,71,233,Mykolenko,EVE,ARS,DEF,4.6,0.06157634263905602,0.03651003694163435,0.6185054878048781,85.0,0.18410503716839527,2.5548262138688087
8,74,104,Onyeka,COV,FUL,MID,4.9,0.6693639719972636,0.24820927728525388,0.07852534562211981,60.2,0.17444601057386588,2.554586704467061
8,72,389,Matheus N.,MCI,AVL,DEF,5.9,0.45939099103329895,0.5110143146614351,0.39438341463414633,53.1,0.050609474317278975,2.546848594375449
8,79,419,Martinez,MUN,BOU,DEF,5.0,0.1521972539431831,0.6073318795408713,0.33977491289198614,63.1,0.04097759129733673,2.5162816376733774
8,72,387,O'Reilly,MCI,AVL,DEF,6.3,0.9407077256666632,0.36685837779491814,0.12432878048780488,39.3,0.01878301856427041,2.50456899840075
8,71,239,Garner,EVE,ARS,MID,6.0,0.3069347716878692,0.14178831107394524,0.3293364055299539,73.4,0.308254212624735,2.4866375237624663
8,73,161,Lavia,CHE,TOT,MID,5.0,0.9020475709995287,0.22086839537190986,0.08038709677419355,46.6,0.11718886499992928,2.4800297466991763
8,78,129,Ayari,BHA,LIV,MID,5.4,0.8191334663101132,0.11526997135572509,0.07697695852534561,62.3,0.11300224065505614,2.4679590930042283
8,74,264,Bobb,FUL,COV,MID,5.5,0.5572008158036167,0.21079940399054925,0.07219354838709677,54.9,0.12011435318104728,2.46671183113372
8,76,96,Damsgaard,BRE,HUL,MID,5.4,0.6805299495284163,0.19201233207157703,0.07548387096774192,51.6,0.17186254834873646,2.465888700916472
8,75,464,Wissa,NEW,CRY,FWD,6.2,1.2128478721577056,0.0,0.005526315789473684,61.8,0.08683990210400531,2.4258216649214965
8,73,516,Bentancur,TOT,CHE,MID,5.5,0.2145467310652355,0.12452069840312967,0.499926267281106,63.3,0.17571405763265005,2.4168468705850676
8,78,372,Mac Allister,LIV,BHA,MID,5.4,0.6505905648722402,0.14705481579853416,0.29175268817204303,57.5,0.06185065303182525,2.409478919925313
8,73,502,Robertson,TOT,CHE,DEF,4.4,0.37246825200026523,0.025064366915162006,0.35505714285714285,62.2,0.1526508404258018,2.393240602198372
8,73,144,Gusto,CHE,TOT,DEF,4.9,0.4792705696652467,0.5937555913839113,0.13857804878048782,46.8,0.04147950870998159,2.3916781938708565
8,77,306,Greaves,IPS,NFO,DEF,4.0,0.24842443636503175,0.6224091589266718,0.3173609756097561,57.5,0.04000025395334748,2.3898375042924926
8,75,224,Nketiah,CRY,NEW,FWD,5.5,1.2963262136640257,0.0,0.006947368421052632,33.6,0.0677102637773098,2.3720584733402426
8,78,627,Barcola,LIV,BHA,MID,8.0,0.8268331409970875,0.13983025274028604,0.09290322580645162,50.7,0.05149274713555622,2.3668170527725074
8,79,432,Mainoo,MUN,BOU,MID,5.5,0.43639425775340324,0.16250397285783996,0.6455299539170507,47.0,0.0633114047213606,2.363390815208558
8,79,415,Dorgu,MUN,BOU,MID,5.8,1.0015804597473204,0.11075513489922684,0.24343548387096775,35.3,0.02401572427272637,2.3570477029308883
8,71,5,J.Timber,ARS,EVE,DEF,6.5,0.51158678680527,0.7721457869580652,0.1946878048780488,32.8,0.019527110756503843,2.350864484524189
8,77,564,Scherpen,IPS,NFO,GK,4.5,0.0067465963809152565,0.9912031666014808,0.0,57.9,0.07384838463200379,2.3471481476144
8,78,605,Yalcouyé,BHA,LIV,MID,4.5,0.9071825965549039,0.08512753631730273,0.06632258064516129,46.1,0.10037475003937012,2.3377799061861206
8,74,265,Berge,FUL,COV,MID,4.9,0.23056471477997356,0.21673343547017598,0.0848294930875576,67.2,0.2457007442950985,2.325547916493351
8,75,634,Fernandez-Pardo,NEW,CRY,FWD,6.0,0.94828480233426,0.0,0.009473684210526316,48.8,0.10829763924097491,2.3252032145828725
8,76,93,Schuster,BRE,HUL,DEF,4.5,0.2792853252096077,0.4395464199906425,0.5661780487804878,42.9,0.05146911309066024,2.31447177817717
8,72,46,Barkley,AVL,MCI,MID,5.0,0.9105089789332057,0.08785289975957007,0.059391705069124424,45.5,0.04413226126789219,2.2925563940774545
8,72,47,Kamara,AVL,MCI,MID,5.0,0.5102789015127266,0.1284255611010475,0.07596774193548388,72.3,0.09476342757754651,2.2875945247914653
8,79,57,Petrović,BOU,MUN,GK,4.5,0.0,0.35292211203258117,0.0,88.2,0.06346434430010006,2.2761854993948827
8,73,403,Sávio,TOT,CHE,MID,6.5,0.8252899312520512,0.10158714549122992,0.07716129032258064,50.4,0.11071336639252166,2.2633360475531012
8,80,536,Reinildo,SUN,LEE,DEF,4.4,0.22300966796110083,0.6284917387832514,0.14338745644599304,59.8,0.0500410581263543,2.239178141052203
8,75,203,Canvot,CRY,NEW,DEF,4.8,0.06941780932412964,0.561770248220484,0.31532334494773523,58.6,0.09063452778763222,2.234897245080883
8,78,579,Araujo,LIV,BHA,DEF,5.4,0.31048014305727656,0.26510441182796496,0.35777398373983743,55.1,0.06124916357638236,2.215926854552744
8,74,194,Thomas-Asante,COV,FUL,FWD,5.0,0.8942467160552502,0.0,0.15473684210526317,38.5,0.08295441236260481,2.2024057488142588
8,78,358,Kerkez,LIV,BHA,DEF,5.4,0.39092199913519865,0.3064994528775143,0.15569059233449478,62.6,0.05161057618635664,2.200431482660907
8,79,73,Adams,BOU,MUN,MID,5.0,0.3435984233914733,0.0859052355023817,0.48617204301075273,53.9,0.05149568641750643,2.1724547731114345
8,78,377,Munoz,LIV,BHA,MID,6.5,0.7840385375055161,0.11978791651417837,0.07958709677419355,44.5,0.050321229707984735,2.160776150086782
8,78,371,Gravenberch,LIV,BHA,MID,5.8,0.6583427169976401,0.11069895008605977,0.09193548387096774,44.5,0.05750539102233461,2.156454443984394
8,79,429,Rashford,MUN,BOU,MID,7.0,0.7753712080558923,0.17291684878853653,0.06060829493087558,46.1,0.0377079143412586,2.1411827346692016
8,80,598,Elvedi,LEE,SUN,DEF,4.5,0.37446382904910785,0.0949939231859428,0.35777398373983743,56.7,0.06913704090605959,2.1368468170844372
8,76,95,O.Dango,BRE,HUL,MID,6.3,0.7404573091656682,0.12866467379839008,0.07587096774193548,36.0,0.04329371485525115,2.1277588096480526
8,72,37,Lindelöf,AVL,MCI,DEF,4.5,0.37190357370934596,-0.005610973364510996,0.14719024390243904,70.2,0.015848306440884558,2.080331150688159
8,75,222,Strand Larsen,CRY,NEW,FWD,6.0,0.6549606104881109,0.0,0.0065578947368421054,52.4,0.07597492905775811,2.0757952860250795
8,71,10,White,ARS,EVE,DEF,5.5,0.2094668603846377,0.85287952875797,0.10752195121951219,33.5,0.03849077864609743,2.058359119008217
8,73,525,Fernandes,TOT,CHE,MID,5.7,0.5700722368375835,0.09818958209687441,0.08949677419354839,46.7,0.10330322263758898,2.0538962035360155
8,72,597,Suzuki,AVL,MCI,GK,5.0,0.007526233354079669,0.4788582749124874,0.0,67.9,0.06696626009437294,2.050034101694273
8,77,473,Aina,NFO,IPS,DEF,4.4,0.2454240402280695,0.5025020335802328,0.1586731707317073,52.0,0.07285021645096476,2.0487741826880965
8,73,142,James,CHE,TOT,DEF,5.4,0.699276395480527,0.4305007583480336,0.10047560975609757,37.2,0.05139274874741405,2.0365844986140584
8,74,575,Yirenkyi,COV,FUL,MID,4.8,0.5577606834283447,0.1761936278193915,0.06503225806451612,44.8,0.10255721461728531,2.018976615972274
8,77,491,Igor Jesus,NFO,IPS,FWD,5.8,0.8105948851703847,0.0,0.004938947368421052,41.4,0.06344961096427296,2.017572720999753
8,72,51,George Hemmings,AVL,MCI,MID,4.5,0.4982219448423801,0.10192245167637272,0.08038709677419355,50.6,0.027344448178816337,2.016446179236227
8,76,576,Stroud,HUL,BRE,MID,5.0,0.521105355672292,0.1772807299226411,0.09646451612903226,45.6,0.05570828200178143,2.0113886071161358
8,71,452,Bruno G.,ARS,EVE,MID,6.7,0.8811165933989669,0.16739728910779678,0.07870967741935483,30.2,0.04184556242573355,2.0049780350524875
8,78,113,F.Kadıoğlu,BHA,LIV,DEF,4.4,0.261333603445861,0.005287595314631077,0.1798494773519164,72.6,0.06877800228928767,2.004808956269035
8,80,501,Danso,SUN,LEE,DEF,5.0,0.08643875734396023,0.6137844438039242,0.16337073170731709,58.5,0.035790745509760455,1.9818480766188231
8,77,562,Maeda,IPS,NFO,MID,5.3,0.59720452042198,0.1460732527500502,0.05677419354838709,40.4,0.06143216675905002,1.980413681678496
8,80,534,Hume,SUN,LEE,DEF,4.3,0.32955324256432494,0.4216091227407146,0.13466341463414633,43.6,0.03873006523321015,1.9718741514249158
8,77,581,Diomande,NFO,IPS,DEF,5.4,0.2533618824312915,0.3710911399301391,0.32021365853658534,40.8,0.037432762285130976,1.9564515521568289
8,78,114,Boscagli,BHA,LIV,DEF,4.5,0.2749098517926569,0.004820655927393724,0.14347134146341464,67.4,0.15125492802640175,1.9242214856542759
8,80,345,Tanaka,LEE,SUN,MID,4.9,0.514825096526808,0.10624500818903827,0.0729032258064516,44.5,0.07753679251166429,1.9234087193681664
8,74,175,van Ewijk,COV,FUL,DEF,4.0,0.2697735298591637,0.5101097371108745,0.2378933797909408,43.4,0.03426194981986355,1.922240996232499
8,72,611,Wan-Bissaka,AVL,MCI,DEF,4.5,0.19143152984046402,-0.004103770412873686,0.49030487804878053,48.3,0.010436086606946973,1.9215865097658436
8,74,656,Mfuni,COV,FUL,DEF,4.0,0.2883252020166713,0.4980943043309609,0.17850731707317075,41.1,0.06846545546647573,1.9130878667416702
8,80,553,Isidor,SUN,LEE,FWD,5.5,0.8127551342101873,0.0,0.001663157894736842,22.2,0.03329043762204089,1.9108145003345731
8,71,242,George,EVE,ARS,MID,5.5,0.3347925164084871,0.10629857737553296,0.06890322580645161,52.7,0.09404311293146768,1.9107482648605372
8,73,496,Kinsky,TOT,CHE,GK,4.5,0.0,0.3820384208775774,0.0,68.8,0.10112204652509582,1.9085933678355733
8,80,337,Aaronson,LEE,SUN,MID,5.3,0.49736842688358684,0.07596988196171942,0.07819354838709677,37.1,0.041035959896784095,1.8911326052927369
8,73,148,Hato,CHE,TOT,DEF,4.5,0.050843341606450806,0.636246575324756,0.1781941463414634,41.5,0.018327868242195327,1.8850228644662077
8,77,313,Clarke,IPS,NFO,MID,5.4,0.5700403856068129,0.1490611147381194,0.0695225806451613,37.9,0.08440035550666837,1.8573383666152183
8,75,460,Willock,NEW,CRY,MID,5.0,0.46747565400636426,0.11502612103885441,0.06374193548387097,40.8,0.09879094741591758,1.8565103861003474
8,71,244,Armstrong,EVE,ARS,MID,5.0,0.0928425209356986,0.12165471214888442,0.24725,64.2,0.05029168604674019,1.8528157953990718
8,77,474,Jair Cunha,NFO,IPS,DEF,4.5,0.020502715089912475,0.46200433679498387,0.28475888501742164,49.7,0.0320745880743242,1.8418960805321978
8,71,17,Merino,ARS,EVE,MID,5.8,0.7396849258135166,0.04006558067170218,0.018838709677419352,22.3,0.01654806068594077,1.8332906333300607
8,71,19,Zubimendi,ARS,EVE,MID,5.3,0.42153384236981534,0.12623402129440414,0.05935483870967742,34.0,0.02472014851498806,1.8228068238889665
8,73,136,Welbeck,CHE,TOT,FWD,5.9,0.9143568059619654,0.0,0.004768421052631579,29.6,0.04388294773028058,1.8181509048471451
8,76,642,Thomas,HUL,BRE,MID,5.5,0.5447444403487907,0.10158783400061455,0.06909677419354839,35.3,0.04579962218208135,1.8127095796963664
8,75,457,J.Murphy,NEW,CRY,MID,5.9,0.5324189794203262,0.1089721146683884,0.09058064516129033,39.9,0.06768732973540029,1.8104248381278203
8,73,514,Tel,TOT,CHE,MID,5.7,0.6350555733973506,0.07168858762090138,0.0544516129032258,36.9,0.04802782574372998,1.7884820294214714
8,71,209,Johnson,EVE,ARS,MID,5.9,0.35912220692904295,0.1078341908528681,0.08154838709677419,49.8,0.02071311172633184,1.785924972778742
8,74,570,Palacios,FUL,COV,MID,5.4,0.5578170486250739,0.12433208814455989,0.05677419354838709,37.4,0.0913228475200459,1.779346865382088
8,76,102,Yarmoliuk,BRE,HUL,MID,4.8,0.2428235405766461,0.17724215268145574,0.10451612903225807,45.7,0.06654459329766522,1.7695152925063138
8,71,649,Maitland-Niles,EVE,ARS,DEF,4.5,0.1861874613851271,0.024641194786254927,0.18790243902439024,54.2,0.08451694320346897,1.7513720527899694
8,77,167,Delap,NFO,IPS,FWD,5.6,0.6211741264081687,0.0,0.006442105263157895,51.5,0.05187630003580648,1.748735944353238
8,71,14,Eze,ARS,EVE,MID,6.3,0.6263331035861417,0.08287537919763054,0.03896774193548387,23.9,0.01804136646626301,1.7432628962253072
8,80,331,Gudmundsson,LEE,SUN,DEF,4.5,0.04826331456015669,0.1066709170659424,0.17641951219512197,60.5,0.07493633280740102,1.7387189731018875
8,77,640,Flemming,IPS,NFO,FWD,5.5,0.7060803228470333,0.0,0.0017894736842105263,23.3,0.03854551793408038,1.7331432056217866
8,76,289,Crooks,HUL,BRE,MID,4.4,0.522548868540742,0.15849978582168717,0.08624516129032259,43.6,0.057396514702823094,1.7302537177761417
8,73,157,Estêvão,CHE,TOT,MID,6.3,0.7752336131200828,0.03048905618296027,0.022193548387096772,18.5,0.024575813803054163,1.70589500001065
8,73,583,Chavarria,CHE,TOT,DEF,4.9,0.2329452768443232,0.2985550713738311,0.10452073170731709,33.3,0.025256210095847952,1.6901253369655562
8,73,526,Solanke,TOT,CHE,FWD,5.8,0.5138599543892688,0.0,0.0052547368421052626,37.2,0.04265152015551808,1.6673881193643454
8,73,151,Acheampong,CHE,TOT,DEF,4.5,0.27581076237790314,0.31309146061675175,0.1996878048780488,29.5,0.023130903605936448,1.6648594658512212
8,73,662,Nicoll-Jazuli,CHE,TOT,MID,4.5,0.4717351806375585,0.04537906036533622,0.03303225806451613,26.5,0.038727108377861516,1.6608247629615704
8,75,462,Steur,NEW,CRY,MID,4.9,0.3629515449056988,0.08731739957402916,0.05806451612903226,34.7,0.0727009569270278,1.6558037524527562
8,77,592,Ouattara,IPS,NFO,DEF,4.0,0.19401279728673815,0.2667467823971451,0.10452073170731709,33.3,0.03545414973979683,1.6248601528065396
8,73,522,Gray,TOT,CHE,MID,4.9,0.40160797480473276,0.08137164329481461,0.05297695852534562,42.4,0.04832478779015928,1.6153987090319952
8,76,617,Cho,HUL,BRE,MID,5.0,0.5186537700792755,0.016219906269005685,0.014709677419354838,21.6,0.03082801887122551,1.5968770473718468
8,72,32,Cash,AVL,MCI,DEF,4.4,0.39670759455230864,-0.004170923019629791,0.14588536585365855,52.6,0.01250064962621353,1.5886978700871894
8,78,639,Andrés,BHA,LIV,MID,5.5,0.5221548437846049,0.05912554565229002,0.06909677419354839,35.1,0.03414022412007554,1.5634043115131595
8,76,585,Herrington,HUL,BRE,DEF,4.0,0.19512147895779475,0.19747027542355122,0.10452073170731709,33.3,0.024098842018032238,1.5494451667963685
8,73,512,Kudus,TOT,CHE,MID,6.5,0.4818841007725014,0.02225404023302863,0.03380645161290323,24.5,0.031190280255744992,1.54313535926267
8,79,64,Smith,BOU,MUN,DEF,4.5,0.23076196658444775,-0.13271060676231372,0.14973475609756098,67.4,0.024589443727720067,1.538302096961476
8,75,199,Benitez,CRY,NEW,GK,4.5,0.005523619716598677,0.5492397808579634,0.0,41.1,0.06391296055344942,1.5361138611280114
8,74,253,Andersen,FUL,COV,DEF,5.0,0.05242970676707122,0.33580167023017216,0.1443717073170732,45.9,0.050638853275788806,1.5288968100626081
8,80,646,Fofana,SUN,LEE,MID,5.5,0.42100790570484053,0.022010424859739846,0.01729032258064516,22.3,0.025027669964035427,1.5096514266961354
8,74,190,Tchaouna,COV,FUL,MID,5.4,0.4228969302464968,0.10138125410242764,0.05612903225806451,27.5,0.03652777076543068,1.5075233350243193
8,80,347,Nmecha,LEE,SUN,FWD,5.4,0.4953181087815688,0.0,0.0015368421052631579,19.6,0.028429150663820364,1.4712841015506521
8,73,519,Gallagher,TOT,CHE,MID,5.3,0.33945091153153156,0.07117895311174806,0.08109677419354838,34.9,0.05561695157510472,1.4642911135575842
8,71,7,Lewis-Skelly,ARS,EVE,MID,5.4,0.09459332905555903,0.2875940311229033,0.06761290322580646,41.1,0.021467631159677994,1.4334793097005105
8,73,499,Pedro Porro,TOT,CHE,DEF,5.4,0.3190900521577049,0.01718904933349702,0.14969560975609755,37.6,0.04504604817708881,1.4185166594532062
8,71,238,Grealish,EVE,ARS,MID,6.5,0.3098288808577637,0.05255210566880281,0.05961290322580645,34.5,0.0326859640815164,1.417788643016434
8,71,25,Gyökeres,ARS,EVE,FWD,7.1,0.6963178307500748,0.0,0.003726315789473684,21.0,0.01413215811718292,1.415228850371146
8,75,633,Ahanor,CRY,NEW,DEF,4.5,0.22476121225199291,0.2813388965239904,0.2763536585365854,28.0,0.03192609150844707,1.4132965610089225
8,74,635,Larsson,FUL,COV,MID,5.0,0.30510641431950386,0.018932386149285257,0.01729032258064516,22.3,0.041201745581129136,1.4051444945441238
8,73,568,Barco,CHE,TOT,MID,5.4,0.46575561367505636,0.09465788373081852,0.05167741935483871,28.7,0.04317856076751599,1.3941302986534803
8,72,33,Mings,AVL,MCI,DEF,4.5,0.14269759345061633,-0.0031188655137840415,0.24842113821138212,42.7,0.012180494765521096,1.392097021442084
8,80,327,Bijol,LEE,SUN,DEF,5.0,0.21296497809005235,0.054440039035133336,0.30755487804878046,30.2,0.027651931716011997,1.387533918569485
8,72,54,Gomes,AVL,MCI,MID,5.5,0.326037934327923,0.06134979033489529,0.26008064516129037,29.3,0.011280391687886278,1.3824494405964494
8,79,75,Christie,BOU,MUN,MID,5.0,0.4028081466444091,0.03500884392813919,0.048193548387096774,25.8,0.014698204069114281,1.3801414590427494
8,75,405,N.Gonzalez,NEW,CRY,MID,5.5,0.14135119711436653,0.12457282339228161,0.08283870967741937,37.0,0.07349144039457034,1.3636108111353906
8,72,393,Khusanov,MCI,AVL,DEF,5.4,0.010035463488802122,0.40197328549317224,0.11352439024390244,40.4,0.021216417182877628,1.3559079306203874
8,78,357,Frimpong,LIV,BHA,DEF,5.3,0.42887447026180214,0.1259466142571395,0.08956682926829268,26.4,0.016310723394508717,1.3556903454152083
8,75,208,Sarr,CRY,NEW,MID,6.2,0.676984876450482,0.051658271280191535,0.04232258064516129,18.9,0.026104651139465716,1.3449290195601782
8,78,116,Dunk,BHA,LIV,DEF,4.5,0.11789479487141957,0.003419837765681777,0.2648919860627178,49.7,0.03982190348451687,1.3386952671810068
8,76,90,Hickey,BRE,HUL,DEF,4.5,0.012831428672328981,0.20851533955012663,0.08338170731707317,26.1,0.02039009945488917,1.3301229166393054
8,75,577,Tomiyasu,CRY,NEW,DEF,4.4,0.17731257806826206,0.2695408137665327,0.11626463414634146,25.1,0.02551669312222272,1.3288078433291757
8,72,56,Abraham,AVL,MCI,FWD,5.5,0.38822667202526634,0.0,0.0010526315789473684,18.9,0.0071467055850966705,1.281588164244547
8,76,637,Vaz,HUL,BRE,FWD,5.0,0.460441361450023,0.0,0.0014105263157894738,17.8,0.02036292262027839,1.2554164889527708
8,74,195,Simms,COV,FUL,FWD,4.9,0.5402685208963495,0.0,0.002494736842105263,20.0,0.03157182118802745,1.2553587023428772
8,71,247,Hackney,EVE,ARS,MID,5.4,0.16402545447859845,0.026958547713217026,0.03058064516129032,26.3,0.021035801959121154,1.2419847505754418
8,74,269,Sessegnon,FUL,COV,DEF,4.3,0.3304281640356041,0.1005219750363639,0.07202926829268294,19.9,0.030905911710656195,1.240885319075307
8,79,439,Šeško,MUN,BOU,FWD,7.0,0.5846143101266524,0.0,0.0018736842105263156,15.9,0.01179299925125285,1.2401787706579877
8,77,488,I.Sangaré,NFO,IPS,MID,4.9,0.2243907401051006,0.07864609134034713,0.05070967741935484,30.0,0.03320148167229061,1.231368446229887
8,77,490,Wood,NFO,IPS,FWD,5.8,0.2626182338107497,0.0,0.001663157894736842,19.8,0.021029717700683872,1.2153111094061704
8,72,53,Manzambi,AVL,MCI,MID,5.9,0.4144295199511465,0.04368105071844545,0.05167741935483871,25.2,0.014144006661415846,1.1945691311048927
8,78,119,Costinha,BHA,LIV,DEF,4.5,0.1673552507522626,0.00032883055439247855,0.02609756097560976,21.2,0.009811157373166915,1.186492909760089
8,74,263,Kevin,FUL,COV,MID,5.3,0.23837123937542049,0.02006267785969034,0.018322580645161287,18.4,0.027955187509706228,1.180660767017686
8,80,612,Methalie,SUN,LEE,DEF,4.5,0.19185418801488946,0.2951263859185002,0.11783048780487805,27.2,0.0163284214220649,1.1590553906825531
8,72,596,Ruggeri,AVL,MCI,DEF,4.5,0.16257008267970485,-0.0019921940004314354,0.23802073170731708,28.3,0.007805986392205792,1.1543436728096532
8,79,71,Cook,BOU,MUN,MID,5.0,0.08170365148076106,0.03655541936271562,0.04025806451612904,31.3,0.01817759168904112,1.1493016332667916
8,79,72,Gannon-Doak,BOU,MUN,MID,4.9,0.25128355153343135,0.007029888338983773,0.012903225806451613,18.4,0.0117196861232952,1.1396539334944258
8,78,369,Ngumoha,LIV,BHA,MID,5.7,0.45479985936134776,0.03052960518162912,0.02535483870967742,15.6,0.01406231990542106,1.1347466231580752
8,71,11,Mosquera,ARS,EVE,DEF,5.3,0.0011943284812279769,0.5506455209942235,0.08330341463414635,22.5,0.016120177350737678,1.1306447114434894
8,73,520,Bergvall,TOT,CHE,MID,5.3,0.2956527602978588,0.029049167021739666,0.04412903225806452,18.1,0.018600339088549477,1.1203097615341022
8,76,589,Gourna-Douath,HUL,BRE,MID,5.0,0.30736812184263873,0.05776563109838868,0.03929032258064516,23.8,0.026140000127468678,1.1171457177262452
8,77,309,Núñez,IPS,NFO,MID,4.9,0.2762931498481058,0.09527959895287365,0.15923870967741938,23.3,0.03336330069108308,1.1168226850560885
8,72,400,Doku,MCI,AVL,MID,7.4,0.5236081437901554,0.04166307783275094,0.03380645161290323,15.3,0.008665063035855017,1.1147427362716646
8,71,9,Hincapie,ARS,EVE,DEF,5.2,0.1461253355726378,0.3084442955945086,0.07777073170731708,18.4,0.010818035507958635,1.1097172910845716
8,79,74,Brooks,BOU,MUN,MID,5.0,0.2282201798712654,0.01293499454373014,0.023741935483870966,20.4,0.009697457764314295,1.0967670618356749
8,74,262,Smith Rowe,FUL,COV,MID,5.4,0.18701686091252287,0.04266851206779214,0.03896774193548387,20.5,0.03203042516256287,1.0956509318358538
8,77,320,Akpom,IPS,NFO,FWD,5.0,0.415840583963658,0.0,0.0010526315789473684,14.0,0.021189595466724245,1.0605692987700268
8,72,631,Mbaye,AVL,MCI,MID,6.0,0.2446382859766752,0.010961162539834627,0.01729032258064516,17.8,0.007302745143815624,1.0535157075562742
8,74,271,Muniz,FUL,COV,FWD,5.4,0.17627137919546182,0.0,0.0015368421052631579,19.4,0.02087804548770261,1.0503956724530712
8,78,125,Georginio,BHA,LIV,FWD,5.3,0.3719188950259399,0.0,0.0036315789473684214,23.7,0.011747365097434431,1.0459187052785655
8,71,232,O'Brien,EVE,ARS,DEF,4.8,0.07534722234627803,0.009692203282593598,0.12318048780487804,28.5,0.011019310724326775,1.0309745876312493
8,75,461,Touré,NEW,CRY,MID,5.8,0.2486871277130199,0.011642319943203888,0.012903225806451613,15.6,0.031206000696079417,1.0100722813316017
8,75,643,Chilwell,CRY,NEW,DEF,4.5,0.21126175108675194,0.060805503442281805,0.03497073170731708,15.9,0.023826875101925014,1.0070343696119555
8,75,213,Lerma,CRY,NEW,MID,4.8,0.29509758877657977,0.03937368237819477,0.03225806451612903,18.8,0.02586636784272849,0.9869573064190011
8,78,381,Koumas,LIV,BHA,MID,5.0,0.2897380893918183,0.011652521061690504,0.012903225806451613,14.6,0.009887306906534873,0.9713453794319963
8,76,620,Diouf,BRE,HUL,DEF,4.5,0.10995704343314033,0.09789452561038808,0.05219512195121952,18.6,0.015403436980294723,0.9669863801722324
8,79,608,Jebbison,BOU,MUN,FWD,5.0,0.30682493019060714,0.0,0.0010526315789473684,14.6,0.008528534527388136,0.9646090837584411
8,73,101,Henderson,CHE,TOT,MID,4.9,0.2415901564225007,0.10316645754931905,0.05632258064516128,25.6,0.027103280248340692,0.9592881039301345
8,78,364,Tsimikas,LIV,BHA,DEF,4.9,0.1543614228510045,0.10216648429250476,0.12109268292682927,19.4,0.008331975982562776,0.9582624013261153
8,78,375,Nyoni,LIV,BHA,MID,4.9,0.2401523478987472,0.011652521061690504,0.012903225806451613,15.0,0.009563347437450177,0.945466791272711
8,75,559,Bamba,NEW,CRY,MID,4.9,0.20844614542868933,0.011642319943203888,0.012903225806451613,15.2,0.02823144558275193,0.942435160132653
8,80,535,Alderete,SUN,LEE,DEF,4.8,0.08767669040153492,0.2117850477023125,0.11274146341463415,21.7,0.01615512950442944,0.9357101384339217
8,73,515,Maddison,TOT,CHE,MID,6.3,0.2055234519874103,0.00849390848588879,0.012903225806451613,15.2,0.020449841564986776,0.9302272179143074
8,79,422,Mazraoui,MUN,BOU,DEF,4.4,0.05493690032439025,0.1557027757143763,0.06694024390243904,18.7,0.01037381309149953,0.8842768652302342
8,77,300,Walton,IPS,NFO,GK,4.4,0.004011669696029057,0.3020460617753974,0.0,24.1,0.023890261113192694,0.8742098973465239
8,71,16,Madueke,ARS,EVE,MID,6.2,0.2340107972844052,0.06147047993466637,0.02890322580645161,12.8,0.009285680710235758,0.8566701837357589
8,74,188,Torp,COV,FUL,MID,5.3,0.2175139846485081,0.017479526569384077,0.012903225806451613,13.3,0.02517408970633918,0.8533125048001828
8,76,108,Wilson,BRE,HUL,FWD,5.4,0.2872002300471018,0.0,0.0007157894736842105,11.0,0.015746628917969706,0.8419581018518466
8,80,343,James,LEE,SUN,MID,4.9,0.04312019686957629,0.008838080327229733,0.012129032258064516,14.3,0.013843086606884119,0.8099303960617548
8,74,584,Hamer,COV,FUL,MID,5.4,0.20633230319697493,0.017479526569384077,0.012903225806451613,12.7,0.024038238152898087,0.8062539906221294
8,78,328,Struijk,BHA,LIV,DEF,4.9,0.06249743654822122,0.0015915398832596073,0.09473414634146342,26.2,0.01252851763286205,0.8005080437745107
8,76,240,Iroegbunam,HUL,BRE,MID,5.0,0.12351546530683744,0.014512547714373507,0.013161290322580644,15.5,0.014209937446919873,0.79437951760348
8,73,506,Udogie,TOT,CHE,DEF,4.4,0.0761742427987457,0.008198960769952551,0.08925365853658537,22.4,0.016103330291778937,0.7940517632769132
8,77,478,Netz,NFO,IPS,DEF,4.4,0.08410848281441298,0.041324180393111254,0.02609756097560976,14.0,0.015836803803013264,0.7925429736460954
8,77,318,Philogene,IPS,NFO,MID,5.4,0.17891507161116174,0.01659923326705116,0.012903225806451613,12.9,0.018639770099981367,0.7840314631409063
8,79,420,Yoro,MUN,BOU,DEF,4.8,0.03605477424823955,0.11381781850466102,0.06524390243902439,16.3,0.005902347157828607,0.7799657084143864
8,78,126,O'Riley,BHA,LIV,MID,5.4,0.191027356443683,0.008280888746819332,0.012903225806451613,12.9,0.00867902929777305,0.7759535986854655
8,79,440,Zirkzee,MUN,BOU,FWD,5.3,0.25585603673309076,0.0,0.0008421052631578948,11.7,0.00792816549936238,0.7748661286299955
8,78,600,Osman,BHA,LIV,MID,5.0,0.16481006340706728,0.008280888746819332,0.012903225806451613,13.3,0.008990867118192272,0.7746493814495881
8,77,323,McAteer,IPS,NFO,MID,4.4,0.17472060830704655,0.01659923326705116,0.012903225806451613,12.7,0.018760219646816102,0.7689221162795176
8,79,162,Andrey Santos,MUN,BOU,MID,4.8,0.09606469634132742,0.0482778793150476,0.02961290322580645,16.6,0.009451220164957913,0.7521787100729582
8,73,498,Senesi,TOT,CHE,DEF,5.8,0.11190562774682451,0.007911277935919114,0.1961219512195122,20.9,0.020362657931428232,0.7467144449692419
8,77,482,Hudson-Odoi,NFO,IPS,MID,5.8,0.21019604912484857,0.043525508566222636,0.03741935483870967,13.9,0.0183408379306895,0.7464817504604704
8,72,160,Garnacho,AVL,MCI,MID,5.8,0.1579106861344691,0.007034775958401326,0.011096774193548386,11.5,0.004623433426277334,0.7244164123890532
8,72,52,Alysson,AVL,MCI,MID,5.0,0.1516976991299191,0.006216778753936056,0.009806451612903225,12.4,0.005814336122682732,0.7240455373730652
8,73,164,Quenda,CHE,TOT,MID,5.3,0.197723358656615,0.01772619545520946,0.012903225806451613,11.3,0.015925208470840325,0.7143895583956023
8,75,212,Hughes,CRY,NEW,MID,4.4,0.052535459015703445,0.04126361913234812,0.03380645161290323,16.7,0.02185776928059675,0.7143466301217192
8,80,339,Longstaff,LEE,SUN,MID,4.9,0.1963389820148781,0.013727231146548308,0.018838709677419352,12.5,0.018057505456366692,0.7124903898650483
8,75,595,Gozo,CRY,NEW,MID,5.0,0.2041378270980002,0.015749472951277908,0.012903225806451613,11.0,0.021529481609754042,0.7080784616176796
8,75,241,McNeil,CRY,NEW,MID,5.4,0.15808885606614553,0.04913835560798707,0.030193548387096772,14.2,0.02077153009410888,0.7056079132918917
8,74,256,Tete,FUL,COV,DEF,4.4,0.050918477402415854,0.10562091579907798,0.07568292682926829,16.5,0.02403938169800581,0.7036131148791761
8,77,571,Florentino,IPS,NFO,MID,4.8,0.04655015650316103,0.02622678856194083,0.020387096774193546,14.9,0.017804686944909096,0.6966379017165354
8,72,621,McAidoo,MCI,AVL,MID,4.5,0.17632775588026717,0.01812820943867789,0.014709677419354838,11.9,0.005415676266413276,0.6957776468888115
8,79,81,Rodríguez,BOU,MUN,FWD,6.0,0.23203133702148135,0.0,0.0010526315789473684,11.0,0.006963754902638959,0.6935229369832261
8,72,616,Bouaddi,MCI,AVL,MID,5.5,0.1695710279236656,0.01812820943867789,0.014709677419354838,11.9,0.005343864218810367,0.6894345880114308
8,75,42,Guessand,CRY,NEW,MID,5.4,0.2181319726410988,0.020789304295686838,0.01703225806451613,9.8,0.017164949286360913,0.6891184842876626
8,80,648,Bahoya,LEE,SUN,MID,5.0,0.15554880524872197,0.012598965572859408,0.01729032258064516,12.3,0.015180315803706374,0.6775071109516729
8,79,430,Mount,MUN,BOU,MID,5.4,0.20822870232591842,0.027136585758784925,0.022193548387096772,10.8,0.00663636542414888,0.6701979021659762
8,80,549,Talbi,SUN,LEE,MID,5.3,0.23432148078667686,0.03679354603419198,0.02890322580645161,11.5,0.01168609315304047,0.663704345780361
8,78,594,David,BHA,LIV,FWD,5.9,0.24308926614941553,0.0,0.0010526315789473684,10.4,0.0068651928673401945,0.6537302007372346
8,76,638,Norton-Cuffy,HUL,BRE,DEF,4.0,0.0910712339183341,0.03697945232650772,0.02609756097560976,11.9,0.012142791505072574,0.6533954760265903
8,72,395,Lewis,MCI,AVL,DEF,4.4,0.1002879843720465,0.14600408990326716,0.08246829268292684,12.4,0.004123144141480572,0.6396515646407043
8,75,647,Osorio,CRY,NEW,MID,5.5,0.20263535073656647,0.021104293754712396,0.01729032258064516,10.4,0.02102702222361629,0.6359791436171416
8,79,76,Tóth.A,BOU,MUN,MID,4.9,0.13778747617490802,0.007029888338983773,0.012903225806451613,11.3,0.007323266387921093,0.6347445033755491
8,79,421,Heaven,MUN,BOU,DEF,4.4,0.07777243364751082,0.1557027757143763,0.06694024390243904,15.1,0.007078211056699705,0.6313570183582929
8,75,446,Schär,NEW,CRY,DEF,4.9,0.0008533217742437254,0.03469226043368107,0.04123414634146342,14.1,0.020965162320356546,0.6253701377065765
8,80,548,Rigg,SUN,LEE,MID,4.9,0.13694538595395636,0.025952590506260413,0.020387096774193546,10.4,0.012175195716095058,0.6201587052588479
8,75,207,Mingueza,CRY,NEW,DEF,4.4,0.09372669287741946,0.04537724137483717,0.02609756097560976,10.4,0.017529202090096844,0.6074402446416505
8,71,231,Keane,EVE,ARS,DEF,4.8,0.08539967881116065,0.008090525621487016,0.10282439024390244,18.6,0.00943910713744267,0.6045666848124472
8,74,255,J.Cuenca,FUL,COV,DEF,4.5,0.002155518017018997,0.12455983863201611,0.15244024390243904,15.6,0.02191345002258185,0.5672630918269207
8,74,599,Cherif,COV,FUL,FWD,5.0,0.22913423046511455,0.0,0.0010526315789473684,8.3,0.01826937474489787,0.5540566115157417
8,80,641,Bard,LEE,SUN,DEF,4.5,0.06586105531120509,0.010572413377837486,0.03497073170731708,11.3,0.011334548203135252,0.5490193427415654
8,76,89,Henry,BRE,HUL,DEF,4.4,0.047005107923217146,0.09691558035428421,0.051673170731707324,11.0,0.010824195740689255,0.5398380099781945
8,75,664,Salia,NEW,CRY,FWD,4.5,0.2754785270854773,0.0,0.0026947368421052632,11.2,0.020977729629235654,0.5397919556843899
8,71,20,Dowman,ARS,EVE,MID,5.3,0.1450279954079182,0.02744217854226177,0.012903225806451613,9.0,0.007542399627426812,0.5370883805441883
8,76,340,Gelhardt,HUL,BRE,MID,5.0,0.15059586277966233,0.014227987955268147,0.012903225806451613,9.0,0.013135367891942206,0.5349661867677143
8,75,450,Livramento,NEW,CRY,DEF,4.9,0.02987820723931687,0.03249654774800505,0.03862439024390244,12.0,0.02148859951306298,0.5310167537703706
8,76,100,Carvalho,BRE,HUL,MID,5.0,0.1405304995029224,0.016411310433468124,0.012903225806451613,9.0,0.01420433724616646,0.5280139163719022
8,72,406,Kovačić,MCI,AVL,MID,5.4,0.12394105058186693,0.01590193810410341,0.012903225806451613,9.4,0.004634229332417843,0.5268312308303699
8,74,179,Latibeaudiere,COV,FUL,DEF,4.0,0.07284964480306388,0.054615603545061495,0.02609756097560976,9.0,0.017013624313062897,0.5181986742893879
8,75,442,Pope,NEW,CRY,GK,4.9,0.024767563297974596,0.10089763043960892,0.0,17.5,0.02494839844878772,0.5151268372194839
8,77,487,Dominguez,NFO,IPS,MID,4.9,0.07121311930809442,0.03542075869527084,0.030451612903225803,10.1,0.015318371679457368,0.5135100332998458
8,76,660,Fredrick,BRE,HUL,DEF,4.0,0.06356241684334937,0.12530499278129675,0.06680975609756098,11.2,0.011957772878706346,0.5124627329552699
8,80,539,O'Nien,SUN,LEE,DEF,3.9,0.07222190678662302,0.12844370948612469,0.051281707317073176,11.5,0.011382007350606075,0.49721522129937434
8,75,665,Mills,NEW,CRY,MID,4.5,0.16127149146324915,0.029804339054601954,0.03303225806451613,11.2,0.021780656973958992,0.486068574164846
8,75,666,Thompson,NEW,CRY,MID,4.5,0.16127149146324915,0.029804339054601954,0.03303225806451613,11.2,0.021780656973958992,0.486068574164846
8,75,663,Pivas,NEW,CRY,DEF,4.0,0.07666254096131321,0.056210244753306035,0.06680975609756098,11.2,0.017832686611594158,0.4623430227781307
8,71,245,Dibling,EVE,ARS,MID,5.4,0.07360654725639879,0.00853118598519526,0.012903225806451613,9.0,0.007622730916508674,0.4473370003491487
8,78,120,Svoboda,BHA,LIV,DEF,5.0,0.052952977103682984,0.00032883055439247855,0.02609756097560976,9.0,0.00594387618871439,0.43303028929492005
8,76,574,Hjertø-Dahl,HUL,BRE,MID,4.9,0.1173082673246013,0.014227987955268147,0.012903225806451613,7.6,0.012088056692179938,0.4275998162928005
8,73,159,Caicedo,CHE,TOT,MID,5.3,0.0979797759035297,0.03828858218325243,0.027870967741935482,11.0,0.01526190661044875,0.42314246442389264
8,72,622,Braithwaite,MCI,AVL,DEF,4.0,0.05414030752737724,0.05267236154738119,0.029751219512195125,8.1,0.003731522832645879,0.42145542800693025
8,74,185,Sakamoto,COV,FUL,MID,4.8,0.11723220682075253,0.017479526569384077,0.012903225806451613,7.1,0.017862222559151153,0.40919669997019154
8,76,661,Balcombe,BRE,HUL,GK,4.0,0.001227467783172885,0.13141675725451343,0.0,11.2,0.01259050071467127,0.40612361464124647
8,77,321,Walle Egeli,IPS,NFO,FWD,4.5,0.16072193344376512,0.0,0.0010526315789473684,6.7,0.01304673686286061,0.39410165918712403
8,77,493,Kalimuendo,NFO,IPS,FWD,5.4,0.148838442070692,0.0,0.0010526315789473684,6.7,0.013122295007863707,0.3820654879104661
8,77,308,Furlong,IPS,NFO,DEF,3.9,0.0468017018973354,0.049952580973248145,0.02609756097560976,7.1,0.011846337084746281,0.38091531409883567
8,72,396,Vitor Reis,MCI,AVL,DEF,4.5,0.04745631894375042,0.04620382591875543,0.02609756097560976,7.1,0.0035916048157720827,0.3692179671687086
8,71,243,Alcaraz,EVE,ARS,MID,4.9,0.02463043185781008,0.008019314826083545,0.012129032258064516,8.8,0.006874395034293844,0.36614104740047265
8,74,655,Gboho,COV,FUL,MID,5.5,0.12794522738969244,0.029715195167952933,0.021935483870967745,7.5,0.018189217527421534,0.35783411632781126
8,79,435,Lacey,MUN,BOU,MID,4.9,0.10368006556697251,0.015777084743479608,0.012903225806451613,6.7,0.005583886945865208,0.35695377928121447
8,76,285,McNair,HUL,BRE,DEF,4.0,0.04759699834513379,0.03697945232650772,0.02609756097560976,6.7,0.010104379834983843,0.3428361527098446
8,72,392,Aït-Nouri,MCI,AVL,DEF,5.3,0.048230857824658316,0.07947058058025933,0.044887804878048776,7.0,0.004196763788144334,0.33936788142744434
8,80,344,Gruev,LEE,SUN,MID,5.0,0.08126475762213091,0.019744647539555786,0.027096774193548386,8.9,0.011390751816245865,0.336238964555396
8,75,659,Miley,NEW,CRY,MID,4.5,0.10799430231914005,0.019791943903446612,0.021935483870967745,7.5,0.017789607568421142,0.3275603300337521
8,76,657,Nunes,BRE,HUL,MID,4.5,0.08954019491970522,0.027899227736895814,0.021935483870967745,7.5,0.011928872553280515,0.31135277145262585
8,80,651,J.Angulo,SUN,LEE,FWD,4.5,0.16385343568594607,0.0,0.0014105263157894738,5.9,0.010203559845329656,0.30116231439641095
8,78,658,Ibrahim,BHA,LIV,MID,4.5,0.09351659130906112,0.014077510869592864,0.021935483870967745,7.5,0.0063146367183443755,0.2958932151397427
8,73,147,Tosin,TOT,CHE,DEF,4.4,0.0,0.0009349692106086251,0.013570731707317074,6.2,0.011260259960929057,0.28817428761475566
8,72,35,Bogarde,AVL,MCI,MID,4.9,0.0,0.012924355830551276,0.020387096774193546,8.9,0.0035613934860344748,0.28439547136867593
8,72,667,Wright,AVL,MCI,GK,4.0,0.001398924240167291,0.005156705177129695,0.0,11.2,0.00435850255080232,0.2718030208569882
8,76,645,Mouzakitis,HUL,BRE,MID,5.0,0.09241741956966398,0.019065503860059316,0.01729032258064516,5.9,0.010928521767168969,0.2651536417766684
8,76,556,Targett,HUL,BRE,DEF,4.0,0.03688881427269029,0.028104383768145863,0.019834146341463414,5.0,0.00956336351841643,0.2609102106459261
8,79,62,Diakité,BOU,MUN,DEF,4.9,0.0,-0.01821518132031756,0.05480487804878049,9.4,0.005220638747679571,0.2514377864565346
8,72,628,Allan,MCI,AVL,MID,6.0,0.0831123589678398,0.02130859705949857,0.01729032258064516,5.9,0.003782782477407705,0.2509459350845222
8,72,653,Samba,MCI,AVL,MID,4.5,0.0831123589678398,0.02130859705949857,0.01729032258064516,5.9,0.003782782477407705,0.2509459350845222
8,74,636,Ángel,FUL,COV,MID,5.0,0.07209344554846842,0.018932386149285257,0.01729032258064516,5.9,0.01666459659850538,0.2504326248760351
8,73,169,Mheuka,CHE,TOT,FWD,4.5,0.1345368602265175,0.0,0.0010526315789473684,4.4,0.010805173539017571,0.24021790046602842
8,80,613,Ahoka,SUN,LEE,MID,4.5,0.08129117386999007,0.018725286820972704,0.014709677419354838,5.0,0.009907267889942957,0.23099940091477833
8,78,382,Danns,LIV,BHA,FWD,4.5,0.1287989975386332,0.0,0.0010526315789473684,4.4,0.005250434508421965,0.2289252987475485
8,73,497,Dubravka,TOT,CHE,GK,4.0,0.0,0.007901227652820239,0.0,9.8,0.012094408978469863,0.226884525520179
8,74,178,Bidwell,COV,FUL,DEF,4.0,0.03568133631465294,0.054615603545061495,0.02609756097560976,4.4,0.014191010649363983,0.22605357355247108
8,73,561,Anselmino,CHE,TOT,DEF,4.5,0.03744007805995561,0.05590918939584852,0.02609756097560976,4.4,0.010136738407305005,0.22505162890650177
8,75,218,Doucouré,CRY,NEW,MID,4.8,0.08588910058641788,0.015749472951277908,0.012903225806451613,4.4,0.015014014593996953,0.22319788946292
8,75,221,Drakes-Thomas,CRY,NEW,MID,4.5,0.08588910058641788,0.015749472951277908,0.012903225806451613,4.4,0.015014014593996953,0.22319788946292
8,74,189,Shepherd,COV,FUL,MID,4.4,0.07506120006861956,0.017479526569384077,0.012903225806451613,4.4,0.01535139067228717,0.21443741864151805
8,74,626,Zepa,FUL,COV,MID,4.5,0.06109614029531221,0.01610665687327253,0.014709677419354838,5.0,0.01586379202262448,0.2141422615250818
8,77,303,Kipré,IPS,NFO,DEF,3.9,0.029916956444963387,0.049952580973248145,0.02609756097560976,4.4,0.010844204846262376,0.21227936530786656
8,71,3,Meslier,ARS,EVE,GK,4.9,0.0006392340927453422,0.10394097701352055,0.0,4.4,0.0054845733371689945,0.21184256222121267
8,71,2,Arrizabalaga,ARS,EVE,GK,4.9,0.0006392340927453422,0.10394097701352055,0.0,4.4,0.0054845733371689945,0.21184256222121267
8,76,92,Ji-soo,BRE,HUL,DEF,4.4,0.024970949474172964,0.04894726280519404,0.02609756097560976,4.4,0.0093057107089253,0.20478954603168492
8,79,424,Amass,MUN,BOU,DEF,4.0,0.032966107764695114,0.04552712740186441,0.02609756097560976,4.4,0.004539258750571445,0.2045981169605236
8,80,550,Jocelin.T,SUN,LEE,MID,5.0,0.07153623300559128,0.016425690193835704,0.012903225806451613,4.4,0.009587109441665178,0.20409433397231944
8,72,630,Harwood-Bellis,AVL,MCI,DEF,4.5,0.03816088908067186,-0.0004999138502955261,0.03497073170731708,5.9,0.003404038594218913,0.20393610148643937
8,71,654,Graham,EVE,ARS,MID,4.5,0.04217537507795012,0.01143178922016165,0.01729032258064516,5.9,0.00631214438247197,0.2026615052603599
8,74,272,Kusi-Asare,FUL,COV,FWD,4.5,0.09183888383543728,0.0,0.0010526315789473684,4.4,0.015126421217626815,0.20184117175355742
8,77,476,O.Richards,NFO,IPS,DEF,4.0,0.02725159663260373,0.041324180393111254,0.02609756097560976,4.4,0.010844204846262376,0.20098560491537
8,76,284,McCarthy,HUL,BRE,DEF,4.0,0.032762732083670865,0.03697945232650772,0.02609756097560976,4.4,0.0093057107089253,0.20061351816249653
8,76,292,Ömür,HUL,BRE,MID,4.9,0.06892146544178329,0.014227987955268147,0.012903225806451613,4.4,0.010066956598998733,0.19976171132727744
8,76,294,Zambrano,HUL,BRE,MID,4.5,0.06892146544178329,0.014227987955268147,0.012903225806451613,4.4,0.010066956598998733,0.19976171132727744
8,76,288,Dowell,HUL,BRE,MID,4.5,0.06892146544178329,0.014227987955268147,0.012903225806451613,4.4,0.010066956598998733,0.19976171132727744
8,78,378,McConnell,LIV,BHA,MID,4.4,0.07540190755260419,0.011652521061690504,0.012903225806451613,4.4,0.005328589999207699,0.19892831994472968
8,78,374,Endo,LIV,BHA,MID,4.9,0.07540190755260419,0.011652521061690504,0.012903225806451613,4.4,0.005328589999207699,0.19892831994472968
8,77,310,Matusiwa,IPS,NFO,MID,4.9,0.06293493700339337,0.01659923326705116,0.012903225806451613,4.4,0.011731233675517835,0.19781070527718958
8,77,324,Mehmeti,IPS,NFO,MID,4.8,0.06293493700339337,0.01659923326705116,0.012903225806451613,4.4,0.011731233675517835,0.19781070527718958
8,79,437,Bendito Mantato,MUN,BOU,MID,4.4,0.06934929758763776,0.015777084743479608,0.012903225806451613,4.4,0.004910798882691456,0.19658248254503607
8,79,438,Fletcher,MUN,BOU,MID,4.4,0.06934929758763776,0.015777084743479608,0.012903225806451613,4.4,0.004910798882691456,0.19658248254503607
8,79,434,J.Fletcher,MUN,BOU,MID,4.9,0.06934929758763776,0.015777084743479608,0.012903225806451613,4.4,0.004910798882691456,0.19658248254503607
8,74,623,Bentley,COV,FUL,GK,4.0,0.000783011497021419,0.06289264204347782,0.0,5.0,0.014846151666477396,0.19413291631808777
8,78,359,Gomez,LIV,BHA,DEF,4.9,0.04932627173398331,0.023339757187511863,0.02766341463414634,3.6,0.004828169391913875,0.1899151887051312
8,74,270,Reed,FUL,COV,MID,4.4,0.053764603459874744,0.014128646380063623,0.012903225806451613,4.4,0.01535139067228717,0.18978994184345277
8,78,351,Mamardashvili,LIV,BHA,GK,4.9,0.0,0.03360423859639692,0.0,6.7,0.00547690708030676,0.18908114567670367
8,73,524,Olusesi,TOT,CHE,MID,4.4,0.06216655094625226,0.00849390848588879,0.012903225806451613,4.4,0.010965939401633719,0.188171700165002
8,73,601,Williams-Barnett,TOT,CHE,MID,4.5,0.06216655094625226,0.00849390848588879,0.012903225806451613,4.4,0.010965939401633719,0.188171700165002
8,78,361,Lucky,LIV,BHA,DEF,4.0,0.03584329613290606,0.022018638856143267,0.02609756097560976,4.4,0.004925489712685499,0.18435304774512745
8,80,604,Cresswell,LEE,SUN,MID,4.5,0.055746518520635016,0.009402213114074185,0.012903225806451613,4.4,0.009587109441665178,0.18128114240760165
8,72,50,Burrowes,AVL,MCI,MID,4.5,0.05986783346793922,0.008179972044652706,0.012903225806451613,4.4,0.003484377239531587,0.17807748408335078
8,78,134,Oriola,BHA,LIV,MID,4.5,0.054863066901315864,0.008280888746819332,0.012903225806451613,4.4,0.005328589999207699,0.17501784697857017
8,78,614,Hadjam,BHA,LIV,DEF,4.5,0.029636234099180595,0.00037486683200742277,0.029751219512195125,5.0,0.005035737536557746,0.1732390376024214
8,74,172,Wilson,COV,FUL,GK,4.4,0.0006890501173788489,0.055051783379216734,0.0,4.4,0.014481344720459123,0.17199995599483248
8,73,560,Penders,CHE,TOT,GK,4.4,0.0007230135652540404,0.05634536923000376,0.0,4.4,0.010344204733584775,0.16919036530662035
8,79,131,Baleba,MUN,BOU,MID,4.9,0.0,0.021456835251132268,0.017548387096774195,4.8,0.00456666709229463,0.16899108749609418
8,80,603,Lienou,LEE,SUN,DEF,4.0,0.026499846443800507,0.007889860729729473,0.02609756097560976,4.4,0.008862119184271811,0.16481744940119442
8,77,301,Palmer,IPS,NFO,GK,4.0,0.0005777329124737531,0.050388760807403385,0.0,4.4,0.011066140341043713,0.16381041183869863
8,77,302,Button,IPS,NFO,GK,4.0,0.0005777329124737531,0.050388760807403385,0.0,4.4,0.011066140341043713,0.16381041183869863
8,73,510,Rowswell,TOT,CHE,DEF,4.0,0.029551693948503464,0.0017980177127088909,0.02609756097560976,4.4,0.010136738407305005,0.16305207311190997
8,73,509,Byfield,TOT,CHE,DEF,4.0,0.029551693948503464,0.0017980177127088909,0.02609756097560976,4.4,0.010136738407305005,0.16305207311190997
8,73,508,Davies,TOT,CHE,DEF,3.9,0.029551693948503464,0.0017980177127088909,0.02609756097560976,4.4,0.010136738407305005,0.16305207311190997
8,75,555,Matthews,CRY,NEW,GK,4.0,0.000788448556465018,0.04581342120899241,0.0,4.4,0.014163057206306002,0.1625427047495412
8,76,83,Valdimarsson,BRE,HUL,GK,4.5,0.00048221948624649054,0.04938344263934928,0.0,4.4,0.009496174302622798,0.16113961420599632
8,80,531,Ellborg,SUN,LEE,GK,4.5,0.0006566914691515919,0.049460496431912755,0.0,4.4,0.009043511168809755,0.16093847684765186
8,73,158,Gittens,CHE,TOT,MID,5.8,0.04198227923812246,0.014180956364167567,0.01032258064516129,2.4,0.009737957113287416,0.15922377336073873
8,80,629,Zetterer,LEE,SUN,GK,4.0,0.000686202652757899,0.0115866894717759,0.0,5.9,0.009624131609742239,0.15825813484538717
8,77,468,John,NFO,IPS,GK,4.5,0.0005262615641092277,0.041760360227266494,0.0,4.4,0.011066140341043713,0.1551305399101972
8,77,590,Benda,NFO,IPS,GK,4.5,0.0005262615641092277,0.041760360227266494,0.0,4.4,0.011066140341043713,0.1551305399101972
8,74,251,Lecomte,FUL,COV,GK,4.0,0.000493550679858392,0.03685718528211317,0.0,4.4,0.014481344720459123,0.15360985846020844
8,78,117,Coppola,BHA,LIV,DEF,4.5,0.02607988600727893,0.00032883055439247855,0.02609756097560976,4.4,0.004925489712685499,0.15289982931774954
8,72,606,Rowe,AVL,MCI,DEF,4.0,0.02845896812795868,-0.0003730700375339721,0.02609756097560976,4.4,0.0032207441743373703,0.1528722653081547
8,72,38,A.García,AVL,MCI,DEF,4.0,0.02845896812795868,-0.0003730700375339721,0.02609756097560976,4.4,0.0032207441743373703,0.1528722653081547
8,72,587,Rulli,MCI,AVL,GK,5.0,0.0005689860008928856,0.04664000575291067,0.0,4.4,0.0032867028060183747,0.1522734723375997
8,72,386,Bettinelli,MCI,AVL,GK,4.5,0.0005689860008928856,0.04664000575291067,0.0,4.4,0.0032867028060183747,0.1522734723375997
8,76,273,Phillips,HUL,BRE,GK,4.0,0.0006326883104609075,0.03741563216066296,0.0,4.4,0.009496174302622798,0.14932227255152447
8,79,325,Darlow,MUN,BOU,GK,4.5,0.0,0.04514436838204048,0.0,4.7,0.004704766222617599,0.14847539723092074
8,79,573,Sanchez,BOU,MUN,DEF,4.4,0.02630698159981299,-0.00867389586681789,0.02609756097560976,4.4,0.004539258750571446,0.1437379675269592
8,79,66,Soler,BOU,MUN,DEF,4.0,0.02630698159981299,-0.00867389586681789,0.02609756097560976,4.4,0.004539258750571446,0.1437379675269592
8,75,443,Gillespie,NEW,CRY,GK,4.5,0.0005816042396220343,0.022393306690915406,0.0,4.4,0.014163057206306002,0.1389157459146212
8,80,625,Cairns,LEE,SUN,GK,4.0,0.0005815276718287279,0.009625295233999302,0.0,5.0,0.009271436240362684,0.13508937025730186
8,78,355,Davies,LIV,BHA,GK,4.0,0.0006921777589781951,0.022454818690298507,0.0,4.4,0.00502634284895992,0.12995111707601442
8,78,352,Woodman,LIV,BHA,GK,4.0,0.0006921777589781951,0.022454818690298507,0.0,4.4,0.00502634284895992,0.12995111707601442
8,73,152,Palestra,CHE,TOT,DEF,5.3,0.018720039029977806,0.02795459469792426,0.01304878048780488,2.2,0.009346781237987238,0.11730422648758562
8,73,495,Austin,TOT,CHE,GK,4.0,0.0005706792482320233,0.0022341975468641293,0.0,4.4,0.010344204733584775,0.11492685930645871
8,79,615,Di Gregorio,BOU,MUN,GK,4.5,0.000577295336221066,-0.009257387286064681,0.0,5.0,0.0047490203236993135,0.11168003948496681
8,71,227,Travers,EVE,ARS,GK,5.0,0.00028873200447897273,0.0024896127330098065,0.0,4.4,0.0054845733371689945,0.11004069585243555
8,71,228,King,EVE,ARS,GK,4.5,0.00028873200447897273,0.0024896127330098065,0.0,4.4,0.0054845733371689945,0.11004069585243555
8,78,111,Steele,BHA,LIV,GK,4.0,0.0005036344030412005,0.0007650103885477169,0.0,4.4,0.00502634284895992,0.10807276541832662
8,79,58,Forster,BOU,MUN,GK,4.0,0.0005080198958745381,-0.008237716032662651,0.0,4.4,0.004632215041875724,0.09868029668286538
8,75,444,Jaouen,NEW,CRY,GK,4.4,0.00029080211981101717,0.011036067250061865,0.0,2.2,0.012928097352796576,0.07564385561155834
8,77,489,Yates,NFO,IPS,MID,4.5,0.017474255325734073,0.006003518422927261,0.005161290322580645,1.7,0.010055682861635249,0.07222298613553503
8,74,252,McNally,FUL,COV,GK,4.0,0.0,0.0,0.0,0.0,0.012065994910726742,0.012065994910726742
8,74,266,Cairney,FUL,COV,MID,4.9,0.0,0.0,0.0,0.0,0.012065994910726742,0.012065994910726742
8,74,610,De Fougerolles,FUL,COV,DEF,4.0,0.0,0.0,0.0,0.0,0.012065994910726742,0.012065994910726742
8,74,171,Dovin,COV,FUL,GK,4.0,0.0,0.0,0.0,0.0,0.01206599491072674,0.01206599491072674
8,74,174,Kitching,COV,FUL,DEF,4.0,0.0,0.0,0.0,0.0,0.01206599491072674,0.01206599491072674
8,74,177,Kesler-Hayden,COV,FUL,DEF,3.9,0.0,0.0,0.0,0.0,0.01206599491072674,0.01206599491072674
8,74,180,Woolfenden,COV,FUL,DEF,4.0,0.0,0.0,0.0,0.0,0.01206599491072674,0.01206599491072674
8,74,181,Brau,COV,FUL,DEF,4.0,0.0,0.0,0.0,0.0,0.01206599491072674,0.01206599491072674
8,74,182,Amenda,COV,FUL,DEF,4.0,0.0,0.0,0.0,0.0,0.01206599491072674,0.01206599491072674
8,74,187,Eccles,COV,FUL,MID,4.8,0.0,0.0,0.0,0.0,0.01206599491072674,0.01206599491072674
8,74,191,Borges Rodrigues,COV,FUL,MID,4.5,0.0,0.0,0.0,0.0,0.01206599491072674,0.01206599491072674
8,74,192,Andrews,COV,FUL,MID,4.5,0.0,0.0,0.0,0.0,0.01206599491072674,0.01206599491072674
8,74,193,Wright,COV,FUL,FWD,5.4,0.0,0.0,0.0,0.0,0.01206599491072674,0.01206599491072674
8,74,196,Markelo,COV,FUL,FWD,5.0,0.0,0.0,0.0,0.0,0.01206599491072674,0.01206599491072674
8,74,197,Bassette,COV,FUL,FWD,4.5,0.0,0.0,0.0,0.0,0.01206599491072674,0.01206599491072674
8,74,492,Awoniyi,COV,FUL,FWD,5.4,0.0,0.0,0.0,0.0,0.01206599491072674,0.01206599491072674
8,75,205,Sosa,CRY,NEW,DEF,4.5,0.0,0.0,0.0,0.0,0.011800719983134119,0.011800719983134119
8,75,198,Henderson,CRY,NEW,GK,5.0,0.0,0.0,0.0,0.0,0.011800719983134119,0.011800719983134119
8,75,225,Uche,CRY,NEW,FWD,5.0,0.0,0.0,0.0,0.0,0.011800719983134119,0.011800719983134119
8,75,153,Disasi,CRY,NEW,DEF,4.5,0.0,0.0,0.0,0.0,0.011800719983134119,0.011800719983134119
8,75,215,Devenny,CRY,NEW,MID,5.0,0.0,0.0,0.0,0.0,0.011800719983134119,0.011800719983134119
8,75,206,Chadi Riad,CRY,NEW,DEF,4.3,0.0,0.0,0.0,0.0,0.011800719983134119,0.011800719983134119
8,75,216,Esse,CRY,NEW,MID,5.0,0.0,0.0,0.0,0.0,0.011800719983134119,0.011800719983134119
8,75,223,Mateta,CRY,NEW,FWD,6.3,0.0,0.0,0.0,0.0,0.011800719983134119,0.011800719983134119
8,75,217,M.França,CRY,NEW,MID,4.9,0.0,0.0,0.0,0.0,0.011800719983134119,0.011800719983134119
8,75,219,J.Rak-Sakyi,CRY,NEW,MID,4.9,0.0,0.0,0.0,0.0,0.011800719983134119,0.011800719983134119
8,75,220,Cardines,CRY,NEW,DEF,4.5,0.0,0.0,0.0,0.0,0.011800719983134119,0.011800719983134119
8,75,448,Burn,NEW,CRY,DEF,4.8,0.0,0.0,0.0,0.0,0.011800719983134119,0.011800719983134119
8,75,451,A.Murphy,NEW,CRY,DEF,4.0,0.0,0.0,0.0,0.0,0.011800719983134119,0.011800719983134119
8,75,463,Woltemade,NEW,CRY,FWD,5.9,0.0,0.0,0.0,0.0,0.011800719983134119,0.011800719983134119
8,75,465,Osula,NEW,CRY,FWD,5.8,0.0,0.0,0.0,0.0,0.011800719983134119,0.011800719983134119
8,75,466,Neave,NEW,CRY,FWD,4.5,0.0,0.0,0.0,0.0,0.011800719983134119,0.011800719983134119
8,75,454,Elanga,NEW,CRY,MID,6.1,0.0,0.0,0.0,0.0,0.011800719983134119,0.011800719983134119
8,75,456,J.Ramsey,NEW,CRY,MID,4.9,0.0,0.0,0.0,0.0,0.011800719983134119,0.011800719983134119
8,75,458,Joelinton,NEW,CRY,MID,5.4,0.0,0.0,0.0,0.0,0.011800719983134119,0.011800719983134119
8,75,593,Dedić,NEW,CRY,DEF,4.5,0.0,0.0,0.0,0.0,0.011800719983134119,0.011800719983134119
8,75,609,Shahar,NEW,CRY,DEF,4.0,0.0,0.0,0.0,0.0,0.011800719983134119,0.011800719983134119
8,77,311,Burns,IPS,NFO,MID,5.0,0.0,0.0,0.0,0.0,0.00921990310000292,0.00921990310000292
8,77,312,Taylor,IPS,NFO,MID,4.4,0.0,0.0,0.0,0.0,0.00921990310000292,0.00921990310000292
8,77,314,Ogbene,IPS,NFO,MID,4.9,0.0,0.0,0.0,0.0,0.00921990310000292,0.00921990310000292
8,77,315,Fatawu,IPS,NFO,MID,5.4,0.0,0.0,0.0,0.0,0.00921990310000292,0.00921990310000292
8,77,317,Hirst,IPS,NFO,FWD,5.0,0.0,0.0,0.0,0.0,0.00921990310000292,0.00921990310000292
8,77,319,Szmodics,IPS,NFO,MID,5.0,0.0,0.0,0.0,0.0,0.00921990310000292,0.00921990310000292
8,77,322,Al-Hamadi,IPS,NFO,FWD,5.0,0.0,0.0,0.0,0.0,0.00921990310000292,0.00921990310000292
8,77,554,Van Oevelen,IPS,NFO,GK,4.5,0.0,0.0,0.0,0.0,0.00921990310000292,0.00921990310000292
8,77,602,Humphreys,IPS,NFO,MID,4.5,0.0,0.0,0.0,0.0,0.00921990310000292,0.00921990310000292
8,77,307,Johnson,IPS,NFO,DEF,4.0,0.0,0.0,0.0,0.0,0.00921990310000292,0.00921990310000292
8,77,470,Morato,NFO,IPS,DEF,5.0,0.0,0.0,0.0,0.0,0.00921990310000292,0.00921990310000292
8,77,471,Milenković,NFO,IPS,DEF,5.4,0.0,0.0,0.0,0.0,0.00921990310000292,0.00921990310000292
8,77,479,Bindon,NFO,IPS,DEF,4.0,0.0,0.0,0.0,0.0,0.00921990310000292,0.00921990310000292
8,77,477,Abbott,NFO,IPS,DEF,4.0,0.0,0.0,0.0,0.0,0.00921990310000292,0.00921990310000292
8,77,475,Savona,NFO,IPS,DEF,4.5,0.0,0.0,0.0,0.0,0.00921990310000292,0.00921990310000292
8,77,485,Bakwa,NFO,IPS,MID,5.5,0.0,0.0,0.0,0.0,0.00921990310000292,0.00921990310000292
8,77,484,Hutchinson,NFO,IPS,MID,5.4,0.0,0.0,0.0,0.0,0.00921990310000292,0.00921990310000292
8,73,140,Sánchez,CHE,TOT,GK,4.9,0.0,0.0,0.0,0.0,0.008618345533679017,0.008618345533679017
8,73,163,D.Essugo,CHE,TOT,MID,4.5,0.0,0.0,0.0,0.0,0.008618345533679017,0.008618345533679017
8,73,168,Marc Guiu,CHE,TOT,FWD,5.0,0.0,0.0,0.0,0.0,0.008618345533679017,0.008618345533679017
8,73,170,Emegha,CHE,TOT,FWD,5.0,0.0,0.0,0.0,0.0,0.008618345533679017,0.008618345533679017
8,73,143,Chalobah,CHE,TOT,DEF,5.5,0.0,0.0,0.0,0.0,0.008618345533679017,0.008618345533679017
8,73,146,B.Badiashile,CHE,TOT,DEF,4.5,0.0,0.0,0.0,0.0,0.008618345533679017,0.008618345533679017
8,73,150,M.Sarr,CHE,TOT,DEF,4.5,0.0,0.0,0.0,0.0,0.008618345533679017,0.008618345533679017
8,73,141,Jörgensen,CHE,TOT,GK,5.0,0.0,0.0,0.0,0.0,0.008618345533679017,0.008618345533679017
8,73,518,P.M.Sarr,TOT,CHE,MID,4.9,0.0,0.0,0.0,0.0,0.008618345533679017,0.008618345533679017
8,73,521,Kulusevski,TOT,CHE,MID,6.5,0.0,0.0,0.0,0.0,0.008618345533679017,0.008618345533679017
8,73,517,Odobert,TOT,CHE,MID,5.5,0.0,0.0,0.0,0.0,0.008618345533679017,0.008618345533679017
8,73,528,Scarlett,TOT,CHE,FWD,4.5,0.0,0.0,0.0,0.0,0.008618345533679017,0.008618345533679017
8,73,578,Mudryk,TOT,CHE,MID,5.3,0.0,0.0,0.0,0.0,0.008618345533679017,0.008618345533679017
8,73,523,Moore,TOT,CHE,MID,5.0,0.0,0.0,0.0,0.0,0.008618345533679017,0.008618345533679017
8,73,527,Richarlison,TOT,CHE,FWD,5.9,0.0,0.0,0.0,0.0,0.008618345533679017,0.008618345533679017
8,73,511,Souza,TOT,CHE,DEF,4.0,0.0,0.0,0.0,0.0,0.008618345533679017,0.008618345533679017
8,73,513,Xavi,TOT,CHE,MID,5.9,0.0,0.0,0.0,0.0,0.008618345533679017,0.008618345533679017
8,73,494,Vicario,TOT,CHE,GK,4.5,0.0,0.0,0.0,0.0,0.008618345533679017,0.008618345533679017
8,73,500,Romero,TOT,CHE,DEF,5.0,0.0,0.0,0.0,0.0,0.008618345533679017,0.008618345533679017
8,73,505,Spence,TOT,CHE,DEF,4.5,0.0,0.0,0.0,0.0,0.008618345533679017,0.008618345533679017
8,73,507,Phillips,TOT,CHE,DEF,4.5,0.0,0.0,0.0,0.0,0.008618345533679017,0.008618345533679017
8,76,298,Destan,HUL,BRE,FWD,4.5,0.0,0.0,0.0,0.0,0.007911763498692527,0.007911763498692527
8,76,297,Gyabi,HUL,BRE,MID,4.4,0.0,0.0,0.0,0.0,0.007911763498692527,0.007911763498692527
8,76,296,Akintola,HUL,BRE,MID,5.0,0.0,0.0,0.0,0.0,0.007911763498692527,0.007911763498692527
8,76,293,Kamara,HUL,BRE,MID,5.0,0.0,0.0,0.0,0.0,0.007911763498692527,0.007911763498692527
8,76,291,Matazo,HUL,BRE,MID,4.5,0.0,0.0,0.0,0.0,0.007911763498692527,0.007911763498692527
8,76,287,Millar,HUL,BRE,MID,5.0,0.0,0.0,0.0,0.0,0.007911763498692527,0.007911763498692527
8,76,299,Burstow,HUL,BRE,FWD,4.5,0.0,0.0,0.0,0.0,0.007911763498692527,0.007911763498692527
8,76,563,Morita,HUL,BRE,MID,5.0,0.0,0.0,0.0,0.0,0.007911763498692527,0.007911763498692527
8,76,632,Ansah,HUL,BRE,FWD,5.0,0.0,0.0,0.0,0.0,0.007911763498692527,0.007911763498692527
8,76,274,Butland,HUL,BRE,GK,4.4,0.0,0.0,0.0,0.0,0.007911763498692527,0.007911763498692527
8,76,275,Cartwright,HUL,BRE,GK,4.0,0.0,0.0,0.0,0.0,0.007911763498692527,0.007911763498692527
8,76,276,Lo-Tutala,HUL,BRE,GK,4.0,0.0,0.0,0.0,0.0,0.007911763498692527,0.007911763498692527
8,76,278,Hughes,HUL,BRE,DEF,3.9,0.0,0.0,0.0,0.0,0.007911763498692527,0.007911763498692527
8,76,281,Drameh,HUL,BRE,DEF,4.0,0.0,0.0,0.0,0.0,0.007911763498692527,0.007911763498692527
8,76,283,Jacob,HUL,BRE,DEF,4.0,0.0,0.0,0.0,0.0,0.007911763498692527,0.007911763498692527
8,76,103,Dasilva,BRE,HUL,MID,4.9,0.0,0.0,0.0,0.0,0.007911763498692527,0.007911763498692527
8,76,107,Furo,BRE,HUL,FWD,4.5,0.0,0.0,0.0,0.0,0.007911763498692527,0.007911763498692527
8,76,99,Milambo,BRE,HUL,MID,5.0,0.0,0.0,0.0,0.0,0.007911763498692527,0.007911763498692527
8,76,84,Collins,BRE,HUL,DEF,5.4,0.0,0.0,0.0,0.0,0.007911763498692527,0.007911763498692527
8,76,85,Van den Berg,BRE,HUL,DEF,4.9,0.0,0.0,0.0,0.0,0.007911763498692527,0.007911763498692527
8,76,97,Jensen,BRE,HUL,MID,5.4,0.0,0.0,0.0,0.0,0.007911763498692527,0.007911763498692527
8,80,543,Diarra,SUN,LEE,MID,5.4,0.0,0.0,0.0,0.0,0.007534573676177298,0.007534573676177298
8,80,530,Patterson,SUN,LEE,GK,4.0,0.0,0.0,0.0,0.0,0.007534573676177298,0.007534573676177298
8,80,537,Seelt,SUN,LEE,DEF,4.5,0.0,0.0,0.0,0.0,0.007534573676177298,0.007534573676177298
8,80,538,Hjelde,SUN,LEE,DEF,4.0,0.0,0.0,0.0,0.0,0.007534573676177298,0.007534573676177298
8,80,540,Masuaku,SUN,LEE,DEF,4.0,0.0,0.0,0.0,0.0,0.007534573676177298,0.007534573676177298
8,80,546,Adingra,SUN,LEE,MID,4.9,0.0,0.0,0.0,0.0,0.007534573676177298,0.007534573676177298
8,80,547,Mundle,SUN,LEE,MID,4.9,0.0,0.0,0.0,0.0,0.007534573676177298,0.007534573676177298
8,80,342,Harrison,LEE,SUN,MID,5.0,0.0,0.0,0.0,0.0,0.007534573676177298,0.007534573676177298
8,80,341,Gnonto,LEE,SUN,MID,5.0,0.0,0.0,0.0,0.0,0.007534573676177298,0.007534573676177298
8,80,333,Bornauw,LEE,SUN,DEF,4.5,0.0,0.0,0.0,0.0,0.007534573676177298,0.007534573676177298
8,80,329,Rodon,LEE,SUN,DEF,4.3,0.0,0.0,0.0,0.0,0.007534573676177298,0.007534573676177298
8,80,349,Mateo Joseph,LEE,SUN,FWD,4.5,0.0,0.0,0.0,0.0,0.007534573676177298,0.007534573676177298
8,80,348,Piroe,LEE,SUN,FWD,5.0,0.0,0.0,0.0,0.0,0.007534573676177298,0.007534573676177298
8,80,260,Wilson,LEE,SUN,MID,6.2,0.0,0.0,0.0,0.0,0.007534573676177298,0.007534573676177298
8,80,326,Perri,LEE,SUN,GK,4.5,0.0,0.0,0.0,0.0,0.007534573676177298,0.007534573676177298
8,71,6,Saliba,ARS,EVE,DEF,5.9,0.0,0.0,0.0,0.0,0.00456923924544913,0.00456923924544913
8,71,27,G.Jesus,ARS,EVE,FWD,5.9,0.0,0.0,0.0,0.0,0.00456923924544913,0.00456923924544913
8,71,24,Nelson,ARS,EVE,MID,5.5,0.0,0.0,0.0,0.0,0.00456923924544913,0.00456923924544913
8,71,23,Fábio Vieira,ARS,EVE,MID,5.5,0.0,0.0,0.0,0.0,0.00456923924544913,0.00456923924544913
8,71,22,Nwaneri,ARS,EVE,MID,5.4,0.0,0.0,0.0,0.0,0.00456923924544913,0.00456923924544913
8,71,18,Martinelli,ARS,EVE,MID,6.3,0.0,0.0,0.0,0.0,0.00456923924544913,0.00456923924544913
8,71,234,Patterson,EVE,ARS,DEF,4.5,0.0,0.0,0.0,0.0,0.00456923924544913,0.00456923924544913
8,71,246,Röhl,EVE,ARS,MID,4.9,0.0,0.0,0.0,0.0,0.00456923924544913,0.00456923924544913
8,71,235,Aznou,EVE,ARS,DEF,4.0,0.0,0.0,0.0,0.0,0.00456923924544913,0.00456923924544913
8,71,248,Beto,EVE,ARS,FWD,5.4,0.0,0.0,0.0,0.0,0.00456923924544913,0.00456923924544913
8,71,21,Nørgaard,EVE,ARS,MID,4.9,0.0,0.0,0.0,0.0,0.00456923924544913,0.00456923924544913
8,78,353,Pecsi,LIV,BHA,GK,4.0,0.0,0.0,0.0,0.0,0.004187425667964857,0.004187425667964857
8,78,354,Jaros,LIV,BHA,GK,4.0,0.0,0.0,0.0,0.0,0.004187425667964857,0.004187425667964857
8,78,360,Bradley,LIV,BHA,DEF,5.0,0.0,0.0,0.0,0.0,0.004187425667964857,0.004187425667964857
8,78,363,Leoni,LIV,BHA,DEF,4.0,0.0,0.0,0.0,0.0,0.004187425667964857,0.004187425667964857
8,78,365,Ramsay,LIV,BHA,DEF,4.0,0.0,0.0,0.0,0.0,0.004187425667964857,0.004187425667964857
8,78,370,Chiesa,LIV,BHA,MID,5.3,0.0,0.0,0.0,0.0,0.004187425667964857,0.004187425667964857
8,78,373,C.Jones,LIV,BHA,MID,5.5,0.0,0.0,0.0,0.0,0.004187425667964857,0.004187425667964857
8,78,376,Bajcetic,LIV,BHA,MID,5.0,0.0,0.0,0.0,0.0,0.004187425667964857,0.004187425667964857
8,78,380,Ekitiké,LIV,BHA,FWD,7.4,0.0,0.0,0.0,0.0,0.004187425667964857,0.004187425667964857
8,78,383,Elliott,LIV,BHA,MID,5.4,0.0,0.0,0.0,0.0,0.004187425667964857,0.004187425667964857
8,78,139,Ferguson,BHA,LIV,FWD,5.0,0.0,0.0,0.0,0.0,0.004187425667964857,0.004187425667964857
8,78,137,Tzimas,BHA,LIV,FWD,5.4,0.0,0.0,0.0,0.0,0.004187425667964857,0.004187425667964857
8,78,135,Yohanna,BHA,LIV,MID,4.9,0.0,0.0,0.0,0.0,0.004187425667964857,0.004187425667964857
8,78,133,Watson,BHA,LIV,MID,5.0,0.0,0.0,0.0,0.0,0.004187425667964857,0.004187425667964857
8,78,132,Howell,BHA,LIV,MID,4.5,0.0,0.0,0.0,0.0,0.004187425667964857,0.004187425667964857
8,78,624,Cozier-Duberry,BHA,LIV,MID,5.0,0.0,0.0,0.0,0.0,0.004187425667964857,0.004187425667964857
8,78,652,Azeez,BHA,LIV,MID,5.5,0.0,0.0,0.0,0.0,0.004187425667964857,0.004187425667964857
8,78,118,Igor,BHA,LIV,DEF,4.5,0.0,0.0,0.0,0.0,0.004187425667964857,0.004187425667964857
8,78,121,Mitoma,BHA,LIV,MID,5.9,0.0,0.0,0.0,0.0,0.004187425667964857,0.004187425667964857
8,78,122,Minteh,BHA,LIV,MID,5.8,0.0,0.0,0.0,0.0,0.004187425667964857,0.004187425667964857
8,78,123,Hinshelwood,BHA,LIV,MID,5.9,0.0,0.0,0.0,0.0,0.004187425667964857,0.004187425667964857
8,78,130,Wieffer,BHA,LIV,DEF,4.9,0.0,0.0,0.0,0.0,0.004187425667964857,0.004187425667964857
8,78,128,Buonanotte,BHA,LIV,MID,5.0,0.0,0.0,0.0,0.0,0.004187425667964857,0.004187425667964857
8,79,413,Bayindir,MUN,BOU,GK,4.5,0.0,0.0,0.0,0.0,0.0038589995450957087,0.0038589995450957087
8,79,414,Heaton,MUN,BOU,GK,4.0,0.0,0.0,0.0,0.0,0.0038589995450957087,0.0038589995450957087
8,79,416,De Ligt,MUN,BOU,DEF,5.0,0.0,0.0,0.0,0.0,0.0038589995450957087,0.0038589995450957087
8,79,425,Fredricson,MUN,BOU,DEF,4.0,0.0,0.0,0.0,0.0,0.0038589995450957087,0.0038589995450957087
8,79,431,Amad,MUN,BOU,MID,5.7,0.0,0.0,0.0,0.0,0.0038589995450957087,0.0038589995450957087
8,79,433,Ugarte,MUN,BOU,MID,5.0,0.0,0.0,0.0,0.0,0.0038589995450957087,0.0038589995450957087
8,79,436,Collyer,MUN,BOU,MID,5.0,0.0,0.0,0.0,0.0,0.0038589995450957087,0.0038589995450957087
8,79,441,Obi,MUN,BOU,FWD,4.5,0.0,0.0,0.0,0.0,0.0038589995450957087,0.0038589995450957087
8,79,59,Dennis,BOU,MUN,GK,4.0,0.0,0.0,0.0,0.0,0.0038589995450957087,0.0038589995450957087
8,79,63,Milosavljević,BOU,MUN,DEF,4.9,0.0,0.0,0.0,0.0,0.0038589995450957087,0.0038589995450957087
8,79,65,J.Araujo,BOU,MUN,DEF,4.4,0.0,0.0,0.0,0.0,0.0038589995450957087,0.0038589995450957087
8,79,70,Kluivert,BOU,MUN,MID,6.0,0.0,0.0,0.0,0.0,0.0038589995450957087,0.0038589995450957087
8,79,77,Adli,BOU,MUN,MID,4.9,0.0,0.0,0.0,0.0,0.0038589995450957087,0.0038589995450957087
8,79,78,Kroupi.Jr,BOU,MUN,MID,7.4,0.0,0.0,0.0,0.0,0.0038589995450957087,0.0038589995450957087
8,79,80,Enes Ünal,BOU,MUN,FWD,5.5,0.0,0.0,0.0,0.0,0.0038589995450957087,0.0038589995450957087
8,72,39,Nedeljkovic,AVL,MCI,DEF,4.0,0.0,0.0,0.0,0.0,0.0027380593177654773,0.0027380593177654773
8,72,44,Bailey,AVL,MCI,MID,5.4,0.0,0.0,0.0,0.0,0.0027380593177654773,0.0027380593177654773
8,72,48,Onana,AVL,MCI,MID,4.9,0.0,0.0,0.0,0.0,0.0027380593177654773,0.0027380593177654773
8,72,49,Iling Jr,AVL,MCI,MID,5.0,0.0,0.0,0.0,0.0,0.0027380593177654773,0.0027380593177654773
8,72,36,Maatsen,AVL,MCI,DEF,4.4,0.0,0.0,0.0,0.0,0.0027380593177654773,0.0027380593177654773
8,72,607,Lynch,AVL,MCI,MID,4.5,0.0,0.0,0.0,0.0,0.0027380593177654773,0.0027380593177654773
8,72,618,Goretzka,AVL,MCI,MID,5.9,0.0,0.0,0.0,0.0,0.0027380593177654773,0.0027380593177654773
8,72,55,Watkins,AVL,MCI,FWD,7.8,0.0,0.0,0.0,0.0,0.0027380593177654773,0.0027380593177654773
8,72,582,Madjo,AVL,MCI,FWD,5.4,0.0,0.0,0.0,0.0,0.0027380593177654773,0.0027380593177654773
8,72,34,Pau,AVL,MCI,DEF,4.5,0.0,0.0,0.0,0.0,0.0027380593177654773,0.0027380593177654773
8,72,30,Digne,AVL,MCI,DEF,4.5,0.0,0.0,0.0,0.0,0.0027380593177654773,0.0027380593177654773
8,72,29,M.Bizot,AVL,MCI,GK,4.5,0.0,0.0,0.0,0.0,0.0027380593177654773,0.0027380593177654773
8,72,394,Alleyne,MCI,AVL,DEF,5.0,0.0,0.0,0.0,0.0,0.0027380593177654773,0.0027380593177654773
8,72,398,Foden,MCI,AVL,MID,6.9,0.0,0.0,0.0,0.0,0.0027380593177654773,0.0027380593177654773
8,72,410,Monga,MCI,AVL,MID,4.9,0.0,0.0,0.0,0.0,0.0027380593177654773,0.0027380593177654773
8,72,409,Mukasa,MCI,AVL,MID,4.5,0.0,0.0,0.0,0.0,0.0027380593177654773,0.0027380593177654773
8,72,408,Phillips,MCI,AVL,MID,5.0,0.0,0.0,0.0,0.0,0.0027380593177654773,0.0027380593177654773
8,72,407,Echeverri,MCI,AVL,MID,4.9,0.0,0.0,0.0,0.0,0.0027380593177654773,0.0027380593177654773
8,72,404,Reijnders,MCI,AVL,MID,6.0,0.0,0.0,0.0,0.0,0.0027380593177654773,0.0027380593177654773
8,72,402,Rodrigo,MCI,AVL,MID,6.5,0.0,0.0,0.0,0.0,0.0027380593177654773,0.0027380593177654773
9,88,411,Haaland,MCI,BHA,FWD,15.6,5.03862546551742,0.0,0.007073684210526316,84.7,1.9975514579758618,8.859960394361444
9,84,426,B.Fernandes,MUN,CHE,MID,11.9,3.620016951137277,0.19094880842549017,0.08738709677419355,85.7,2.497824862356163,8.181920859728272
9,87,12,Saka,ARS,LIV,MID,9.5,2.656905550801802,0.3284683531529752,0.08099999999999999,73.8,0.8913626551470339,5.64714756679467
9,83,480,Gibbs-White,NFO,BRE,MID,8.0,2.3342017970656577,0.20019662291011714,0.08738709677419355,85.4,1.1568064897207198,5.625570459169231
9,84,40,Rogers,CHE,MUN,MID,7.7,2.697076984031192,0.16007592458045766,0.09,86.7,0.7464417054387897,5.420584927853271
9,88,397,Semenyo,MCI,BHA,MID,8.4,2.6716203756894186,0.25613069316131354,0.08864516129032259,86.6,0.5603002302412375,5.362366914927748
9,82,68,Tavernier,BOU,LEE,MID,6.1,2.1762498403608808,0.28853521768543167,0.0847741935483871,79.3,1.2365701095446702,5.331049083137147
9,84,427,Mbeumo,MUN,CHE,MID,7.9,2.871779738969249,0.1852393756154257,0.0847741935483871,82.0,0.3908751464587098,5.188318880722091
9,90,112,Van Hecke,TOT,CRY,DEF,4.9,1.2620120485662585,0.9785038523971608,0.41319329268292687,88.4,0.609222209710864,4.950447310088069
9,89,229,Tarkowski,EVE,NEW,DEF,6.1,0.5045870607940558,0.6583196763098418,0.8662902439024391,87.6,1.0913658252522602,4.894771651467442
9,89,236,Dewsbury-Hall,EVE,NEW,MID,6.6,2.0530649397533267,0.2443358747068422,0.08419354838709678,82.2,0.8082016585115435,4.798438528591655
9,87,4,Gabriel,ARS,LIV,DEF,8.0,0.8402159446515571,1.1427866087417997,0.6052865853658537,83.1,0.5906850809878088,4.7391648533558355
9,85,542,E.Le Fée,SUN,COV,MID,5.7,1.8215778061456875,0.2758871974530773,0.08603225806451613,82.8,0.7459415202652435,4.6854220730359595
9,83,106,Thiago,BRE,NFO,FWD,7.8,2.771588886141718,0.0,0.007231578947368421,85.9,0.21282567615774878,4.604949413678949
9,83,94,Schade,BRE,NFO,MID,6.2,1.8218649225760126,0.30492654323047896,0.08545161290322581,81.9,0.5980548035741517,4.5333200893429835
9,82,67,Rayan,BOU,LEE,MID,6.3,2.163632434019139,0.2865589490711479,0.08419354838709678,79.0,0.16802350197398622,4.457950083931419
9,82,69,Scott,BOU,LEE,MID,6.1,0.9093101213932575,0.2951227797330443,0.5347096774193548,82.5,0.9609593800593677,4.385107251811032
9,88,388,Guéhi,MCI,BHA,DEF,6.0,1.4815628163208547,0.6427222517447756,0.17674573170731708,86.3,0.2949828212768834,4.368351283387494
9,88,399,Cherki,MCI,BHA,MID,7.8,2.2923252036842303,0.19741077442345778,0.09109677419354838,54.3,0.36328350466301623,4.350974446912939
9,82,335,Stach,LEE,BOU,MID,6.0,1.2620073834492431,0.19284840473272769,0.7256854838709678,79.9,0.4531580982136317,4.346341473625432
9,82,566,Silva,BOU,LEE,DEF,5.0,0.938053138720995,0.8265115804782373,1.0032189024390243,78.3,0.05694108366120294,4.324433291238393
9,88,124,Groß,BHA,MCI,MID,5.8,1.4185982823930632,0.09890100611713583,0.08661290322580645,85.5,1.0159292654316152,4.236301514958241
9,85,544,Xhaka,SUN,COV,MID,5.5,0.7026280342846982,0.27402519162099803,0.5269516129032258,84.2,1.1788407099389477,4.206692287072167
9,89,449,Hall,NEW,EVE,DEF,5.3,0.680180077085245,0.5415319366594091,0.7859030487804878,78.4,0.4572714634287398,4.100197416336324
9,86,286,Belloumi,HUL,IPS,MID,5.1,1.1479036520370443,0.30724233733844813,0.33250691244239633,71.2,0.721598027517081,4.076470152562673
9,87,368,Szoboszlai,LIV,ARS,MID,7.0,1.113157776738669,0.22563172887931457,0.3152177419354839,85.5,0.7224186366646589,4.047566518689736
9,84,428,Cunha,MUN,CHE,MID,7.9,1.692132022205299,0.18249038944761686,0.08351612903225807,75.1,0.34824672806999896,4.0186750342696795
9,83,82,Kelleher,BRE,NFO,GK,5.0,0.0030068018764697387,1.6629275076684178,0.0,87.6,0.47473719473474235,4.0153226099307355
9,85,173,Thomas,COV,SUN,DEF,4.0,0.6951815622325703,0.6216896085159469,0.7934689024390245,76.7,0.22957310846593898,3.99834460314865
9,87,1,Raya,ARS,LIV,GK,6.1,0.0026204585888348823,1.652933007785072,0.0,87.6,0.44420417949922353,3.974408751524236
9,85,533,Mukiele,SUN,COV,DEF,5.4,0.9513806681987871,0.7031193151550248,0.6337121951219513,75.4,0.19098771077365279,3.958172111471639
9,81,41,Buendía,AVL,FUL,MID,5.9,1.5565643876779292,0.24153129285567096,0.281233870967742,66.1,0.31663240242595897,3.9391319918704535
9,87,356,Virgil,LIV,ARS,DEF,6.5,0.4965214556420195,0.48935578813653086,0.8719646341463415,88.2,0.31762497670324824,3.932108002953499
9,86,277,Egan,HUL,IPS,DEF,4.1,0.35760586778426706,0.9891722739789651,0.7934689024390245,76.7,0.18588097307494778,3.906053809294379
9,86,572,Tzolakis,HUL,IPS,GK,4.6,0.006368177288446169,1.564332716907523,0.0,78.3,0.6910544315157372,3.901800780257161
9,89,249,Barry,EVE,NEW,FWD,5.6,2.1333200302814337,0.0,0.006402631578947369,70.0,0.14582189735724568,3.8961128954633364
9,81,569,Gonzalo,FUL,AVL,FWD,6.0,1.97302933181129,0.0,0.0066236842105263155,75.2,0.273207679889221,3.8960957246005656
9,82,61,Truffert,BOU,LEE,DEF,5.4,0.6134158757275232,0.9082761349236409,0.4109646341463415,87.9,0.18003875840142944,3.8549403033550256
9,89,226,Pickford,EVE,NEW,GK,5.5,0.006618871849457047,1.293182138383989,0.0,88.2,0.6596778806405567,3.805210948290271
9,86,305,Davis,IPS,HUL,DEF,4.0,1.0587097712606248,0.7614301102697676,0.1642189024390244,78.3,0.1311274810643609,3.7733766691545303
9,88,481,Anderson,MCI,BHA,MID,6.3,0.9774288121289668,0.2600453544105039,0.555,83.4,0.2527646384292943,3.7622633045902294
9,89,445,Thiaw,NEW,EVE,DEF,5.0,0.4946121431575864,0.5793283895189105,0.8407554878048781,84.7,0.07515108029340452,3.761477880390034
9,90,503,Van de Ven,TOT,CRY,DEF,5.0,1.0278933987513992,0.8560589258836002,0.18141533101045298,76.7,0.2432490461112611,3.7601958606591217
9,81,261,Iwobi,FUL,AVL,MID,5.4,1.0711112966970031,0.2052150083873563,0.08351612903225807,75.4,0.6616106987561557,3.7492101158207802
9,82,346,Calvert-Lewin,LEE,BOU,FWD,6.0,2.0152404825489727,0.0,0.006907894736842106,78.7,0.1965618002834977,3.7286574478446473
9,87,8,Calafiori,ARS,LIV,DEF,5.8,0.7030254867369637,1.0744821217825198,0.16010853658536586,70.2,0.18432843331896834,3.6921127585497104
9,86,259,Diop,IPS,HUL,DEF,4.0,0.3725921697742088,0.7695980137172382,0.8019804878048781,80.8,0.09852301180550532,3.6831401676517634
9,86,279,Ajayi,HUL,IPS,DEF,4.2,0.7232873008945533,0.9891722739789651,0.1642189024390244,74.9,0.21082883232893296,3.6688337606925345
9,82,60,Hill,BOU,LEE,DEF,5.5,0.4736816020570691,0.8058241630884362,0.7736085365853659,77.8,0.10582835695838146,3.6664139750882567
9,81,45,McGinn,AVL,FUL,MID,5.4,1.4632901815208141,0.2552309716119729,0.08293548387096773,75.8,0.34720858810738936,3.6626461216803703
9,87,15,Ødegaard,ARS,LIV,MID,6.8,1.3058831072332486,0.3053146699558121,0.07529032258064516,61.7,0.3568555411096681,3.648343640879374
9,84,43,Tielemans,MUN,CHE,MID,5.8,0.7571202137228075,0.18714251988544717,0.5281451612903226,76.8,0.33011276282231966,3.627520657720897
9,85,532,Ballard,SUN,COV,DEF,4.9,0.5204453487820904,0.7331143674953896,0.7859030487804878,77.5,0.10291952503952548,3.620949605037943
9,89,453,Barnes,NEW,EVE,MID,6.1,1.4045414648168983,0.21470042769427336,0.07722580645161291,73.7,0.2898906505849908,3.6117535315057454
9,83,86,Lewis-Potter,BRE,NFO,MID,5.5,1.3367981028060751,0.28248008195077207,0.0904700460829493,70.4,0.22186223216923406,3.5981073780541184
9,90,204,Mitchell,CRY,TOT,DEF,4.5,0.7670821957035832,0.5850180207470816,0.17792012195121953,82.1,0.2745667086867273,3.5943191608958074
9,83,469,N.Williams,NFO,BRE,DEF,5.0,0.678811533755512,0.3375180305768312,0.40517012195121954,86.3,0.3269803077148453,3.535301297889646
9,86,591,Enciso,IPS,HUL,MID,5.5,1.1527085046701382,0.26427615612244326,0.08119354838709678,73.6,0.45877333859509856,3.5220254411394345
9,82,334,Muharemović,LEE,BOU,DEF,5.0,0.5011313794097864,0.3286216853859631,0.7934689024390245,78.3,0.22863249658397244,3.5097448679394976
9,90,455,Tonali,TOT,CRY,MID,5.3,0.5155911192174212,0.3128109907133225,0.3166048387096774,81.4,0.5506929780054786,3.506946099277224
9,85,552,Brobbey,SUN,COV,FWD,5.7,1.56122679006335,0.0,0.006544736842105263,70.0,0.4235177253612229,3.5009431393806296
9,86,282,Giles,HUL,IPS,DEF,4.0,0.47177432796332325,0.9891722739789651,0.1642189024390244,77.6,0.29361541414237563,3.4980213270806844
9,89,230,Branthwaite,EVE,NEW,DEF,5.5,0.7056288787718437,0.5174565141300066,0.6809268292682927,68.4,0.16234180163925438,3.496325866126372
9,83,472,Murillo,NFO,BRE,DEF,5.5,0.4076323393577395,0.31078392914500286,1.0008274390243903,78.7,0.17962848993833175,3.4454267339869187
9,83,98,Janelt,BRE,NFO,MID,5.0,0.8543991168051219,0.26659489396821034,0.6537096774193549,72.0,0.5113917632031226,3.44081892039543
9,88,391,Gvardiol,MCI,BHA,DEF,5.7,1.0502984871577257,0.5537518403736825,0.15227926829268293,70.9,0.19429731691935337,3.4254503513441437
9,85,183,Rudoni,COV,SUN,MID,4.9,1.2714107310886344,0.20819544719441077,0.28970506912442395,57.7,0.19295916559270318,3.4210985299766468
9,82,338,Ampadu,LEE,BOU,MID,5.4,0.3587796808390635,0.20319966099609466,0.7646370967741936,86.1,0.38102293816011557,3.4190666407526793
9,90,401,Marmoush,TOT,CRY,FWD,7.0,1.8133443491488317,0.0,0.0066315789473684215,61.0,0.24535223886959653,3.4186317730567857
9,90,202,Richards,CRY,TOT,DEF,5.0,0.1765772739588406,0.5637797427661644,0.8284609756097562,83.8,0.18987354086749728,3.4163242318703557
9,88,237,Ndiaye,MCI,BHA,MID,5.8,1.1018949329769012,0.2030031476365869,0.4951520737327189,67.0,0.09336436628700343,3.4152854206594503
9,90,644,Timber,CRY,TOT,MID,5.0,0.8398332351037121,0.21544861109720562,0.37220430107526886,71.5,0.42732200082842164,3.412257344485322
9,86,304,O'Shea,IPS,HUL,DEF,4.0,0.33211884290668137,0.7614301102697676,0.5837189024390245,78.3,0.07572650344844985,3.4108847631846757
9,86,316,Emersonn,IPS,HUL,FWD,5.5,1.2495531194884002,0.0,0.007569924812030076,61.4,0.49157724590732965,3.399010564868303
9,90,588,Khalaili,CRY,TOT,DEF,5.0,0.8199462912573945,0.470460036486377,0.5812341463414634,66.4,0.1238722551847391,3.3944719817930777
9,82,57,Petrović,BOU,LEE,GK,4.5,0.0,1.421144886740344,0.0,88.2,0.1068674585052723,3.3878113883078176
9,81,250,Leno,FUL,AVL,GK,4.5,0.0,1.0924809304569734,0.0,88.2,0.43185906719307915,3.384139040712254
9,84,156,Neto,CHE,MUN,MID,6.5,1.38788125053718,0.1339129777673076,0.08604608294930875,66.8,0.16852835388698315,3.373898925713572
9,86,295,McBurnie,HUL,IPS,FWD,5.5,1.7163075605789588,0.0,0.0066236842105263155,77.2,0.2377199036742254,3.3669358824427227
9,85,176,Dasilva,COV,SUN,DEF,4.0,0.7693231643675247,0.6216896085159469,0.1642189024390244,77.6,0.14607587976434383,3.3594097522617226
9,82,330,Bogle,LEE,BOU,DEF,4.6,0.999737401142199,0.34585571894613276,0.17283109756097562,71.9,0.2385482154929528,3.326980824211553
9,89,233,Mykolenko,EVE,NEW,DEF,4.6,0.13474881403787586,0.6389150570299665,0.6185054878048781,85.0,0.2784498774182504,3.3247485456058157
9,82,79,Evanilson,BOU,LEE,FWD,6.0,1.459591203461525,0.0,0.006971052631578947,78.6,0.12989903329232483,3.303799755069426
9,90,210,Wharton,CRY,TOT,MID,5.4,0.6753894533060686,0.2309716166172527,0.2992661290322581,78.9,0.4523044974170003,3.289668823151962
9,89,447,Botman,NEW,EVE,DEF,5.0,0.33946877066960873,0.5284986770526845,0.7669884146341465,76.2,0.10371817261757582,3.2893786713046063
9,86,290,Slater,HUL,IPS,MID,4.5,0.9732160743016591,0.30724233733844813,0.08119354838709678,76.7,0.3609113975767839,3.2848961677103334
9,82,332,Justin,LEE,BOU,DEF,4.5,0.5351285188183061,0.3203963511867911,0.5691085365853659,77.2,0.24738964268359742,3.271044515921518
9,86,280,Coyle,HUL,IPS,DEF,4.0,0.4002049879073468,0.9891722739789651,0.1876787456445993,65.3,0.10358603505450968,3.2701311920106257
9,83,486,McAtee,NFO,BRE,MID,5.5,0.8892408066803901,0.1860077149740734,0.2909435483870968,74.0,0.4154454405754782,3.2689272923710404
9,84,154,Palmer,CHE,MUN,MID,9.7,1.749331617776041,0.10723365700389799,0.06029032258064516,56.7,0.19837857372384687,3.2627117876295304
9,83,87,Ajer,BRE,NFO,DEF,4.5,0.2428462120052938,0.8601835185411197,0.5593682926829269,75.4,0.09927743458543659,3.253373071066407
9,90,502,Robertson,TOT,CRY,DEF,4.4,0.4734499318077696,0.7357251187926871,0.35505714285714285,62.2,0.19697372183200504,3.249205915289605
9,88,390,Rúben,MCI,BHA,DEF,5.5,0.755748749015392,0.5914752947950259,0.1626530487804878,78.9,0.07825666145169766,3.241774197750368
9,83,88,Kayode,BRE,NFO,DEF,4.6,0.5504094882011132,0.8152485586173299,0.19886341463414636,61.6,0.12712936565463173,3.209713707189896
9,85,541,Meunier,SUN,COV,DEF,4.5,0.5188887407881808,0.740172026869593,0.1642189024390244,71.5,0.10728014401954758,3.19094789600181
9,85,529,Roefs,SUN,COV,GK,4.9,0.0025294281983881894,1.1524314417922346,0.0,86.3,0.2161877474573705,3.173373725673101
9,81,268,King,FUL,AVL,MID,5.5,1.1235278083379443,0.18357588235809855,0.07470967741935484,65.1,0.3416161843290861,3.1350102248146485
9,86,586,Mendy,HUL,IPS,DEF,4.1,0.3836411703678779,0.7345105204873603,0.6935053658536586,45.6,0.08347006961485967,3.126703218142251
9,88,384,Donnarumma,MCI,BHA,GK,5.5,0.0,1.2430848299900548,0.0,87.4,0.11072905464211484,3.114179303527
9,89,239,Garner,EVE,NEW,MID,6.0,0.671671858043965,0.23338288721998374,0.3293364055299539,73.4,0.4632532559560284,3.097968229595894
9,87,367,Gakpo,LIV,ARS,MID,7.2,0.931385645777494,0.18095217860618296,0.28891244239631336,66.0,0.18219060450900082,3.096496973081935
9,85,184,Grimes,COV,SUN,MID,4.9,0.7690146008268086,0.23895482926964517,0.08119354838709678,77.4,0.3575774393690816,3.087311348360706
9,82,385,Trafford,LEE,BOU,GK,5.0,0.004955579084263972,0.982528320050712,0.0,78.3,0.37698228593490346,3.083602548706242
9,88,155,Enzo,MCI,BHA,MID,6.9,1.5008593599039568,0.1893018332644206,0.08735483870967742,61.4,0.0756606535682082,3.0811803988379936
9,81,166,N.Jackson,AVL,FUL,FWD,6.5,1.5441346475613915,0.0,0.007694736842105263,58.4,0.2008906105585439,3.0396880619863293
9,87,366,Wirtz,LIV,ARS,MID,7.3,0.8003749790877938,0.21098676517867698,0.08225806451612903,73.1,0.27724031577498476,3.029607860558171
9,82,336,Okafor,LEE,BOU,MID,5.8,1.1862185807241576,0.1597693901519681,0.07852534562211981,53.2,0.16652094552384766,3.0228898393314187
9,83,105,Anthony,BRE,NFO,MID,5.9,1.282286245527274,0.22204730158233066,0.09956129032258065,51.6,0.09742986823136664,3.0185518244653142
9,90,214,Kamada,CRY,TOT,MID,5.0,0.449338930019191,0.2189279054379058,0.28366129032258064,74.7,0.5095730671815638,3.007395057911891
9,83,565,M.Sangaré,BRE,NFO,MID,5.6,0.7531390185435274,0.21514069811165162,0.7033870967741936,52.9,0.14655415713583236,3.0027782320583793
9,89,459,L.Miley,NEW,EVE,MID,5.5,0.6115673111775317,0.2077051756641341,0.46070967741935487,67.0,0.2011308949916908,3.0015318626715146
9,89,567,Horníček,NEW,EVE,GK,5.0,0.006206095026800387,1.1743421063717645,0.0,78.3,0.1681212586636354,2.9887149146076553
9,87,26,Havertz,ARS,LIV,FWD,7.6,1.4679091187197686,0.0,0.00568421052631579,61.3,0.1395462745703987,2.9766768087500592
9,84,165,João Pedro,CHE,MUN,FWD,7.7,1.7944952804105612,0.0,0.004691729323308271,48.3,0.19621955271063157,2.9602252230916037
9,85,551,N.Angulo,SUN,COV,MID,5.0,0.7051882154885871,0.2603704821857501,0.10825806451612903,60.9,0.28268950937789855,2.9341159101988055
9,87,31,Konsa,ARS,LIV,DEF,4.6,0.15449772664856723,0.88533123481836,0.4005642276422765,65.1,0.05605395008931615,2.9334471391985195
9,85,110,Rushworth,COV,SUN,GK,4.5,0.012125226790178712,0.99218573695913,0.0,78.3,0.18583052507127612,2.909277852456948
9,86,619,Palacios,IPS,HUL,MID,5.0,0.4975816098080307,0.21419283213737955,0.5410752688172044,60.5,0.2821580402177201,2.9057530402704685
9,83,558,Schlager,NFO,BRE,MID,5.0,0.6181433103036851,0.16206393283199957,0.49856221198156686,68.5,0.24834418084642934,2.9044472935811503
9,88,127,Gomez,BHA,MCI,MID,5.0,0.8904997819743353,0.09326530632722083,0.2926774193548387,74.7,0.052006855250994875,2.893201778749195
9,87,379,Isak,LIV,ARS,FWD,9.1,1.1949687585988429,0.0,0.005731578947368421,61.9,0.23818156273143168,2.871929119585093
9,81,597,Suzuki,AVL,FUL,GK,5.0,0.009436561697775729,1.0789572673852401,0.0,67.9,0.2741111562804338,2.8591883186967832
9,84,412,Lammens,MUN,CHE,GK,4.9,0.0,0.9124246588166629,0.0,86.0,0.08024222323602767,2.8486668820526906
9,81,37,Lindelöf,AVL,FUL,DEF,4.5,0.4663011168832777,0.6117275250479514,0.14719024390243904,70.2,0.06589582838063629,2.8421147142143046
9,87,350,A.Becker,LIV,ARS,GK,5.5,0.0,0.9701463363335032,0.0,80.7,0.2070470127914864,2.8178670087986495
9,81,47,Kamara,AVL,FUL,MID,5.0,0.6397992343125928,0.23378799616732637,0.07596774193548388,72.3,0.3843153786069234,2.8120292436869874
9,87,557,Tzolis,ARS,LIV,MID,6.3,0.691905425095811,0.3292532237698282,0.09279262672811059,67.1,0.19169150789024958,2.8024271426264904
9,87,362,Jacquet,LIV,ARS,DEF,5.0,0.20001537714534906,0.44530315211122495,0.37396890243902436,73.9,0.19197639778149075,2.793351522213154
9,85,91,Pinnock,COV,SUN,DEF,4.5,0.3417529759871658,0.4460752614143028,0.7591073170731707,56.7,0.053976752183736536,2.7691726263861396
9,83,467,Sels,NFO,BRE,GK,5.0,0.0024951941880492394,0.7852501212115297,0.0,82.8,0.18577382826432626,2.733650649952892
9,81,46,Barkley,AVL,FUL,MID,5.0,1.1416167625768021,0.15992885852465513,0.059391705069124424,45.5,0.18195201093113028,2.733559886149374
9,81,258,Castagne,FUL,AVL,DEF,4.5,0.579645903003739,0.3769596457605925,0.15736829268292685,70.9,0.18733065516386477,2.722835086180596
9,81,257,Bassey,FUL,AVL,DEF,4.5,0.2713988494114422,0.4018089756428206,0.1677420731707317,82.0,0.26355841031130006,2.701356027431407
9,85,186,Mason-Clark,COV,SUN,MID,5.3,0.807983455028839,0.20819544719441077,0.14148387096774193,51.2,0.10267405430878475,2.692069908536505
9,81,580,Charles,FUL,AVL,MID,5.0,0.5740383134995639,0.14315114142432037,0.47901075268817206,56.0,0.21712150187767437,2.6870293456024275
9,83,483,Ndoye,NFO,BRE,MID,5.5,0.8733075054154202,0.16960179017302282,0.09870967741935484,53.2,0.05314762024269602,2.6818589220110347
9,90,496,Kinsky,TOT,CRY,GK,4.5,0.0,1.1161499579677039,0.0,68.8,0.13069590689847307,2.6722787652990774
9,84,200,Lacroix,CHE,MUN,DEF,5.9,0.35552705670541473,0.03767101392277489,0.7933337979094077,70.7,0.04484254433007482,2.6634081975236583
9,87,13,Rice,ARS,LIV,MID,7.4,0.6807351535698798,0.26567870380473624,0.2347661290322581,60.3,0.1774322731762698,2.657995089031139
9,90,516,Bentancur,TOT,CRY,MID,5.5,0.27271353906518536,0.2511396015255919,0.499926267281106,63.3,0.22656146511650233,2.652479989191332
9,84,418,Maguire,MUN,CHE,DEF,4.8,0.5518062736699166,0.24562742854323644,0.35569390243902443,75.0,0.0770536399644856,2.650240821587095
9,90,403,Sávio,TOT,CRY,MID,6.5,1.0490382994377847,0.20488605963479392,0.07716129032258064,50.4,0.14304989732773143,2.6227198608176083
9,81,254,Robinson,FUL,AVL,DEF,4.5,0.378357172977646,0.3680513954254542,0.15364939024390245,70.9,0.23645881723977394,2.622662586534683
9,88,387,O'Reilly,MCI,BHA,DEF,6.3,1.1445959990574057,0.28257002651459123,0.12432878048780488,39.3,0.013164011829711504,2.6185499137766066
9,83,96,Damsgaard,BRE,NFO,MID,5.4,0.8156874656368474,0.20201815151736147,0.07548387096774192,51.6,0.16283231327416361,2.602021801396115
9,88,115,De Cuyper,BHA,MCI,DEF,4.9,1.166499609222559,-0.32372645838217584,0.15364939024390245,67.1,0.1594113862396229,2.5818792184813493
9,86,267,Lukić,IPS,HUL,MID,4.9,0.49978237220809885,0.2778207028605423,0.08535483870967742,74.9,0.26172292423021853,2.5604758201755518
9,88,138,Kostoulas,BHA,MCI,FWD,5.6,1.0698606247470694,0.0,0.006595488721804511,64.2,0.09273728197637202,2.554332740653878
9,90,211,Yeremy,CRY,TOT,MID,5.5,0.6409194153022535,0.20367253794406642,0.09819354838709678,56.8,0.15140143477959725,2.5532858082608993
9,84,417,Dalot,MUN,CHE,DEF,4.9,0.6256405257424718,0.23762452986889537,0.1726912891986063,69.8,0.05673411837422543,2.5493805617923337
9,85,545,Sadiki,SUN,COV,MID,4.9,0.3250032371310022,0.2758871974530773,0.08603225806451613,79.0,0.24249890879455127,2.540468698604938
9,84,28,Martinez,CHE,MUN,GK,5.0,0.06340416717622915,0.711039624398384,0.0,76.4,0.131430280902726,2.5295354481387147
9,83,201,Muñoz,NFO,BRE,DEF,5.4,0.8046266214801745,0.2279824760992017,0.19228682926829269,52.3,0.06772596642723315,2.5232686937767848
9,88,389,Matheus N.,MCI,BHA,DEF,5.9,0.5589590432746718,0.39360509990571524,0.39438341463414633,53.1,0.035477015560043346,2.5138749731038668
9,81,264,Bobb,FUL,AVL,MID,5.5,0.6421739402136682,0.17739327492116777,0.07219354838709677,54.9,0.11381236914519369,2.511976842438537
9,89,464,Wissa,NEW,EVE,FWD,6.2,1.3333050906964923,0.0,0.005526315789473684,61.8,0.05138238073446529,2.5108213620907427
9,81,650,Affengruber,FUL,AVL,DEF,4.5,0.2812522799467611,0.28131316847805404,0.6679024390243903,55.0,0.11150529752688787,2.5093612668615575
9,82,64,Smith,BOU,LEE,DEF,4.5,0.29839607372309385,0.7536130620570338,0.14973475609756098,67.4,0.041539519547225345,2.5092099487389756
9,81,611,Wan-Bissaka,AVL,FUL,DEF,4.5,0.24002118420363988,0.4474070994366666,0.49030487804878053,48.3,0.043460192059096375,2.454711139430709
9,85,104,Onyeka,COV,SUN,MID,4.9,0.619729914475637,0.2022144562353374,0.07852534562211981,60.2,0.15324567413103762,2.4377574894526894
9,89,242,George,EVE,NEW,MID,5.5,0.7326335505055799,0.17496695395673872,0.06890322580645161,52.7,0.14281258099275482,2.4260271436001224
9,82,73,Adams,BOU,LEE,MID,5.0,0.4443038079238262,0.20125002055456478,0.48617204301075273,53.9,0.08680051924743622,2.4238097755259003
9,89,649,Maitland-Niles,EVE,NEW,DEF,4.5,0.40743796294351176,0.43121376177500553,0.18790243902439024,54.2,0.1283979990116199,2.423076177145256
9,83,93,Schuster,BRE,NFO,DEF,4.5,0.3347531424115159,0.480376119185277,0.5661780487804878,42.9,0.04872198342166209,2.408022164904714
9,88,504,Vuskovic,BHA,MCI,DEF,5.0,0.4211889614454999,-0.34599553959572676,0.5837189024390245,76.7,0.06254151026930084,2.3798852560532677
9,89,634,Fernandez-Pardo,NEW,EVE,FWD,6.0,1.0424662345600282,0.0,0.009473684210526316,48.8,0.0641292385921234,2.3752162461597885
9,90,525,Fernandes,TOT,CRY,MID,5.7,0.7246272942910161,0.1980336830583794,0.08949677419354839,46.7,0.13350602571080697,2.338498165024171
9,81,265,Berge,FUL,AVL,MID,4.9,0.26572583378391956,0.18238691938945803,0.0848294930875576,67.2,0.23295537750980458,2.3136171526312848
9,81,51,George Hemmings,AVL,FUL,MID,4.5,0.6246819491907517,0.18554130141687175,0.08038709677419355,50.6,0.11331222866116183,2.312492813807443
9,86,306,Greaves,IPS,HUL,DEF,4.0,0.20738197125960073,0.5654004275304712,0.3173609756097561,57.5,0.04247308068962687,2.294259134527141
9,86,564,Scherpen,IPS,HUL,GK,4.5,0.0056319840239518176,0.9341944352052801,0.0,57.9,0.07838841936263806,2.2935648385918697
9,89,209,Johnson,EVE,NEW,MID,5.9,0.7858747272797596,0.17749456645370607,0.08154838709677419,49.8,0.03154876856794941,2.2931735255719143
9,83,95,O.Dango,BRE,NFO,MID,6.3,0.8875167747490935,0.13536942802530888,0.07587096774193548,36.0,0.04098063870530001,2.2792099533084453
9,84,432,Mainoo,MUN,CHE,MID,5.5,0.3913910999225835,0.10890214434011898,0.6455299539170507,47.0,0.06972875505521443,2.271203179193871
9,82,598,Elvedi,LEE,BOU,DEF,4.5,0.3735799647791258,0.2357929137095945,0.35777398373983743,56.7,0.059970041094988366,2.267594943527035
9,88,129,Ayari,BHA,MCI,MID,5.4,0.7166802125563527,0.07691072654472238,0.07697695852534561,62.3,0.05200684511486423,2.2661511988992733
9,88,109,Verbruggen,BHA,MCI,GK,4.5,0.04615982125114289,0.1618867095944907,0.0,88.2,0.17941935079545548,2.24726492470329
9,84,415,Dorgu,MUN,CHE,MID,5.8,0.898292474835878,0.07422262653083837,0.24343548387096775,35.3,0.026450492744480615,2.2196619781228115
9,84,161,Lavia,CHE,MUN,MID,5.0,0.7906286516567014,0.10723365700389799,0.08038709677419355,46.6,0.05814681797127091,2.195934041959679
9,81,32,Cash,AVL,FUL,DEF,4.4,0.49740095953041746,0.4547283065183576,0.14588536585365855,52.6,0.05202696137408144,2.1878167763511542
9,84,423,Shaw,MUN,CHE,DEF,4.3,0.30127210665504345,0.23639331468822755,0.1717965156794425,68.7,0.053667946818036626,2.1511126699986916
9,88,605,Yalcouyé,BHA,MCI,MID,4.5,0.7937165832756374,0.05679901356894728,0.06632258064516129,46.1,0.046171102637578856,2.1417817227567073
9,85,536,Reinildo,SUN,COV,DEF,4.4,0.1676078951028399,0.5654949573580563,0.14338745644599304,59.8,0.0701491646649727,2.1408876933073655
9,87,579,Araujo,LIV,ARS,DEF,5.4,0.1615162166513256,0.3195142998461948,0.35777398373983743,55.1,0.06978213536624797,2.129905787954889
9,85,194,Thomas-Asante,COV,SUN,FWD,5.0,0.8279373615036826,0.0,0.15473684210526317,38.5,0.07277657848123445,2.125918560381321
9,84,145,Fofana,CHE,MUN,DEF,5.0,0.18437665446108975,0.036593232870488435,0.5669219512195122,59.5,0.03798007514232372,2.117282834788475
9,87,372,Mac Allister,LIV,ARS,MID,5.4,0.3384465286330018,0.15662664567970022,0.29175268817204303,57.5,0.0704664902959913,2.1155225508314066
9,84,419,Martinez,MUN,CHE,DEF,5.0,0.13650191213029234,0.20530513137636436,0.33977491289198614,63.1,0.0451316354627554,2.102713591861398
9,86,576,Stroud,HUL,IPS,MID,5.0,0.5403600346947746,0.22814299900101692,0.09646451612903226,45.6,0.06888885569298206,2.094686128908195
9,87,358,Kerkez,LIV,ARS,DEF,5.4,0.20336322215118963,0.3694052370314809,0.15569059233449478,62.6,0.05881314123115958,2.0829810548756673
9,89,244,Armstrong,EVE,NEW,MID,5.0,0.20316925384322948,0.20024307892641205,0.24725,64.2,0.07651090112445162,2.067950110161842
9,90,203,Canvot,CRY,TOT,DEF,4.8,0.051020421155895765,0.3983786081875066,0.31532334494773523,58.6,0.08580889844924262,2.048282587541282
9,90,514,Tel,TOT,CRY,MID,5.7,0.8072285793606526,0.1445851457623462,0.0544516129032258,36.9,0.06217243626164708,2.047696204044135
9,90,224,Nketiah,CRY,TOT,FWD,5.5,0.9527686053552304,0.0,0.006947368421052632,33.6,0.06409939325907762,2.024889994513215
9,84,429,Rashford,MUN,CHE,MID,7.0,0.6954110522251282,0.11588033999686448,0.06060829493087558,46.1,0.04153056379727008,2.008008719502777
9,90,499,Pedro Porro,TOT,CRY,DEF,5.4,0.40560010852816386,0.5045575420127755,0.14969560975609755,37.6,0.05831754152728114,2.005666701853136
9,87,627,Barcola,LIV,ARS,MID,8.0,0.4301304406161177,0.148931834243772,0.09290322580645162,50.7,0.058679019035115715,1.9864022057945834
9,83,491,Igor Jesus,NFO,BRE,FWD,5.8,0.7816220735479324,0.0,0.004938947368421052,41.4,0.051562128543774385,1.9767124269568022
9,87,5,J.Timber,ARS,LIV,DEF,6.5,0.40313748281683237,0.4899533391502199,0.1946878048780488,32.8,0.02041223176810422,1.961107853739506
9,82,345,Tanaka,LEE,BOU,MID,4.9,0.5136099310747385,0.12714043019135488,0.0729032258064516,44.5,0.06726413145628504,1.932816314863034
9,85,575,Yirenkyi,COV,SUN,MID,4.8,0.5164021296328958,0.14354378301776063,0.06503225806451612,44.8,0.08999897493453625,1.9324099776924453
9,85,501,Danso,SUN,COV,DEF,5.0,0.064964978003794,0.5522618460314248,0.16337073170731709,58.5,0.05019412824661147,1.913255082243009
9,82,337,Aaronson,LEE,BOU,MID,5.3,0.496194465215097,0.09091103326957059,0.07819354838709677,37.1,0.03558086110457636,1.8994446961398905
9,90,222,Strand Larsen,CRY,TOT,FWD,6.0,0.4813803044633172,0.0,0.0065578947368421054,52.4,0.07192564406250217,1.8981656950050294
9,82,331,Gudmundsson,LEE,BOU,DEF,4.5,0.04814939642980229,0.2647774246971526,0.17641951219512197,60.5,0.06500577759191033,1.8867810073872524
9,89,460,Willock,NEW,EVE,MID,5.0,0.513904244358778,0.1329097885726454,0.06374193548387097,40.8,0.05847926452260087,1.8805109610932351
9,86,562,Maeda,IPS,HUL,MID,5.3,0.4985397270189308,0.13859536197124558,0.05677419354838709,40.4,0.0652166720899191,1.8780555028275114
9,86,642,Thomas,HUL,IPS,MID,5.5,0.5648725761163953,0.13073362864103216,0.06909677419354839,35.3,0.05664680528699845,1.8728306932093057
9,85,534,Hume,SUN,COV,DEF,4.3,0.24768309739897376,0.37934919136343875,0.13466341463414633,43.6,0.054311556610560405,1.8633255662596389
9,87,371,Gravenberch,LIV,ARS,MID,5.8,0.3424793091833803,0.11790436877631949,0.09193548387096774,44.5,0.06552217658673201,1.8558132404247916
9,89,457,J.Murphy,NEW,EVE,MID,5.9,0.5852975892035428,0.12591453654250617,0.09058064516129033,39.9,0.04002227873198348,1.852580818781738
9,81,570,Palacios,FUL,AVL,MID,5.4,0.6428841485403978,0.10462874124036706,0.05677419354838709,37.4,0.08651997601704275,1.8399077468902159
9,89,238,Grealish,EVE,NEW,MID,6.5,0.67800509840261,0.08650051656288206,0.05961290322580645,34.5,0.049761569634158856,1.8369888770080018
9,83,102,Yarmoliuk,BRE,NFO,MID,4.8,0.2910498186702657,0.1864782937083337,0.10451612903225807,45.7,0.06299941561727178,1.823432533946418
9,90,522,Gray,TOT,CRY,MID,4.9,0.5104898666225699,0.16411441900512758,0.05297695852534562,42.4,0.06255631659188601,1.821254905361872
9,90,526,Solanke,TOT,CRY,FWD,5.8,0.653175026482981,0.0,0.0052547368421052626,37.2,0.05522135962681559,1.8192730309293552
9,81,33,Mings,AVL,FUL,DEF,4.5,0.17891747191055868,0.3400293955718666,0.24842113821138212,42.7,0.05069917614254006,1.8099838423646961
9,86,289,Crooks,HUL,IPS,MID,4.4,0.5418568849097788,0.20397375673124626,0.08624516129032259,43.6,0.07097416151619423,1.808613351868109
9,87,377,Munoz,LIV,ARS,MID,6.5,0.4078680750394015,0.12758493800216467,0.07958709677419355,44.5,0.057345468414302006,1.7994269478149705
9,84,149,Colwill,CHE,MUN,DEF,4.8,0.2993438328373434,0.03520751437469155,0.15345365853658538,61.5,0.022967434908531592,1.7916375787417327
9,87,452,Bruno G.,ARS,LIV,MID,6.7,0.6943320951450007,0.11969276907008056,0.07870967741935483,30.2,0.04373838446014956,1.7723818387952208
9,86,313,Clarke,IPS,HUL,MID,5.4,0.47586340778094205,0.1414302671024756,0.0695225806451613,37.9,0.08957990944905053,1.760710095096086
9,83,473,Aina,NFO,BRE,DEF,4.4,0.23665193394509637,0.22575463431321596,0.1586731707317073,52.0,0.059208906627232355,1.7496133673143743
9,84,144,Gusto,CHE,MUN,DEF,4.9,0.4200721297362389,0.027252463750672362,0.13857804878048782,46.8,0.020493110125682085,1.7449902277243101
9,83,581,Diomande,NFO,BRE,DEF,5.4,0.24430605660968058,0.16671682698459533,0.32021365853658534,40.8,0.030409253532734104,1.735997904637277
9,85,175,van Ewijk,COV,SUN,DEF,4.0,0.2497695328425798,0.3460417725589359,0.2378933797909408,43.4,0.030038414443630323,1.7339454992877434
9,85,656,Mfuni,COV,SUN,DEF,4.0,0.2669455785823096,0.3378908956892394,0.17850731707317075,41.1,0.060053299937139176,1.7230926791362506
9,85,553,Isidor,SUN,COV,FWD,5.5,0.6108442675353294,0.0,0.001663157894736842,22.2,0.04669109154697616,1.7223042875846506
9,83,167,Delap,NFO,BRE,FWD,5.6,0.5989717152180434,0.0,0.006442105263157895,51.5,0.04215068267906017,1.7168079158063665
9,90,512,Kudus,TOT,CRY,MID,6.5,0.6125300436339649,0.04488306657551506,0.03380645161290323,24.5,0.04039566386125757,1.7056157120721325
9,87,10,White,ARS,LIV,DEF,5.5,0.16506279092221818,0.5411817043696799,0.10752195121951219,33.5,0.04023240244505164,1.703998848956462
9,87,19,Zubimendi,ARS,LIV,MID,5.3,0.3321745137248025,0.09026012093809355,0.05935483870967742,34.0,0.02584012062099808,1.698593566993653
9,84,136,Welbeck,CHE,MUN,FWD,5.9,0.8014174771623155,0.0,0.004768421052631579,29.6,0.021683424288161918,1.6830120526053765
9,86,585,Herrington,HUL,IPS,DEF,4.0,0.2023311562463296,0.31479022306601157,0.10452073170731709,33.3,0.029818876507658118,1.6796948262169895
9,89,462,Steur,NEW,EVE,MID,4.9,0.3989990448167273,0.10089305812700815,0.05806451612903226,34.7,0.042994486449543484,1.6757204404392796
9,87,17,Merino,ARS,LIV,MID,5.8,0.5828819796777143,0.028647777515134035,0.018838709677419352,22.3,0.017298353667206643,1.6658201770189558
9,90,519,Gallagher,TOT,CRY,MID,5.3,0.43148109953965796,0.14355728927588404,0.08109677419354838,34.9,0.07198069497970899,1.645063381134451
9,86,617,Cho,HUL,IPS,MID,5.0,0.5378178637850348,0.020873436505711017,0.014709677419354838,21.6,0.03814036655716047,1.6280070190002467
9,86,640,Flemming,IPS,HUL,FWD,5.5,0.589428042434896,0.0,0.0017894736842105263,23.3,0.04092897099103373,1.6188743782666026
9,88,113,F.Kadıoğlu,BHA,MCI,DEF,4.4,0.22864725977975214,-0.3315618758462031,0.1798494773519164,72.6,0.031596138303378214,1.5980912774561826
9,87,14,Eze,ARS,LIV,MID,6.3,0.49355917177095177,0.05925773157240054,0.03896774193548387,23.9,0.018859253914078,1.587689204232702
9,84,157,Estêvão,CHE,MUN,MID,6.3,0.6794784731595983,0.01480271990744017,0.022193548387096772,18.5,0.0121304846591405,1.5820081946307318
9,83,474,Jair Cunha,NFO,BRE,DEF,4.5,0.01976989366096405,0.20756059306099955,0.28475888501742164,49.7,0.02605463018608811,1.5806995574810285
9,86,592,Ouattara,IPS,HUL,DEF,4.0,0.16195973689074866,0.2423144689416305,0.10452073170731709,33.3,0.0376475382244414,1.57056816743968
9,84,662,Nicoll-Jazuli,CHE,MUN,MID,4.5,0.4134674952821288,0.022031955211073744,0.03303225806451613,26.5,0.01913036485791202,1.5596132289319287
9,82,75,Christie,BOU,LEE,MID,5.0,0.5208673300952383,0.0820151474927768,0.048193548387096774,25.8,0.02484987266071058,1.5553586146498122
9,81,54,Gomes,AVL,FUL,MID,5.5,0.40879374028883303,0.1116821637742005,0.26008064516129037,29.3,0.046964827697886555,1.551222056006665
9,84,142,James,CHE,MUN,DEF,5.4,0.6129033229162326,0.019759319291918737,0.10047560975609757,37.2,0.025404761556024377,1.5134819998022593
9,88,114,Boscagli,BHA,MCI,DEF,4.5,0.24052545661955252,-0.3022821579543119,0.14347134146341464,67.4,0.06972439440328636,1.5012037429763507
9,82,347,Nmecha,LEE,BOU,FWD,5.4,0.49414898657358725,0.0,0.0015368421052631579,19.6,0.024645638056624723,1.466331466735475
9,89,247,Hackney,EVE,NEW,MID,5.4,0.35894037410718116,0.044373641613426516,0.03058064516129032,26.3,0.03203986438826973,1.4653188265333825
9,82,327,Bijol,LEE,BOU,DEF,5.0,0.21246230701666913,0.1351304904149669,0.30755487804878046,30.2,0.023971599779434423,1.464041366939358
9,88,639,Andrés,BHA,MCI,MID,5.5,0.45684624035273613,0.03944989852940502,0.06909677419354839,35.1,0.01566206024035443,1.4599418970786846
9,85,190,Tchaouna,COV,SUN,MID,5.4,0.39153866861352715,0.0825946370538702,0.05612903225806451,27.5,0.03202588876267896,1.4528765743400405
9,81,635,Larsson,FUL,AVL,MID,5.0,0.35163514250322825,0.015932103779783165,0.01729032258064516,22.3,0.03902618111826096,1.4464973758954784
9,81,596,Ruggeri,AVL,FUL,DEF,4.5,0.2038340486198134,0.21719581009016364,0.23802073170731708,28.3,0.03253186518487365,1.4395215216330244
9,81,253,Andersen,FUL,AVL,DEF,5.0,0.060425237049049584,0.2161422844473049,0.1443717073170732,45.9,0.04796695136160252,1.4145610526475332
9,85,646,Fofana,SUN,COV,MID,5.5,0.3164178913945185,0.020792398458218425,0.01729032258064516,22.3,0.03511083873045846,1.4139265547507145
9,90,199,Benitez,CRY,TOT,GK,4.5,0.004059727712379917,0.43072145068864703,0.0,41.1,0.06050370003186109,1.412722378432888
9,81,56,Abraham,AVL,FUL,FWD,5.5,0.48676738694299443,0.0,0.0010526315789473684,18.9,0.029789883855541086,1.4027720574327194
9,81,53,Manzambi,AVL,FUL,MID,5.9,0.5196211106421103,0.07951770060723076,0.05167741935483871,25.2,0.058838570758677586,1.3802919357819035
9,89,405,N.Gonzalez,NEW,EVE,MID,5.5,0.15538986794225282,0.14394076292786498,0.08283870967741937,37.0,0.043463205922676065,1.366989187026966
9,84,583,Chavarria,CHE,MUN,DEF,4.9,0.20417239185861136,0.013703216236213761,0.10452073170731709,33.3,0.012466788858940727,1.3637111756053197
9,83,90,Hickey,BRE,NFO,DEF,4.5,0.015379830882512786,0.22788443961350555,0.08338170731707317,26.1,0.019297710049567443,1.3509480295075467
9,87,7,Lewis-Skelly,ARS,LIV,MID,5.4,0.07454085513986845,0.20563610161548268,0.06761290322580646,41.1,0.022440537413056467,1.3324418125307778
9,84,151,Acheampong,CHE,MUN,DEF,4.5,0.24174322749920957,0.014370414030486334,0.1996878048780488,29.5,0.011416382520066711,1.3203563633003927
9,89,232,O'Brien,EVE,NEW,DEF,4.8,0.16488392160156318,0.16961074629816886,0.12318048780487804,28.5,0.01679015968197825,1.286200678859761
9,86,637,Vaz,HUL,IPS,FWD,5.0,0.47745452496272034,0.0,0.0014105263157894738,17.8,0.025197998769733863,1.2772647286149237
9,90,633,Ahanor,CRY,TOT,DEF,4.5,0.16519408809145875,0.19951109618437327,0.2763536585365854,28.0,0.030219387911625335,1.2701949329119493
9,87,25,Gyökeres,ARS,LIV,FWD,7.1,0.5487081073419361,0.0,0.003726315789473684,21.0,0.01477305564549092,1.2682600244913154
9,84,568,Barco,CHE,MUN,MID,5.4,0.40822651119542974,0.04595728157309914,0.05167741935483871,28.7,0.021334540180119193,1.2660565734287375
9,84,148,Hato,CHE,MUN,DEF,4.5,0.04456328458984373,0.029202734226238314,0.1781941463414634,41.5,0.009043446495619,1.262414544604507
9,88,393,Khusanov,MCI,BHA,DEF,5.4,0.012210542174328657,0.3096170315714034,0.11352439024390244,40.4,0.014869689493348381,1.2593800276946159
9,81,269,Sessegnon,FUL,AVL,DEF,4.3,0.38081845905103373,0.06470202874995244,0.07202926829268294,19.9,0.029272697645232625,1.2538224537389016
9,90,520,Bergvall,TOT,CRY,MID,5.3,0.37580861845293706,0.058587819728344086,0.04412903225806452,18.1,0.024098573916423078,1.2355025072236585
9,82,71,Cook,BOU,LEE,MID,5.0,0.10565020385097657,0.08563830661896374,0.04025806451612904,31.3,0.030723770250325286,1.2348772514545394
9,82,72,Gannon-Doak,BOU,LEE,MID,4.9,0.3249323373283474,0.01646890511903149,0.012903225806451613,18.4,0.019818909644575854,1.2308409595906702
9,88,400,Doku,MCI,BHA,MID,7.4,0.6370945726329176,0.036630044545995714,0.03380645161290323,15.3,0.0060724750929911885,1.220603543884808
9,81,263,Kevin,FUL,AVL,MID,5.3,0.2747228533801721,0.01688327415469559,0.018322580645161287,18.4,0.02647756935691097,1.2123553591646477
9,85,195,Simms,COV,SUN,FWD,4.9,0.500207029741873,0.0,0.002494736842105263,20.0,0.02767891456480997,1.2114043045651832
9,90,577,Tomiyasu,CRY,TOT,DEF,4.4,0.13032048255858444,0.1911445018282544,0.11626463414634146,25.1,0.02415204228485643,1.2020547850438532
9,83,490,Wood,NFO,BRE,FWD,5.8,0.2532315614346705,0.0,0.001663157894736842,19.8,0.017080310319564307,1.2019750296489715
9,83,488,I.Sangaré,NFO,BRE,MID,4.9,0.21637041976774593,0.058085841863179055,0.05070967741935484,30.0,0.02697041323378322,1.1965568079768576
9,82,74,Brooks,BOU,LEE,MID,5.0,0.2951093138350531,0.030302785419017937,0.023741935483870966,20.4,0.016401819710330365,1.1877283486207666
9,84,439,Šeško,MUN,CHE,FWD,7.0,0.5243259593948414,0.0,0.0018736842105263156,15.9,0.01298867224683934,1.181086092921763
9,87,357,Frimpong,LIV,ARS,DEF,5.3,0.2231066411298611,0.15179583015948786,0.08956682926829268,26.4,0.018601060357258385,1.178062069148365
9,90,208,Sarr,CRY,TOT,MID,6.2,0.4975676105161896,0.043892636298064246,0.04232258064516129,18.9,0.024708610221442627,1.1563500777257352
9,86,589,Gourna-Douath,HUL,IPS,MID,5.0,0.3187252772880822,0.07433873001156731,0.03929032258064516,23.8,0.03234325961772983,1.1512792315751281
9,81,631,Mbaye,AVL,FUL,MID,6.0,0.3067330191144857,0.019953879927657157,0.01729032258064516,17.8,0.03043895410219397,1.1477393670402853
9,88,119,Costinha,BHA,MCI,DEF,4.5,0.1464232650899231,-0.020619519642176804,0.02609756097560976,21.2,0.004496639974523141,1.1392980565025363
9,81,262,Smith Rowe,FUL,AVL,MID,5.4,0.21553693220168263,0.035906681652944146,0.03896774193548387,20.5,0.03033793274883569,1.1157166802964382
9,85,612,Methalie,SUN,COV,DEF,4.5,0.1441922985394924,0.2655444339544071,0.11783048780487805,27.2,0.022912674857964232,1.0883958026789622
9,88,116,Dunk,BHA,MCI,DEF,4.5,0.10314908390734545,-0.2144430042786388,0.2648919860627178,49.7,0.018272683416115917,1.0845374941042114
9,81,271,Muniz,FUL,AVL,FWD,5.4,0.20315276452276976,0.0,0.0015368421052631579,19.4,0.019773905626945403,1.076172917919622
9,86,309,Núñez,IPS,HUL,MID,4.9,0.23064646497509267,0.09040197474033518,0.15923870967741938,23.3,0.03542802957403974,1.0683631048534934
9,82,608,Jebbison,BOU,LEE,FWD,5.0,0.3967523584772999,0.0,0.0010526315789473684,14.6,0.014426107270446367,1.060434084788192
9,90,506,Udogie,TOT,CRY,DEF,4.4,0.09682621234131104,0.24066761418182592,0.08925365853658537,22.4,0.02086491815515802,1.051933974094731
9,89,461,Touré,NEW,EVE,MID,5.8,0.27338615252758064,0.013452407750267754,0.012903225806451613,15.6,0.018427770432840832,1.0238031636899876
9,90,498,Senesi,TOT,CRY,DEF,5.8,0.1422449068910227,0.23222313649123555,0.1961219512195122,20.9,0.02638052117173769,1.007383445909066
9,90,515,Maddison,TOT,CRY,MID,6.3,0.2612439148995376,0.017130941441036284,0.012903225806451613,15.2,0.0264934053801734,1.0006282775967688
9,83,620,Diouf,BRE,NFO,DEF,4.5,0.1317952018850184,0.10698799981854722,0.05219512195121952,18.6,0.014577718694988414,0.9970922945469634
9,86,320,Akpom,IPS,HUL,FWD,5.0,0.3471391192185703,0.0,0.0010526315789473684,14.0,0.022503481782017585,0.9931817203402324
9,88,125,Georginio,BHA,MCI,FWD,5.3,0.32540107772864857,0.0,0.0036315789473684214,23.7,0.005384446914009613,0.9930379697978495
9,87,9,Hincapie,ARS,LIV,DEF,5.2,0.11514879093415883,0.19571862609485996,0.07777073170731708,18.4,0.0113087854576782,0.9665058268961636
9,89,559,Bamba,NEW,EVE,MID,4.9,0.2291485298495827,0.013452407750267754,0.012903225806451613,15.2,0.016669511239743147,0.9533856980176015
9,90,643,Chilwell,CRY,TOT,DEF,4.5,0.15527230864128466,0.043120140143074234,0.03497073170731708,15.9,0.022552454563973572,0.932085143329329
9,87,11,Mosquera,ARS,LIV,DEF,5.3,0.000941147406455528,0.34940372175323997,0.08330341463414635,22.5,0.01685109874357432,0.9298806525205701
9,87,369,Ngumoha,LIV,ARS,MID,5.7,0.2365933998041498,0.03251678380989022,0.02535483870967742,15.6,0.016037698815422975,0.9205027211391403
9,87,364,Tsimikas,LIV,ARS,DEF,4.9,0.08030102270086353,0.12313507901049368,0.12109268292682927,19.4,0.009503540064258235,0.9063421599756587
9,90,213,Lerma,CRY,TOT,MID,4.8,0.21688963405874828,0.0334547532759636,0.03225806451612903,18.8,0.024483048166833565,0.9014471029230435
9,85,535,Alderete,SUN,COV,DEF,4.8,0.06589537423260014,0.19055680310349477,0.11274146341463415,21.7,0.022669619553978337,0.899215067715718
9,83,108,Wilson,BRE,NFO,FWD,5.4,0.3442399969902544,0.0,0.0007157894736842105,11.0,0.014902547630174876,0.8981537875072042
9,84,101,Henderson,CHE,MUN,MID,4.9,0.21174947504620367,0.05008827317517546,0.05632258064516128,25.6,0.013379880400636765,0.8626458383319899
9,86,300,Walton,IPS,HUL,GK,4.4,0.003348897482784082,0.2776137483198828,0.0,24.1,0.025370972264219454,0.8505955228287913
9,89,231,Keane,EVE,NEW,DEF,4.8,0.18688192487289024,0.14158185178279348,0.10282439024390244,18.6,0.01438327433276186,0.8444844242308025
9,87,381,Koumas,LIV,ARS,MID,5.0,0.15072590329783825,0.012410986186980999,0.012903225806451613,14.6,0.0112771989049869,0.834481550461759
9,87,375,Nyoni,LIV,ARS,MID,4.9,0.12493069048020558,0.012410986186980999,0.012903225806451613,15.0,0.010907773558726148,0.832348025100736
9,85,188,Torp,COV,SUN,MID,5.3,0.20138508904394098,0.014240454664460382,0.012903225806451613,13.3,0.022068176956157513,0.8308386245405103
9,82,343,James,LEE,BOU,MID,4.9,0.043018418277437256,0.010576283573440141,0.012129032258064516,14.3,0.01199837913110019,0.8097221132400421
9,86,240,Iroegbunam,HUL,IPS,MID,5.0,0.1280793229085838,0.018676232663004593,0.013161290322580644,15.5,0.017586063167713852,0.8064831858746514
9,87,16,Madueke,ARS,LIV,MID,6.2,0.18440375358072741,0.04395275454376729,0.02890322580645161,12.8,0.00970697577635522,0.7899667097073015
9,81,52,Alysson,AVL,FUL,MID,5.0,0.19020200808338475,0.011317125929118984,0.009806451612903225,12.4,0.024245319899103005,0.786081177278134
9,81,160,Garnacho,AVL,FUL,MID,5.8,0.19799199178939547,0.012806221446108322,0.011096774193548386,11.5,0.01928587618958949,0.7849316062949987
9,85,584,Hamer,COV,SUN,MID,5.4,0.19103254128285416,0.014240454664460382,0.012903225806451613,12.7,0.021072148336335687,0.7847490669865225
9,84,422,Mazraoui,MUN,CHE,DEF,4.4,0.049271532478437505,0.052634448973550685,0.06694024390243904,18.7,0.01142560437953691,0.776594961931493
9,82,81,Rodríguez,BOU,LEE,FWD,6.0,0.30003748439451994,0.0,0.0010526315789473684,11.0,0.01178073836857639,0.766346067822202
9,83,478,Netz,NFO,BRE,DEF,4.4,0.0811022225073053,0.01856534821654737,0.02609756097560976,14.0,0.012861781741500239,0.7638028591009108
9,86,318,Philogene,IPS,HUL,MID,5.4,0.14935632251674125,0.015749472951277908,0.012903225806451613,12.9,0.019796016783572644,0.7547792004143039
9,84,440,Zirkzee,MUN,CHE,FWD,5.3,0.22947088294499077,0.0,0.0008421052631578948,11.7,0.008732004382717306,0.7492848137252506
9,88,600,Osman,BHA,MCI,MID,5.0,0.14419641747280992,0.005525195872465689,0.012903225806451613,13.3,0.004120553794252999,0.7464097293170378
9,88,126,O'Riley,BHA,MCI,MID,5.4,0.16713457824747974,0.005525195872465689,0.012903225806451613,12.9,0.003977588895353331,0.744603687212489
9,86,323,McAteer,IPS,HUL,MID,4.4,0.14585483095209778,0.015749472951277908,0.012903225806451613,12.7,0.019923915855445597,0.7403702748174251
9,88,621,McAidoo,MCI,BHA,MID,4.5,0.2145448989060822,0.015938263657417982,0.014709677419354838,11.9,0.0037952247008057726,0.730184392567759
9,84,162,Andrey Santos,MUN,CHE,MID,4.8,0.08615802453112803,0.03235345259036544,0.02961290322580645,16.6,0.010409474906488069,0.7273058662796068
9,83,482,Hudson-Odoi,NFO,BRE,MID,5.8,0.20268308470021137,0.032146744542599096,0.03741935483870967,13.9,0.014895895000766442,0.7241450790822865
9,88,616,Bouaddi,MCI,BHA,MID,5.5,0.20632372289696127,0.015938263657417982,0.014709677419354838,11.9,0.0037448981407774,0.7223983711254336
9,82,339,Longstaff,LEE,BOU,MID,4.9,0.19587555404788787,0.0164269936353432,0.018838709677419352,12.5,0.01565208837841242,0.7123213073088988
9,84,420,Yoro,MUN,CHE,DEF,4.8,0.03233662565388985,0.038475474395870374,0.06524390243902439,16.3,0.006500793618331329,0.7015036621717488
9,90,212,Hughes,CRY,TOT,MID,4.4,0.03861229950493108,0.03506058143320986,0.03380645161290323,16.7,0.02068851776870902,0.6930511813999208
9,82,76,Tóth.A,BOU,LEE,MID,4.9,0.17817165673945967,0.01646890511903149,0.012903225806451613,11.3,0.012388576310079035,0.6896330106423064
9,86,571,Florentino,IPS,HUL,MID,4.8,0.038859555683497596,0.024884167263019095,0.020387096774193546,14.9,0.018909277807079704,0.6887092704601209
9,88,328,Struijk,BHA,MCI,DEF,4.9,0.054680559337138834,-0.09979847506813576,0.09473414634146342,26.2,0.005742665887733746,0.6845152998669046
9,86,638,Norton-Cuffy,HUL,IPS,DEF,4.0,0.09443628737286375,0.058949479974908535,0.02609756097560976,11.9,0.01502837075148553,0.6816161363759338
9,82,648,Bahoya,LEE,BOU,MID,5.0,0.15518165621981078,0.015076829774904033,0.01729032258064516,12.3,0.01315765030277237,0.6775951606238723
9,84,164,Quenda,CHE,MUN,MID,5.3,0.17330100704389081,0.008606232504325682,0.012903225806451613,11.3,0.007856883313794256,0.6727789186749483
9,81,256,Tete,FUL,AVL,DEF,4.4,0.058683545206284285,0.06798401571552971,0.07568292682926829,16.5,0.02276835980634864,0.6724702607078391
9,90,241,McNeil,CRY,TOT,MID,5.4,0.11619150899573079,0.04175153208840258,0.030193548387096772,14.2,0.019660305944656994,0.6552125185524404
9,90,595,Gozo,CRY,TOT,MID,5.0,0.15003639575772493,0.013381901310385441,0.012903225806451613,11.0,0.02037776647965317,0.6504577435064107
9,84,430,Mount,MUN,CHE,MID,5.4,0.18675511739855807,0.018185600802427634,0.022193548387096772,10.8,0.007309232544038679,0.6404461994021482
9,89,446,Schär,NEW,EVE,DEF,4.9,0.0009380717002679317,0.05148137544656235,0.04123414634146342,14.1,0.012375953406312697,0.6336547937314382
9,90,42,Guessand,CRY,TOT,MID,5.4,0.16032175633417298,0.017664109729708784,0.01703225806451613,9.8,0.01624645037564437,0.6272645745040422
9,88,395,Lewis,MCI,BHA,DEF,4.4,0.12202432544542667,0.1124585999730615,0.08246829268292684,12.4,0.0028894132258173123,0.6266086848682155
9,88,594,David,BHA,MCI,FWD,5.9,0.2126848359876125,0.0,0.0010526315789473684,10.4,0.003146087919500314,0.6196066656275918
9,85,549,Talbi,SUN,COV,MID,5.3,0.17610954059124456,0.03475744219881289,0.02890322580645161,11.5,0.016400595741997627,0.6081708043385068
9,85,548,Rigg,SUN,COV,MID,4.9,0.10292436239935714,0.024516410122376948,0.020387096774193546,10.4,0.017086773495448047,0.5896130790997182
9,90,647,Osorio,CRY,TOT,MID,5.5,0.14893211174929136,0.017931747755916494,0.01729032258064516,10.4,0.019902148819507318,0.5779784852269616
9,90,207,Mingueza,CRY,TOT,DEF,4.4,0.06888686621940145,0.03217920906199569,0.02609756097560976,10.4,0.016591234375647128,0.5684644179563413
9,82,641,Bard,LEE,BOU,DEF,4.5,0.06570560042062003,0.026242732921167494,0.03497073170731708,11.3,0.009823790338474811,0.5630234495296499
9,89,664,Salia,NEW,EVE,FWD,4.5,0.30283841112505094,0.0,0.0026947368421052632,11.2,0.012383377394942833,0.5585574874896707
9,83,89,Henry,BRE,NFO,DEF,4.4,0.05634061716232299,0.10591811982036176,0.051673170731707324,11.0,0.010243639920408762,0.5575955028630974
9,83,100,Carvalho,BRE,NFO,MID,5.0,0.16844073808015786,0.017266508676697562,0.012903225806451613,9.0,0.013442790372127488,0.5560178063183282
9,88,406,Kovačić,MCI,BHA,MID,5.4,0.1508039391453291,0.01398093303282279,0.012903225806451613,9.4,0.0032475818614187404,0.5503864668515521
9,86,340,Gelhardt,HUL,IPS,MID,5.0,0.1561603325521813,0.018310032022553525,0.012903225806451613,9.0,0.016256516652339608,0.547733849367916
9,89,442,Pope,NEW,EVE,GK,4.9,0.02722741984993417,0.14000139198859823,0.0,17.5,0.014729328693114866,0.5464713855647597
9,89,245,Dibling,EVE,NEW,MID,5.4,0.1610747654559734,0.014042291649818517,0.012903225806451613,9.0,0.01161629901476665,0.5443098923116046
9,89,450,Livramento,NEW,EVE,DEF,4.9,0.03284564101365387,0.04822306054488119,0.03862439024390244,12.0,0.012685173218749152,0.5409072740472699
9,83,660,Fredrick,BRE,NFO,DEF,4.0,0.0761863114777428,0.13694463976774043,0.06680975609756098,11.2,0.011316503059928618,0.5360850047573292
9,85,599,Cherif,COV,SUN,FWD,5.0,0.21214368115134652,0.0,0.0010526315789473684,8.3,0.016013893921787942,0.5348105813788638
9,81,255,J.Cuenca,FUL,AVL,DEF,4.5,0.002484234514614394,0.08017425301624542,0.15244024390243904,15.6,0.020754643810378816,0.5220474164965423
9,84,421,Heaven,MUN,CHE,DEF,4.4,0.06975215142761126,0.052634448973550685,0.06694024390243904,15.1,0.007795875775013144,0.5209860741158812
9,87,20,Dowman,ARS,LIV,MID,5.3,0.1142840716661703,0.019621765421324683,0.012903225806451613,9.0,0.007884655712831687,0.49886629976690805
9,83,487,Dominguez,NFO,BRE,MID,4.9,0.06866777350280114,0.026160799007080644,0.030451612903225803,10.1,0.012440657746875503,0.49882701387378053
9,89,665,Mills,NEW,EVE,MID,4.5,0.1772885994099403,0.034438163840685446,0.03303225806451613,11.2,0.012857710668863037,0.49779656059252464
9,89,666,Thompson,NEW,EVE,MID,4.5,0.1772885994099403,0.034438163840685446,0.03303225806451613,11.2,0.012857710668863037,0.49779656059252464
9,85,179,Latibeaudiere,COV,SUN,DEF,4.0,0.06744776538939248,0.037049440316802566,0.02609756097560976,9.0,0.014912929277663821,0.49312993661205845
9,89,663,Pivas,NEW,EVE,DEF,4.0,0.08427648551471126,0.08341286148303773,0.06680975609756098,11.2,0.01052568288888511,0.4898525803385515
9,85,539,O'Nien,SUN,COV,DEF,3.9,0.05427998654717894,0.11556917225258251,0.051281707317073176,11.5,0.0159739740747894,0.4709907305505714
9,86,574,Hjertø-Dahl,HUL,IPS,MID,4.9,0.12164277091285308,0.018310032022553525,0.012903225806451613,7.6,0.01496064430728085,0.43888895156343866
9,88,622,Braithwaite,MCI,BHA,DEF,4.0,0.06587463639639755,0.04057050758521839,0.029751219512195125,8.1,0.002614966527163176,0.41997134660830504
9,83,661,Balcombe,BRE,NFO,GK,4.0,0.0014712505833152346,0.1430564042409571,0.0,11.2,0.011915349294210256,0.4173318930073714
9,89,243,Alcaraz,EVE,NEW,MID,4.9,0.05389929540855082,0.013199754150829406,0.012129032258064516,8.8,0.010476209186500428,0.40419216442816597
9,88,120,Svoboda,BHA,MCI,DEF,5.0,0.04632987473593431,-0.020619519642176804,0.02609756097560976,9.0,0.002723781864422034,0.40223874240630964
9,85,185,Sakamoto,COV,SUN,MID,4.8,0.10853931275989284,0.014240454664460382,0.012903225806451613,7.1,0.015656923961133554,0.39505943540639055
9,81,667,Wright,AVL,FUL,GK,4.0,0.0017540028699345235,0.11023559852393183,0.0,11.2,0.01818212837049721,0.3910606186532524
9,84,159,Caicedo,CHE,MUN,MID,5.3,0.08587753085615697,0.01858946220934347,0.027870967741935482,11.0,0.007529363974611182,0.3836085567667734
9,82,62,Diakité,BOU,LEE,DEF,4.9,0.0,0.10343708694900464,0.05480487804878049,9.4,0.00883309814757899,0.3767025141257563
9,83,493,Kalimuendo,NFO,BRE,FWD,5.4,0.1435185612977125,0.0,0.0010526315789473684,6.7,0.010656839817923895,0.37428015194754677
9,86,308,Furlong,IPS,HUL,DEF,3.9,0.03906954299581055,0.04537724137483717,0.02609756097560976,7.1,0.012581963921155931,0.3693434424353095
9,86,285,McNair,HUL,IPS,DEF,4.0,0.049355692466376944,0.058949479974908535,0.02609756097560976,6.7,0.012506035429580929,0.3689665300740856
9,86,321,Walle Egeli,IPS,HUL,FWD,4.5,0.13416889203784466,0.0,0.0010526315789473684,6.7,0.013856753078213723,0.36835863399655666
9,88,396,Vitor Reis,MCI,BHA,DEF,4.5,0.057741965236348475,0.035588164548437176,0.02609756097560976,7.1,0.0025169128621149945,0.3678132601373313
9,84,435,Lacey,MUN,CHE,MID,4.9,0.09298805880537844,0.01057302372234165,0.012903225806451613,6.7,0.006150045190894493,0.3416238697435118
9,85,655,Gboho,COV,SUN,MID,5.5,0.11845795134624328,0.02420877292958265,0.021935483870967745,7.5,0.0159436159192763,0.3405948164378466
9,82,344,Gruev,LEE,BOU,MID,5.0,0.08107294466157515,0.023627867557685422,0.027096774193548386,8.9,0.00987251020781069,0.3384121300045347
9,90,497,Dubravka,TOT,CRY,GK,4.0,0.0,0.1119003620739215,0.0,9.8,0.01567236158907143,0.33446161255188184
9,89,659,Miley,NEW,EVE,MID,4.5,0.11872004424772786,0.02286909317545518,0.021935483870967745,7.5,0.010500240043997154,0.3340738537099245
9,88,392,Aït-Nouri,MCI,BHA,DEF,5.3,0.05868437708225237,0.061211643023311946,0.044887804878048776,7.0,0.00294100574612336,0.33030670508607013
9,83,657,Nunes,BRE,NFO,MID,4.5,0.10732343920689408,0.029353064750385856,0.021935483870967745,7.5,0.011289150423669132,0.3299501306236934
9,90,147,Tosin,TOT,CRY,DEF,4.4,0.0,0.027444552494418746,0.013570731707317074,6.2,0.014591782239022771,0.3180153931766595
9,81,35,Bogarde,AVL,FUL,MID,4.9,0.0,0.02352770916843157,0.020387096774193546,8.9,0.014860229009498486,0.30629766023002025
9,86,556,Targett,HUL,IPS,DEF,4.0,0.03825184435981014,0.04480160478093048,0.019834146341463414,5.0,0.01183654798236068,0.2812436462097749
9,81,630,Harwood-Bellis,AVL,FUL,DEF,4.5,0.04784698630909927,0.054502319385921205,0.03497073170731708,5.9,0.01420428474768599,0.27942467810455063
9,86,645,Mouzakitis,HUL,IPS,MID,5.0,0.09583221416068144,0.024535442910221722,0.01729032258064516,5.9,0.013525853962445211,0.2766357076131245
9,88,658,Ibrahim,BHA,MCI,MID,4.5,0.08181998818682137,0.00939283298319167,0.021935483870967745,7.5,0.002893724583571994,0.27609102199632934
9,88,628,Allan,MCI,BHA,MID,6.0,0.1011260681200373,0.01873445026398254,0.01729032258064516,5.9,0.002650889008189586,0.2652536039719856
9,88,653,Samba,MCI,BHA,MID,4.5,0.1011260681200373,0.01873445026398254,0.01729032258064516,5.9,0.002650889008189586,0.2652536039719856
9,85,651,J.Angulo,SUN,COV,FWD,4.5,0.123147707952645,0.0,0.0014105263157894738,5.9,0.014320582171138923,0.26457360898891913
9,89,654,Graham,EVE,NEW,MID,4.5,0.09229326604649232,0.018816670810756813,0.01729032258064516,5.9,0.009619576949134855,0.26347171038616013
9,81,636,Ángel,FUL,AVL,MID,5.0,0.08308769599460986,0.015932103779783165,0.01729032258064516,5.9,0.01578300423771514,0.2575450005918843
9,86,284,McCarthy,HUL,IPS,DEF,4.0,0.03397330473141657,0.058949479974908535,0.02609756097560976,4.4,0.011517707471204388,0.22600611522092215
9,90,510,Rowswell,TOT,CRY,DEF,4.0,0.03756359745987983,0.0527779855661899,0.02609756097560976,4.4,0.013136261718866137,0.22504346778832854
9,90,509,Byfield,TOT,CRY,DEF,4.0,0.03756359745987983,0.0527779855661899,0.02609756097560976,4.4,0.013136261718866137,0.22504346778832854
9,90,508,Davies,TOT,CRY,DEF,3.9,0.03756359745987983,0.0527779855661899,0.02609756097560976,4.4,0.013136261718866137,0.22504346778832854
9,81,626,Zepa,FUL,AVL,MID,4.5,0.07041330169034732,0.013554177842502096,0.014709677419354838,5.0,0.015024513082025352,0.22006766494874735
9,84,169,Mheuka,CHE,MUN,FWD,4.5,0.1179191650404358,0.0,0.0010526315789473684,4.4,0.0053293725994904275,0.21812440434041955
9,90,524,Olusesi,TOT,CRY,MID,4.4,0.07902082700516017,0.017130941441036284,0.012903225806451613,4.4,0.014210499270920423,0.21690756904834413
9,90,601,Williams-Barnett,TOT,CRY,MID,4.5,0.07902082700516017,0.017130941441036284,0.012903225806451613,4.4,0.014210499270920423,0.21690756904834413
9,81,272,Kusi-Asare,FUL,AVL,FWD,4.5,0.10584431362034147,0.0,0.0010526315789473684,4.4,0.014326108514657298,0.2150462888354921
9,83,92,Ji-soo,BRE,NFO,DEF,4.4,0.029930336651970382,0.05349399990927361,0.02609756097560976,4.4,0.008806509902210491,0.2137964695068471
9,85,613,Ahoka,SUN,COV,MID,4.5,0.0610961967136089,0.01768905540475299,0.014709677419354838,5.0,0.013904859118190388,0.21376578357042486
9,82,573,Sanchez,BOU,LEE,DEF,4.4,0.03401730422511886,0.04925575569000222,0.02609756097560976,4.4,0.0076806491647143016,0.21251933212322802
9,82,66,Soler,BOU,LEE,DEF,4.0,0.03401730422511886,0.04925575569000222,0.02609756097560976,4.4,0.0076806491647143016,0.21251933212322802
9,81,606,Rowe,AVL,FUL,DEF,4.0,0.03568249826441301,0.0406733726760606,0.02609756097560976,4.4,0.01344013586141406,0.2113616298452803
9,81,38,A.García,AVL,FUL,DEF,4.0,0.03568249826441301,0.0406733726760606,0.02609756097560976,4.4,0.01344013586141406,0.2113616298452803
9,81,50,Burrowes,AVL,FUL,MID,4.5,0.07506364440934274,0.0148909551698934,0.012903225806451613,4.4,0.014539189031571248,0.21103908994203463
9,86,292,Ömür,HUL,IPS,MID,4.9,0.0714680919164404,0.018310032022553525,0.012903225806451613,4.4,0.012459726015241267,0.20878315128546243
9,86,294,Zambrano,HUL,IPS,MID,4.5,0.0714680919164404,0.018310032022553525,0.012903225806451613,4.4,0.012459726015241267,0.20878315128546243
9,86,288,Dowell,HUL,IPS,MID,4.5,0.0714680919164404,0.018310032022553525,0.012903225806451613,4.4,0.012459726015241267,0.20878315128546243
9,85,178,Bidwell,COV,SUN,DEF,4.0,0.03303552689977569,0.037049440316802566,0.02609756097560976,4.4,0.012438368447052636,0.20408895870702354
9,85,189,Shepherd,COV,SUN,MID,4.4,0.06949533145646274,0.014240454664460382,0.012903225806451613,4.4,0.013455641257028722,0.20373672870917908
9,86,303,Kipré,IPS,HUL,DEF,3.9,0.024974344281203056,0.04537724137483717,0.02609756097560976,4.4,0.01151770747120439,0.20343491617063725
9,90,218,Doucouré,CRY,TOT,MID,4.8,0.06312642428917614,0.013381901310385441,0.012903225806451613,4.4,0.014210499270920423,0.19726412620170924
9,90,221,Drakes-Thomas,CRY,TOT,MID,4.5,0.06312642428917614,0.013381901310385441,0.012903225806451613,4.4,0.014210499270920423,0.19726412620170924
9,87,351,Mamardashvili,LIV,ARS,GK,4.9,0.0,0.040202115382660664,0.0,6.7,0.0062473918142979925,0.19644950719695864
9,81,270,Reed,FUL,AVL,MID,4.4,0.061963705487505655,0.011889629686405348,0.012903225806451613,4.4,0.014539189031571248,0.1949378255367095
9,85,550,Jocelin.T,SUN,COV,MID,5.0,0.05376465310797583,0.015516715267327183,0.012903225806451613,4.4,0.013455641257028722,0.18928231096355896
9,86,310,Matusiwa,IPS,HUL,MID,4.9,0.05253738918696665,0.015749472951277908,0.012903225806451613,4.4,0.012459726015241267,0.18729188948471304
9,86,324,Mehmeti,IPS,HUL,MID,4.8,0.05253738918696665,0.015749472951277908,0.012903225806451613,4.4,0.012459726015241267,0.18729188948471304
9,84,437,Bendito Mantato,MUN,CHE,MID,4.4,0.062197651273912614,0.01057302372234165,0.012903225806451613,4.4,0.0054087133850165645,0.18472468971249806
9,84,438,Fletcher,MUN,CHE,MID,4.4,0.062197651273912614,0.01057302372234165,0.012903225806451613,4.4,0.0054087133850165645,0.18472468971249806
9,84,434,J.Fletcher,MUN,CHE,MID,4.9,0.062197651273912614,0.01057302372234165,0.012903225806451613,4.4,0.0054087133850165645,0.18472468971249806
9,82,604,Cresswell,LEE,BOU,MID,4.5,0.055614937438367595,0.011251365503659726,0.012903225806451613,4.4,0.00830906744130636,0.18172067171456094
9,82,615,Di Gregorio,BOU,LEE,GK,4.5,0.0007464950323344537,0.056782415488710235,0.0,5.0,0.008035441817614659,0.18117546344977045
9,82,603,Lienou,LEE,BOU,DEF,4.0,0.02643729763236747,0.01958412904564738,0.02609756097560976,4.4,0.0076806491647143016,0.1752676988861218
9,83,476,O.Richards,NFO,BRE,DEF,4.0,0.026277552273217576,0.01856534821654737,0.02609756097560976,4.4,0.008806509902210491,0.17521503343536807
9,87,3,Meslier,ARS,LIV,GK,4.9,0.0005037253301425654,0.06611357114115522,0.0,4.4,0.005733496775964891,0.17412857102504042
9,87,2,Arrizabalaga,ARS,LIV,GK,4.9,0.0005037253301425654,0.06611357114115522,0.0,4.4,0.005733496775964891,0.17412857102504042
9,86,273,Phillips,HUL,IPS,GK,4.0,0.0006560659445738497,0.059385659809063775,0.0,4.4,0.011753402888566886,0.17357290641998227
9,82,629,Zetterer,LEE,BOU,GK,4.0,0.0006845829769449379,0.02725700901510591,0.0,5.9,0.008341158421169089,0.17264386152433106
9,87,361,Lucky,LIV,ARS,DEF,4.0,0.0186461959424957,0.02653773254536501,0.02609756097560976,4.4,0.005618466505539019,0.17236801803679236
9,85,623,Bentley,COV,SUN,GK,4.0,0.0007249503534446401,0.04286721596326263,0.0,5.0,0.013012708493094265,0.17221598592091267
9,87,359,Gomez,LIV,ARS,DEF,4.9,0.025660232933216842,0.028129996498086916,0.02766341463414634,3.6,0.005507465204846303,0.17171868502787216
9,84,424,Amass,MUN,CHE,DEF,4.0,0.029566477901460927,0.01539018975834815,0.02609756097560976,4.4,0.0049995029707043965,0.17152179367390608
9,90,495,Austin,TOT,CRY,GK,4.0,0.000725398875497631,0.05321416540034514,0.0,4.4,0.013405040955162824,0.16912238300878338
9,87,382,Danns,LIV,ARS,FWD,4.5,0.0670030829864882,0.0,0.0010526315789473684,4.4,0.0059890877232023606,0.1678680374101839
9,83,83,Valdimarsson,BRE,NFO,GK,4.5,0.0005779913005881281,0.05393017974342885,0.0,4.4,0.008986767536940974,0.1652727163587357
9,87,378,McConnell,LIV,ARS,MID,4.4,0.03922515210237763,0.012410986186980999,0.012903225806451613,4.4,0.006078228521235919,0.16425966814182177
9,87,374,Endo,LIV,ARS,MID,4.9,0.03922515210237763,0.012410986186980999,0.012903225806451613,4.4,0.006078228521235919,0.16425966814182177
9,88,134,Oriola,BHA,MCI,MID,4.5,0.048001059736268545,0.005525195872465689,0.012903225806451613,4.4,0.002441768573121875,0.16251332551308334
9,84,131,Baleba,MUN,CHE,MID,4.9,0.0,0.014379312262384644,0.017548387096774195,4.8,0.0050296902361417276,0.16237658765119364
9,84,561,Anselmino,CHE,MUN,DEF,4.5,0.03281556248930892,0.0025661453625868483,0.02609756097560976,4.4,0.0049995029707043965,0.16194683386599282
9,82,58,Forster,BOU,LEE,GK,4.0,0.0006569156284543193,0.04969193552415746,0.0,4.4,0.0078378777565388,0.15996450668692835
9,86,301,Palmer,IPS,HUL,GK,4.0,0.0004822850441101854,0.04581342120899241,0.0,4.4,0.011753402888566883,0.15982688691944724
9,86,302,Button,IPS,HUL,GK,4.0,0.0004822850441101854,0.04581342120899241,0.0,4.4,0.011753402888566885,0.15982688691944724
9,85,531,Ellborg,SUN,COV,GK,4.5,0.0004935511356202216,0.04454655092292718,0.0,4.4,0.012692893320042845,0.159510773156368
9,85,172,Wilson,COV,SUN,GK,4.4,0.0006379563110312835,0.037485620150957806,0.0,4.4,0.012692893320042845,0.1525942475598097
9,90,555,Matthews,CRY,TOT,GK,4.0,0.0005794907359114886,0.032615388896150926,0.0,4.4,0.013405040955162824,0.14837769836500297
9,82,625,Cairns,LEE,BOU,GK,4.0,0.0005801550652075745,0.02295676111414572,0.0,5.0,0.008035441817614659,0.14718346910807906
9,89,227,Travers,EVE,NEW,GK,5.0,0.0006318383572466865,0.03637065998207237,0.0,4.4,0.008358641144340172,0.147138917261437
9,89,228,King,EVE,NEW,GK,4.5,0.0006318383572466865,0.03637065998207237,0.0,4.4,0.008358641144340172,0.147138917261437
9,89,443,Gillespie,NEW,EVE,GK,4.5,0.0006393678145958679,0.03301932885096686,0.0,4.4,0.00835864114434017,0.14379511558768066
9,88,614,Hadjam,BHA,MCI,DEF,4.5,0.025929477218465283,-0.02350625239208156,0.029751219512195125,5.0,0.0023075458783651565,0.1429229698394245
9,84,158,Gittens,CHE,MUN,MID,5.8,0.036796721031832624,0.006884986003460545,0.01032258064516129,2.4,0.004802717681099245,0.1418070053615537
9,88,587,Rulli,MCI,BHA,GK,5.0,0.0006923075917975846,0.036024344382592416,0.0,4.4,0.002303240073803026,0.14079766982597078
9,88,386,Bettinelli,MCI,BHA,GK,4.5,0.0006923075917975846,0.036024344382592416,0.0,4.4,0.002303240073803026,0.14079766982597078
9,81,251,Lecomte,FUL,AVL,GK,4.0,0.0005688171585367968,0.023878943873993086,0.0,4.4,0.013715124568232834,0.13994066337854047
9,87,355,Davies,LIV,ARS,GK,4.0,0.00036008078255660614,0.02697391237952025,0.0,4.4,0.005733496775964891,0.13484526771581948
9,87,352,Woodman,LIV,ARS,GK,4.0,0.00036008078255660614,0.02697391237952025,0.0,4.4,0.005733496775964891,0.13484526771581948
9,83,468,John,NFO,BRE,GK,4.5,0.0005074515796891203,0.01900152805070261,0.0,4.4,0.008986767536940974,0.1302735249451105
9,83,590,Benda,NFO,BRE,GK,4.5,0.0005074515796891203,0.01900152805070261,0.0,4.4,0.008986767536940974,0.1302735249451105
9,88,117,Coppola,BHA,MCI,DEF,4.5,0.022817939952249452,-0.020619519642176804,0.02609756097560976,4.4,0.0022570169260013725,0.12602106027946666
9,84,325,Darlow,MUN,CHE,GK,4.5,0.0,0.015610169491394548,0.0,4.7,0.00518179118551656,0.11941822330317373
9,84,560,Penders,CHE,MUN,GK,4.4,0.0006337085300200927,0.0030023251967420867,0.0,4.4,0.00510188407008724,0.11051569557462722
9,88,111,Steele,BHA,MCI,GK,4.0,0.0004406422467979235,-0.020183339808021564,0.0,4.4,0.002303240073803026,0.08433832029035718
9,84,152,Palestra,CHE,MUN,DEF,5.3,0.01640778124465446,0.0012830726812934241,0.01304878048780488,2.2,0.004609693703260597,0.08358335915090481
9,89,444,Jaouen,NEW,EVE,GK,4.4,0.00031968390729793396,0.016349078330087592,0.0,2.2,0.007629478737651454,0.07568712986392585
9,83,489,Yates,NFO,BRE,MID,4.5,0.01684967908295565,0.004434033730013669,0.005161290322580645,1.7,0.008166074790914411,0.06813931712912216
9,81,39,Nedeljkovic,AVL,FUL,DEF,4.0,0.0,0.0,0.0,0.0,0.01142745666895705,0.01142745666895705
9,81,44,Bailey,AVL,FUL,MID,5.4,0.0,0.0,0.0,0.0,0.01142745666895705,0.01142745666895705
9,81,48,Onana,AVL,FUL,MID,4.9,0.0,0.0,0.0,0.0,0.01142745666895705,0.01142745666895705
9,81,49,Iling Jr,AVL,FUL,MID,5.0,0.0,0.0,0.0,0.0,0.01142745666895705,0.01142745666895705
9,81,36,Maatsen,AVL,FUL,DEF,4.4,0.0,0.0,0.0,0.0,0.01142745666895705,0.01142745666895705
9,81,607,Lynch,AVL,FUL,MID,4.5,0.0,0.0,0.0,0.0,0.01142745666895705,0.01142745666895705
9,81,618,Goretzka,AVL,FUL,MID,5.9,0.0,0.0,0.0,0.0,0.01142745666895705,0.01142745666895705
9,81,55,Watkins,AVL,FUL,FWD,7.8,0.0,0.0,0.0,0.0,0.01142745666895705,0.01142745666895705
9,81,582,Madjo,AVL,FUL,FWD,5.4,0.0,0.0,0.0,0.0,0.01142745666895705,0.01142745666895705
9,81,34,Pau,AVL,FUL,DEF,4.5,0.0,0.0,0.0,0.0,0.01142745666895705,0.01142745666895705
9,81,30,Digne,AVL,FUL,DEF,4.5,0.0,0.0,0.0,0.0,0.01142745666895705,0.01142745666895705
9,81,29,M.Bizot,AVL,FUL,GK,4.5,0.0,0.0,0.0,0.0,0.01142745666895705,0.01142745666895705
9,81,252,McNally,FUL,AVL,GK,4.0,0.0,0.0,0.0,0.0,0.01142745666895705,0.01142745666895705
9,81,266,Cairney,FUL,AVL,MID,4.9,0.0,0.0,0.0,0.0,0.01142745666895705,0.01142745666895705
9,81,610,De Fougerolles,FUL,AVL,DEF,4.0,0.0,0.0,0.0,0.0,0.01142745666895705,0.01142745666895705
9,90,518,P.M.Sarr,TOT,CRY,MID,4.9,0.0,0.0,0.0,0.0,0.011169040137738022,0.011169040137738022
9,90,521,Kulusevski,TOT,CRY,MID,6.5,0.0,0.0,0.0,0.0,0.011169040137738022,0.011169040137738022
9,90,517,Odobert,TOT,CRY,MID,5.5,0.0,0.0,0.0,0.0,0.011169040137738022,0.011169040137738022
9,90,528,Scarlett,TOT,CRY,FWD,4.5,0.0,0.0,0.0,0.0,0.011169040137738022,0.011169040137738022
9,90,578,Mudryk,TOT,CRY,MID,5.3,0.0,0.0,0.0,0.0,0.011169040137738022,0.011169040137738022
9,90,523,Moore,TOT,CRY,MID,5.0,0.0,0.0,0.0,0.0,0.011169040137738022,0.011169040137738022
9,90,527,Richarlison,TOT,CRY,FWD,5.9,0.0,0.0,0.0,0.0,0.011169040137738022,0.011169040137738022
9,90,511,Souza,TOT,CRY,DEF,4.0,0.0,0.0,0.0,0.0,0.011169040137738022,0.011169040137738022
9,90,513,Xavi,TOT,CRY,MID,5.9,0.0,0.0,0.0,0.0,0.011169040137738022,0.011169040137738022
9,90,494,Vicario,TOT,CRY,GK,4.5,0.0,0.0,0.0,0.0,0.011169040137738022,0.011169040137738022
9,90,500,Romero,TOT,CRY,DEF,5.0,0.0,0.0,0.0,0.0,0.011169040137738022,0.011169040137738022
9,90,505,Spence,TOT,CRY,DEF,4.5,0.0,0.0,0.0,0.0,0.011169040137738022,0.011169040137738022
9,90,507,Phillips,TOT,CRY,DEF,4.5,0.0,0.0,0.0,0.0,0.011169040137738022,0.011169040137738022
9,90,205,Sosa,CRY,TOT,DEF,4.5,0.0,0.0,0.0,0.0,0.011169040137738022,0.011169040137738022
9,90,198,Henderson,CRY,TOT,GK,5.0,0.0,0.0,0.0,0.0,0.011169040137738022,0.011169040137738022
9,90,225,Uche,CRY,TOT,FWD,5.0,0.0,0.0,0.0,0.0,0.011169040137738022,0.011169040137738022
9,90,153,Disasi,CRY,TOT,DEF,4.5,0.0,0.0,0.0,0.0,0.011169040137738022,0.011169040137738022
9,90,215,Devenny,CRY,TOT,MID,5.0,0.0,0.0,0.0,0.0,0.011169040137738022,0.011169040137738022
9,90,206,Chadi Riad,CRY,TOT,DEF,4.3,0.0,0.0,0.0,0.0,0.011169040137738022,0.011169040137738022
9,90,216,Esse,CRY,TOT,MID,5.0,0.0,0.0,0.0,0.0,0.011169040137738022,0.011169040137738022
9,90,223,Mateta,CRY,TOT,FWD,6.3,0.0,0.0,0.0,0.0,0.011169040137738022,0.011169040137738022
9,90,217,M.França,CRY,TOT,MID,4.9,0.0,0.0,0.0,0.0,0.011169040137738022,0.011169040137738022
9,90,219,J.Rak-Sakyi,CRY,TOT,MID,4.9,0.0,0.0,0.0,0.0,0.011169040137738022,0.011169040137738022
9,90,220,Cardines,CRY,TOT,DEF,4.5,0.0,0.0,0.0,0.0,0.011169040137738022,0.011169040137738022
9,85,171,Dovin,COV,SUN,GK,4.0,0.0,0.0,0.0,0.0,0.010575506784068878,0.010575506784068878
9,85,174,Kitching,COV,SUN,DEF,4.0,0.0,0.0,0.0,0.0,0.010575506784068878,0.010575506784068878
9,85,177,Kesler-Hayden,COV,SUN,DEF,3.9,0.0,0.0,0.0,0.0,0.010575506784068878,0.010575506784068878
9,85,180,Woolfenden,COV,SUN,DEF,4.0,0.0,0.0,0.0,0.0,0.010575506784068878,0.010575506784068878
9,85,181,Brau,COV,SUN,DEF,4.0,0.0,0.0,0.0,0.0,0.010575506784068878,0.010575506784068878
9,85,182,Amenda,COV,SUN,DEF,4.0,0.0,0.0,0.0,0.0,0.010575506784068878,0.010575506784068878
9,85,187,Eccles,COV,SUN,MID,4.8,0.0,0.0,0.0,0.0,0.010575506784068878,0.010575506784068878
9,85,191,Borges Rodrigues,COV,SUN,MID,4.5,0.0,0.0,0.0,0.0,0.010575506784068878,0.010575506784068878
9,85,192,Andrews,COV,SUN,MID,4.5,0.0,0.0,0.0,0.0,0.010575506784068878,0.010575506784068878
9,85,193,Wright,COV,SUN,FWD,5.4,0.0,0.0,0.0,0.0,0.010575506784068878,0.010575506784068878
9,85,196,Markelo,COV,SUN,FWD,5.0,0.0,0.0,0.0,0.0,0.010575506784068878,0.010575506784068878
9,85,197,Bassette,COV,SUN,FWD,4.5,0.0,0.0,0.0,0.0,0.010575506784068878,0.010575506784068878
9,85,492,Awoniyi,COV,SUN,FWD,5.4,0.0,0.0,0.0,0.0,0.010575506784068878,0.010575506784068878
9,85,543,Diarra,SUN,COV,MID,5.4,0.0,0.0,0.0,0.0,0.010575506784068874,0.010575506784068874
9,85,530,Patterson,SUN,COV,GK,4.0,0.0,0.0,0.0,0.0,0.010575506784068874,0.010575506784068874
9,85,537,Seelt,SUN,COV,DEF,4.5,0.0,0.0,0.0,0.0,0.010575506784068874,0.010575506784068874
9,85,538,Hjelde,SUN,COV,DEF,4.0,0.0,0.0,0.0,0.0,0.010575506784068874,0.010575506784068874
9,85,540,Masuaku,SUN,COV,DEF,4.0,0.0,0.0,0.0,0.0,0.010575506784068874,0.010575506784068874
9,85,546,Adingra,SUN,COV,MID,4.9,0.0,0.0,0.0,0.0,0.010575506784068874,0.010575506784068874
9,85,547,Mundle,SUN,COV,MID,4.9,0.0,0.0,0.0,0.0,0.010575506784068874,0.010575506784068874
9,86,298,Destan,HUL,IPS,FWD,4.5,0.0,0.0,0.0,0.0,0.009792670338937158,0.009792670338937158
9,86,297,Gyabi,HUL,IPS,MID,4.4,0.0,0.0,0.0,0.0,0.009792670338937158,0.009792670338937158
9,86,296,Akintola,HUL,IPS,MID,5.0,0.0,0.0,0.0,0.0,0.009792670338937158,0.009792670338937158
9,86,293,Kamara,HUL,IPS,MID,5.0,0.0,0.0,0.0,0.0,0.009792670338937158,0.009792670338937158
9,86,291,Matazo,HUL,IPS,MID,4.5,0.0,0.0,0.0,0.0,0.009792670338937158,0.009792670338937158
9,86,287,Millar,HUL,IPS,MID,5.0,0.0,0.0,0.0,0.0,0.009792670338937158,0.009792670338937158
9,86,299,Burstow,HUL,IPS,FWD,4.5,0.0,0.0,0.0,0.0,0.009792670338937158,0.009792670338937158
9,86,563,Morita,HUL,IPS,MID,5.0,0.0,0.0,0.0,0.0,0.009792670338937158,0.009792670338937158
9,86,632,Ansah,HUL,IPS,FWD,5.0,0.0,0.0,0.0,0.0,0.009792670338937158,0.009792670338937158
9,86,274,Butland,HUL,IPS,GK,4.4,0.0,0.0,0.0,0.0,0.009792670338937158,0.009792670338937158
9,86,275,Cartwright,HUL,IPS,GK,4.0,0.0,0.0,0.0,0.0,0.009792670338937158,0.009792670338937158
9,86,276,Lo-Tutala,HUL,IPS,GK,4.0,0.0,0.0,0.0,0.0,0.009792670338937158,0.009792670338937158
9,86,278,Hughes,HUL,IPS,DEF,3.9,0.0,0.0,0.0,0.0,0.009792670338937158,0.009792670338937158
9,86,281,Drameh,HUL,IPS,DEF,4.0,0.0,0.0,0.0,0.0,0.009792670338937158,0.009792670338937158
9,86,283,Jacob,HUL,IPS,DEF,4.0,0.0,0.0,0.0,0.0,0.009792670338937158,0.009792670338937158
9,86,311,Burns,IPS,HUL,MID,5.0,0.0,0.0,0.0,0.0,0.009792670338937158,0.009792670338937158
9,86,312,Taylor,IPS,HUL,MID,4.4,0.0,0.0,0.0,0.0,0.009792670338937158,0.009792670338937158
9,86,314,Ogbene,IPS,HUL,MID,4.9,0.0,0.0,0.0,0.0,0.009792670338937158,0.009792670338937158
9,86,315,Fatawu,IPS,HUL,MID,5.4,0.0,0.0,0.0,0.0,0.009792670338937158,0.009792670338937158
9,86,317,Hirst,IPS,HUL,FWD,5.0,0.0,0.0,0.0,0.0,0.009792670338937158,0.009792670338937158
9,86,319,Szmodics,IPS,HUL,MID,5.0,0.0,0.0,0.0,0.0,0.009792670338937158,0.009792670338937158
9,86,322,Al-Hamadi,IPS,HUL,FWD,5.0,0.0,0.0,0.0,0.0,0.009792670338937158,0.009792670338937158
9,86,554,Van Oevelen,IPS,HUL,GK,4.5,0.0,0.0,0.0,0.0,0.009792670338937158,0.009792670338937158
9,86,602,Humphreys,IPS,HUL,MID,4.5,0.0,0.0,0.0,0.0,0.009792670338937158,0.009792670338937158
9,86,307,Johnson,IPS,HUL,DEF,4.0,0.0,0.0,0.0,0.0,0.009792670338937158,0.009792670338937158
9,83,103,Dasilva,BRE,NFO,MID,4.9,0.0,0.0,0.0,0.0,0.0074872710557492,0.0074872710557492
9,83,107,Furo,BRE,NFO,FWD,4.5,0.0,0.0,0.0,0.0,0.0074872710557492,0.0074872710557492
9,83,99,Milambo,BRE,NFO,MID,5.0,0.0,0.0,0.0,0.0,0.0074872710557492,0.0074872710557492
9,83,84,Collins,BRE,NFO,DEF,5.4,0.0,0.0,0.0,0.0,0.0074872710557492,0.0074872710557492
9,83,85,Van den Berg,BRE,NFO,DEF,4.9,0.0,0.0,0.0,0.0,0.0074872710557492,0.0074872710557492
9,83,97,Jensen,BRE,NFO,MID,5.4,0.0,0.0,0.0,0.0,0.0074872710557492,0.0074872710557492
9,83,470,Morato,NFO,BRE,DEF,5.0,0.0,0.0,0.0,0.0,0.0074872710557492,0.0074872710557492
9,83,471,Milenković,NFO,BRE,DEF,5.4,0.0,0.0,0.0,0.0,0.0074872710557492,0.0074872710557492
9,83,479,Bindon,NFO,BRE,DEF,4.0,0.0,0.0,0.0,0.0,0.0074872710557492,0.0074872710557492
9,83,477,Abbott,NFO,BRE,DEF,4.0,0.0,0.0,0.0,0.0,0.0074872710557492,0.0074872710557492
9,83,475,Savona,NFO,BRE,DEF,4.5,0.0,0.0,0.0,0.0,0.0074872710557492,0.0074872710557492
9,83,485,Bakwa,NFO,BRE,MID,5.5,0.0,0.0,0.0,0.0,0.0074872710557492,0.0074872710557492
9,83,484,Hutchinson,NFO,BRE,MID,5.4,0.0,0.0,0.0,0.0,0.0074872710557492,0.0074872710557492
9,89,448,Burn,NEW,EVE,DEF,4.8,0.0,0.0,0.0,0.0,0.006963890932006696,0.006963890932006696
9,89,451,A.Murphy,NEW,EVE,DEF,4.0,0.0,0.0,0.0,0.0,0.006963890932006696,0.006963890932006696
9,89,463,Woltemade,NEW,EVE,FWD,5.9,0.0,0.0,0.0,0.0,0.006963890932006696,0.006963890932006696
9,89,465,Osula,NEW,EVE,FWD,5.8,0.0,0.0,0.0,0.0,0.006963890932006696,0.006963890932006696
9,89,466,Neave,NEW,EVE,FWD,4.5,0.0,0.0,0.0,0.0,0.006963890932006696,0.006963890932006696
9,89,454,Elanga,NEW,EVE,MID,6.1,0.0,0.0,0.0,0.0,0.006963890932006696,0.006963890932006696
9,89,456,J.Ramsey,NEW,EVE,MID,4.9,0.0,0.0,0.0,0.0,0.006963890932006696,0.006963890932006696
9,89,458,Joelinton,NEW,EVE,MID,5.4,0.0,0.0,0.0,0.0,0.006963890932006696,0.006963890932006696
9,89,593,Dedić,NEW,EVE,DEF,4.5,0.0,0.0,0.0,0.0,0.006963890932006696,0.006963890932006696
9,89,609,Shahar,NEW,EVE,DEF,4.0,0.0,0.0,0.0,0.0,0.006963890932006696,0.006963890932006696
9,89,234,Patterson,EVE,NEW,DEF,4.5,0.0,0.0,0.0,0.0,0.006963890932006696,0.006963890932006696
9,89,246,Röhl,EVE,NEW,MID,4.9,0.0,0.0,0.0,0.0,0.006963890932006696,0.006963890932006696
9,89,235,Aznou,EVE,NEW,DEF,4.0,0.0,0.0,0.0,0.0,0.006963890932006696,0.006963890932006696
9,89,248,Beto,EVE,NEW,FWD,5.4,0.0,0.0,0.0,0.0,0.006963890932006696,0.006963890932006696
9,89,21,Nørgaard,EVE,NEW,MID,4.9,0.0,0.0,0.0,0.0,0.006963890932006696,0.006963890932006696
9,82,59,Dennis,BOU,LEE,GK,4.0,0.0,0.0,0.0,0.0,0.006529970758585702,0.006529970758585702
9,82,63,Milosavljević,BOU,LEE,DEF,4.9,0.0,0.0,0.0,0.0,0.006529970758585702,0.006529970758585702
9,82,65,J.Araujo,BOU,LEE,DEF,4.4,0.0,0.0,0.0,0.0,0.006529970758585702,0.006529970758585702
9,82,70,Kluivert,BOU,LEE,MID,6.0,0.0,0.0,0.0,0.0,0.006529970758585702,0.006529970758585702
9,82,77,Adli,BOU,LEE,MID,4.9,0.0,0.0,0.0,0.0,0.006529970758585702,0.006529970758585702
9,82,78,Kroupi.Jr,BOU,LEE,MID,7.4,0.0,0.0,0.0,0.0,0.006529970758585702,0.006529970758585702
9,82,80,Enes Ünal,BOU,LEE,FWD,5.5,0.0,0.0,0.0,0.0,0.006529970758585702,0.006529970758585702
9,82,342,Harrison,LEE,BOU,MID,5.0,0.0,0.0,0.0,0.0,0.006529970758585702,0.006529970758585702
9,82,341,Gnonto,LEE,BOU,MID,5.0,0.0,0.0,0.0,0.0,0.006529970758585702,0.006529970758585702
9,82,333,Bornauw,LEE,BOU,DEF,4.5,0.0,0.0,0.0,0.0,0.006529970758585702,0.006529970758585702
9,82,329,Rodon,LEE,BOU,DEF,4.3,0.0,0.0,0.0,0.0,0.006529970758585702,0.006529970758585702
9,82,349,Mateo Joseph,LEE,BOU,FWD,4.5,0.0,0.0,0.0,0.0,0.006529970758585702,0.006529970758585702
9,82,348,Piroe,LEE,BOU,FWD,5.0,0.0,0.0,0.0,0.0,0.006529970758585702,0.006529970758585702
9,82,260,Wilson,LEE,BOU,MID,6.2,0.0,0.0,0.0,0.0,0.006529970758585702,0.006529970758585702
9,82,326,Perri,LEE,BOU,GK,4.5,0.0,0.0,0.0,0.0,0.006529970758585702,0.006529970758585702
9,87,353,Pecsi,LIV,ARS,GK,4.0,0.0,0.0,0.0,0.0,0.004776636475360526,0.004776636475360526
9,87,354,Jaros,LIV,ARS,GK,4.0,0.0,0.0,0.0,0.0,0.004776636475360526,0.004776636475360526
9,87,360,Bradley,LIV,ARS,DEF,5.0,0.0,0.0,0.0,0.0,0.004776636475360526,0.004776636475360526
9,87,363,Leoni,LIV,ARS,DEF,4.0,0.0,0.0,0.0,0.0,0.004776636475360526,0.004776636475360526
9,87,365,Ramsay,LIV,ARS,DEF,4.0,0.0,0.0,0.0,0.0,0.004776636475360526,0.004776636475360526
9,87,370,Chiesa,LIV,ARS,MID,5.3,0.0,0.0,0.0,0.0,0.004776636475360526,0.004776636475360526
9,87,373,C.Jones,LIV,ARS,MID,5.5,0.0,0.0,0.0,0.0,0.004776636475360526,0.004776636475360526
9,87,376,Bajcetic,LIV,ARS,MID,5.0,0.0,0.0,0.0,0.0,0.004776636475360526,0.004776636475360526
9,87,380,Ekitiké,LIV,ARS,FWD,7.4,0.0,0.0,0.0,0.0,0.004776636475360526,0.004776636475360526
9,87,383,Elliott,LIV,ARS,MID,5.4,0.0,0.0,0.0,0.0,0.004776636475360526,0.004776636475360526
9,87,6,Saliba,ARS,LIV,DEF,5.9,0.0,0.0,0.0,0.0,0.004776636475360525,0.004776636475360525
9,87,27,G.Jesus,ARS,LIV,FWD,5.9,0.0,0.0,0.0,0.0,0.004776636475360525,0.004776636475360525
9,87,24,Nelson,ARS,LIV,MID,5.5,0.0,0.0,0.0,0.0,0.004776636475360525,0.004776636475360525
9,87,23,Fábio Vieira,ARS,LIV,MID,5.5,0.0,0.0,0.0,0.0,0.004776636475360525,0.004776636475360525
9,87,22,Nwaneri,ARS,LIV,MID,5.4,0.0,0.0,0.0,0.0,0.004776636475360525,0.004776636475360525
9,87,18,Martinelli,ARS,LIV,MID,6.3,0.0,0.0,0.0,0.0,0.004776636475360525,0.004776636475360525
9,84,140,Sánchez,CHE,MUN,GK,4.9,0.0,0.0,0.0,0.0,0.0042502722486570405,0.0042502722486570405
9,84,163,D.Essugo,CHE,MUN,MID,4.5,0.0,0.0,0.0,0.0,0.0042502722486570405,0.0042502722486570405
9,84,168,Marc Guiu,CHE,MUN,FWD,5.0,0.0,0.0,0.0,0.0,0.0042502722486570405,0.0042502722486570405
9,84,170,Emegha,CHE,MUN,FWD,5.0,0.0,0.0,0.0,0.0,0.0042502722486570405,0.0042502722486570405
9,84,143,Chalobah,CHE,MUN,DEF,5.5,0.0,0.0,0.0,0.0,0.0042502722486570405,0.0042502722486570405
9,84,146,B.Badiashile,CHE,MUN,DEF,4.5,0.0,0.0,0.0,0.0,0.0042502722486570405,0.0042502722486570405
9,84,150,M.Sarr,CHE,MUN,DEF,4.5,0.0,0.0,0.0,0.0,0.0042502722486570405,0.0042502722486570405
9,84,141,Jörgensen,CHE,MUN,GK,5.0,0.0,0.0,0.0,0.0,0.0042502722486570405,0.0042502722486570405
9,84,413,Bayindir,MUN,CHE,GK,4.5,0.0,0.0,0.0,0.0,0.0042502722486570405,0.0042502722486570405
9,84,414,Heaton,MUN,CHE,GK,4.0,0.0,0.0,0.0,0.0,0.0042502722486570405,0.0042502722486570405
9,84,416,De Ligt,MUN,CHE,DEF,5.0,0.0,0.0,0.0,0.0,0.0042502722486570405,0.0042502722486570405
9,84,425,Fredricson,MUN,CHE,DEF,4.0,0.0,0.0,0.0,0.0,0.0042502722486570405,0.0042502722486570405
9,84,431,Amad,MUN,CHE,MID,5.7,0.0,0.0,0.0,0.0,0.0042502722486570405,0.0042502722486570405
9,84,433,Ugarte,MUN,CHE,MID,5.0,0.0,0.0,0.0,0.0,0.0042502722486570405,0.0042502722486570405
9,84,436,Collyer,MUN,CHE,MID,5.0,0.0,0.0,0.0,0.0,0.0042502722486570405,0.0042502722486570405
9,84,441,Obi,MUN,CHE,FWD,4.5,0.0,0.0,0.0,0.0,0.0042502722486570405,0.0042502722486570405
9,88,394,Alleyne,MCI,BHA,DEF,5.0,0.0,0.0,0.0,0.0,0.0019187574274967152,0.0019187574274967152
9,88,398,Foden,MCI,BHA,MID,6.9,0.0,0.0,0.0,0.0,0.0019187574274967152,0.0019187574274967152
9,88,410,Monga,MCI,BHA,MID,4.9,0.0,0.0,0.0,0.0,0.0019187574274967152,0.0019187574274967152
9,88,409,Mukasa,MCI,BHA,MID,4.5,0.0,0.0,0.0,0.0,0.0019187574274967152,0.0019187574274967152
9,88,408,Phillips,MCI,BHA,MID,5.0,0.0,0.0,0.0,0.0,0.0019187574274967152,0.0019187574274967152
9,88,407,Echeverri,MCI,BHA,MID,4.9,0.0,0.0,0.0,0.0,0.0019187574274967152,0.0019187574274967152
9,88,404,Reijnders,MCI,BHA,MID,6.0,0.0,0.0,0.0,0.0,0.0019187574274967152,0.0019187574274967152
9,88,402,Rodrigo,MCI,BHA,MID,6.5,0.0,0.0,0.0,0.0,0.0019187574274967152,0.0019187574274967152
9,88,139,Ferguson,BHA,MCI,FWD,5.0,0.0,0.0,0.0,0.0,0.0019187574274967148,0.0019187574274967148
9,88,137,Tzimas,BHA,MCI,FWD,5.4,0.0,0.0,0.0,0.0,0.0019187574274967148,0.0019187574274967148
9,88,135,Yohanna,BHA,MCI,MID,4.9,0.0,0.0,0.0,0.0,0.0019187574274967148,0.0019187574274967148
9,88,133,Watson,BHA,MCI,MID,5.0,0.0,0.0,0.0,0.0,0.0019187574274967148,0.0019187574274967148
9,88,132,Howell,BHA,MCI,MID,4.5,0.0,0.0,0.0,0.0,0.0019187574274967148,0.0019187574274967148
9,88,624,Cozier-Duberry,BHA,MCI,MID,5.0,0.0,0.0,0.0,0.0,0.0019187574274967148,0.0019187574274967148
9,88,652,Azeez,BHA,MCI,MID,5.5,0.0,0.0,0.0,0.0,0.0019187574274967148,0.0019187574274967148
9,88,118,Igor,BHA,MCI,DEF,4.5,0.0,0.0,0.0,0.0,0.0019187574274967148,0.0019187574274967148
9,88,121,Mitoma,BHA,MCI,MID,5.9,0.0,0.0,0.0,0.0,0.0019187574274967148,0.0019187574274967148
9,88,122,Minteh,BHA,MCI,MID,5.8,0.0,0.0,0.0,0.0,0.0019187574274967148,0.0019187574274967148
9,88,123,Hinshelwood,BHA,MCI,MID,5.9,0.0,0.0,0.0,0.0,0.0019187574274967148,0.0019187574274967148
9,88,130,Wieffer,BHA,MCI,DEF,4.9,0.0,0.0,0.0,0.0,0.0019187574274967148,0.0019187574274967148
9,88,128,Buonanotte,BHA,MCI,MID,5.0,0.0,0.0,0.0,0.0,0.0019187574274967148,0.0019187574274967148
10,98,426,B.Fernandes,MUN,AVL,MID,11.9,4.499344114977491,0.31320170016615423,0.08738709677419355,85.7,2.6520834249333776,9.337759477886365
10,99,411,Haaland,MCI,NFO,FWD,15.6,3.3717720311991317,0.0,0.007073684210526316,84.7,2.240465394542347,7.436020896609643
10,91,12,Saka,ARS,HUL,MID,9.5,3.1729230336413723,0.5031902306445342,0.08099999999999999,73.8,1.039125668114687,6.485649940093452
10,98,427,Mbeumo,MUN,AVL,MID,7.9,3.56935490702151,0.30383686527746523,0.0847741935483871,82.0,0.5034119452707266,6.117028337248408
10,92,124,Groß,BHA,BRE,MID,5.8,2.036736640494233,0.21059931783796432,0.08661290322580645,85.5,1.9580096790258252,5.908218598374449
10,91,4,Gabriel,ARS,HUL,DEF,8.0,1.0034005624374345,2.0096556610960126,0.6052865853658537,83.1,0.6958388255484345,5.87437226805655
10,94,229,Tarkowski,EVE,COV,DEF,6.1,0.4917956609874019,1.1952287788389022,0.8662902439024391,87.6,1.1751058697826797,5.502629398720269
10,100,40,Rogers,CHE,SUN,MID,7.7,2.177121894663285,0.1518812038221433,0.09,86.7,1.1911575479012093,5.3371509601894696
10,100,542,E.Le Fée,SUN,CHE,MID,5.7,2.6282039615867694,0.2536391829398586,0.08603225806451613,82.8,0.5430593912316103,5.2669180849301895
10,97,335,Stach,LEE,TOT,MID,6.0,1.7875120352325242,0.32932150700430346,0.7256854838709678,79.9,0.5862131682011098,5.141374297667768
10,93,368,Szoboszlai,LIV,CRY,MID,7.0,1.7979374202941978,0.28457538808739996,0.3152177419354839,85.5,1.0718835944434688,5.140754779232161
10,99,480,Gibbs-White,NFO,MCI,MID,8.0,2.528398157447562,0.2067903702071094,0.08738709677419355,85.4,0.42169133867621056,5.091245415803618
10,96,68,Tavernier,BOU,IPS,MID,6.1,1.743044499267317,0.23261013037468298,0.0847741935483871,79.3,1.4595266738546364,5.0648752190428
10,91,1,Raya,ARS,HUL,GK,6.1,0.003129397434812241,2.5656365157810015,0.0,87.6,0.5252181239057832,4.968635142772702
10,94,236,Dewsbury-Hall,EVE,COV,MID,6.6,2.0010192641625153,0.3399268687703855,0.08419354838709678,82.2,0.8750450103227083,4.908827198875551
10,93,356,Virgil,LIV,CRY,DEF,6.5,0.8019658342532618,0.8271085104239104,0.8719646341463415,88.2,0.48826351566343057,4.745943642812303
10,91,8,Calafiori,ARS,HUL,DEF,5.8,0.8395653204275493,1.8895383112374002,0.16010853658536586,70.2,0.21906526084776512,4.6784456092239735
10,99,397,Semenyo,MCI,NFO,MID,8.4,1.7878079889802354,0.28954292744395366,0.08864516129032259,86.6,0.7098243499313195,4.661490882191286
10,98,428,Cunha,MUN,AVL,MID,7.9,2.1031625980321706,0.29932787070142974,0.08351612903225807,75.1,0.448503805838464,4.646800169118831
10,95,569,Gonzalo,FUL,NEW,FWD,6.0,2.734849767955345,0.0,0.0066236842105263155,75.2,0.25445549227382813,4.639163973129229
10,97,346,Calvert-Lewin,LEE,TOT,FWD,6.0,2.8543942481529614,0.0,0.006907894736842106,78.7,0.2570853743925299,4.628334787557668
10,97,330,Bogle,LEE,TOT,DEF,4.6,1.4160318394727047,1.1231509013204968,0.17283109756097562,71.9,0.3115073098347067,4.593529539258177
10,97,334,Muharemović,LEE,TOT,DEF,5.0,0.7098043828233251,1.0671841519908232,0.7934689024390245,78.3,0.2986723561198322,4.527020197493757
10,92,106,Thiago,BRE,BHA,FWD,7.8,2.6620144418058826,0.0,0.007231578947368421,85.9,0.13792181056275754,4.420471103748122
10,94,226,Pickford,EVE,COV,GK,5.5,0.006451081902639591,1.8336081127636765,0.0,88.2,0.7157167871787794,4.401508039261364
10,96,69,Scott,BOU,IPS,MID,6.1,0.7283024107929555,0.23792086394488124,0.5347096774193548,82.5,1.1534909827183566,4.339429228081556
10,97,332,Justin,LEE,TOT,DEF,4.5,0.7579580597773483,1.0404727489016605,0.5691085365853659,77.2,0.32294226142594984,4.289503073337782
10,100,533,Mukiele,SUN,CHE,DEF,5.4,1.3726684815225179,0.5928012369662978,0.6337121951219513,75.4,0.13636005767316656,4.214514193506156
10,95,261,Iwobi,FUL,NEW,MID,5.4,1.4846857236212256,0.28801228967077175,0.08351612903225807,75.4,0.6185713764214218,4.202542501693685
10,100,544,Xhaka,SUN,CHE,MID,5.5,1.0137638793131385,0.2519273324363275,0.5269516129032258,84.2,0.8819588101168545,4.198848373093844
10,99,388,Guéhi,MCI,NFO,DEF,6.0,0.991439451239761,0.8249300840401078,0.17674573170731708,86.3,0.37487356808592276,4.14032649741077
10,91,15,Ødegaard,ARS,HUL,MID,6.8,1.5595084247285809,0.46772042944020026,0.07529032258064516,61.7,0.42274091516969137,4.1302600919191175
10,92,94,Schade,BRE,BHA,MID,6.2,1.749837704706728,0.1417015029838854,0.08545161290322581,81.9,0.39492803564032164,4.094941063293276
10,100,552,Brobbey,SUN,CHE,FWD,5.7,2.2525650129993524,0.0,0.006544736842105263,70.0,0.3044663842704824,4.073230021225891
10,96,305,Davis,IPS,BOU,DEF,4.0,1.397459977060668,0.7056216154644193,0.1642189024390244,78.3,0.10778902249589976,4.032979921580763
10,98,43,Tielemans,MUN,AVL,MID,5.8,0.9410299520487059,0.3069584769070282,0.5281451612903226,76.8,0.42514624597254874,4.026279836218606
10,96,67,Rayan,BOU,IPS,MID,6.3,1.7329387199072848,0.2310169103036235,0.08419354838709678,79.0,0.2061111686761794,4.009801997754233
10,92,115,De Cuyper,BHA,BRE,DEF,4.9,1.6747887860246915,0.3563507369660515,0.15364939024390245,67.1,0.39317908901699145,4.004013293409077
10,97,385,Trafford,LEE,TOT,GK,5.0,0.0070191009742414,1.721090786655572,0.0,78.3,0.4894400239060069,3.9366862751721836
10,94,230,Branthwaite,EVE,COV,DEF,5.5,0.6877410219384014,0.9394811362052505,0.6809268292682927,68.4,0.1769576943724533,3.9150785241013724
10,94,233,Mykolenko,EVE,COV,DEF,4.6,0.13133290013965085,1.1599982362312053,0.6185054878048781,85.0,0.3032567112134391,3.867222644704018
10,94,249,Barry,EVE,COV,FWD,5.6,2.0792398694070546,0.0,0.006402631578947369,70.0,0.15896869825624993,3.8551795354879617
10,96,566,Silva,BOU,IPS,DEF,5.0,0.7513238292515779,0.5298433185523506,1.0032189024390243,78.3,0.06996462935836359,3.85405926554025
10,95,250,Leno,FUL,NEW,GK,4.5,0.0,1.5899269843564972,0.0,88.2,0.4027679609067947,3.8524939883254934
10,97,338,Ampadu,LEE,TOT,MID,5.4,0.5081768980969701,0.34699804063580636,0.7646370967741936,86.1,0.49459519542724517,3.8258344949174274
10,93,367,Gakpo,LIV,CRY,MID,7.2,1.5043447930394915,0.22822382608989503,0.28891244239631336,66.0,0.2823085290516471,3.8168456923702907
10,95,449,Hall,NEW,FUL,DEF,5.3,0.5877694045433185,0.12306160981846509,0.7859030487804878,78.4,0.6788825605886919,3.8109275141134056
10,96,591,Enciso,IPS,BOU,MID,5.5,1.5215350270885697,0.25406303383577783,0.08119354838709678,73.6,0.3803485080483977,3.8022140107244993
10,94,173,Thomas,COV,EVE,DEF,4.0,0.5583307008050508,0.590218077918744,0.7934689024390245,76.7,0.1658410136822174,3.7662901163402056
10,97,112,Van Hecke,TOT,LEE,DEF,4.9,0.9156924631457504,0.2618315823331465,0.41319329268292687,88.4,0.4758280092493614,3.7540612541420453
10,93,379,Isak,LIV,CRY,FWD,9.1,1.9300759443661084,0.0,0.005731578947368421,61.9,0.3679169778986652,3.7367717205195925
10,96,259,Diop,IPS,BOU,DEF,4.0,0.49180867047790067,0.7131908580617727,0.8019804878048781,80.8,0.08092947511256428,3.728355976007049
10,93,366,Wirtz,LIV,CRY,MID,7.3,1.2927404858861835,0.26610459832155114,0.08225806451612903,73.1,0.4272598748744561,3.7271107595989066
10,99,399,Cherki,MCI,NFO,MID,7.8,1.5339893907755704,0.22316299866313458,0.09109677419354838,54.3,0.46134248200412775,3.7164498355850686
10,96,316,Emersonn,IPS,BOU,FWD,5.5,1.6493665413299372,0.0,0.007569924812030076,61.4,0.40795739509277806,3.7152041358952888
10,100,532,Ballard,SUN,CHE,DEF,4.9,0.7509075499512865,0.6180901228594649,0.7859030487804878,77.5,0.07331650846102475,3.706784544992713
10,97,336,Okafor,LEE,TOT,MID,5.8,1.680164488155037,0.27283345387754426,0.07852534562211981,53.2,0.21803120211682828,3.681410067080855
10,91,31,Konsa,ARS,HUL,DEF,4.6,0.18450388474687474,1.5569056500904743,0.4005642276422765,65.1,0.06675235578656268,3.645726118266188
10,95,268,King,FUL,NEW,MID,5.5,1.557341148650643,0.25764251173329755,0.07470967741935484,65.1,0.3183472708296537,3.619621281003114
10,98,412,Lammens,MUN,AVL,GK,4.9,0.0,1.6054838478214142,0.0,86.0,0.10332813248069306,3.564811980302107
10,99,481,Anderson,MCI,NFO,MID,6.3,0.6540805927686089,0.2939682560293416,0.555,83.4,0.32135459605719413,3.5414279444766095
10,95,453,Barnes,NEW,FUL,MID,6.1,1.213717555459016,0.1488811378284038,0.07722580645161291,73.7,0.43555810644247084,3.5007777881394735
10,92,127,Gomez,BHA,BRE,MID,5.0,1.2785251165253517,0.198598686318706,0.2926774193548387,74.7,0.12983327663113836,3.4643869146718402
10,96,304,O'Shea,IPS,BOU,DEF,4.0,0.4383852904626988,0.7056216154644193,0.5837189024390245,78.3,0.06217332170943587,3.4477895341963305
10,96,61,Truffert,BOU,IPS,DEF,5.4,0.4913090161434773,0.5822592845116416,0.4109646341463415,87.9,0.22080764031594552,3.447585475273496
10,98,418,Maguire,MUN,AVL,DEF,4.8,0.685843835417512,0.8601399094607827,0.35569390243902443,75.0,0.0992219640617467,3.420959188349498
10,99,469,N.Williams,NFO,MCI,DEF,5.0,0.7352859694303939,0.37804872915134213,0.40517012195121954,86.3,0.10899542438096303,3.4143215488051566
10,99,472,Murillo,NFO,MCI,DEF,5.5,0.44154573826641474,0.3481042753571765,1.0008274390243903,78.7,0.0592737130452822,3.396305702214718
10,92,504,Vuskovic,BHA,BRE,DEF,5.0,0.6047173473949479,0.38086403606944874,0.5837189024390245,76.7,0.15595987247587823,3.3836915798744682
10,95,258,Castagne,FUL,NEW,DEF,4.5,0.8034571193479156,0.8107412372304594,0.15736829268292685,70.9,0.17435930763616014,3.3674565464669355
10,93,362,Jacquet,LIV,CRY,DEF,5.0,0.32305854454656097,0.7526508028694802,0.37396890243902436,73.9,0.2973142579608669,3.3290802005519975
10,99,384,Donnarumma,MCI,NFO,GK,5.5,0.0,1.4275122482823401,0.0,87.4,0.14095390020718018,3.3288315673843507
10,92,109,Verbruggen,BHA,BRE,GK,4.5,0.06627344783067868,0.960652536487568,0.0,88.2,0.4414371784675728,3.3281622058480202
10,93,204,Mitchell,CRY,LIV,DEF,4.5,0.831685193379355,0.3321027798854985,0.17792012195121953,82.1,0.1850317912290843,3.3164720002523533
10,92,86,Lewis-Potter,BRE,BHA,MID,5.5,1.2839479452532767,0.13127047501791422,0.0904700460829493,70.4,0.14383167880462105,3.3160170602038486
10,98,417,Dalot,MUN,AVL,DEF,4.9,0.7776129381677211,0.8321153008818598,0.1726912891986063,69.8,0.07305546430148303,3.312165091157805
10,93,644,Timber,CRY,LIV,MID,5.0,0.9105632622628963,0.17769002331302924,0.37220430107526886,71.5,0.28963346734972334,3.3075402503816314
10,96,60,Hill,BOU,IPS,DEF,5.5,0.37939031427236775,0.5165814476469879,0.7736085365853659,77.8,0.12994156451880212,3.306993179422527
10,91,26,Havertz,ARS,HUL,FWD,7.6,1.753002718772822,0.0,0.00568421052631579,61.3,0.16596645294435247,3.2881905871770662
10,99,391,Gvardiol,MCI,NFO,DEF,5.7,0.7028438782848717,0.7107371045218204,0.15227926829268293,70.9,0.24715576862001196,3.2878394583200854
10,95,445,Thiaw,NEW,FUL,DEF,5.0,0.427413114052728,0.13165074744719074,0.8407554878048781,84.7,0.11427852518400139,3.2857286541040533
10,100,541,Meunier,SUN,CHE,DEF,4.5,0.7486616490172567,0.6240404489519746,0.1642189024390244,71.5,0.07643108794982777,3.2737401702435482
10,95,257,Bassey,FUL,NEW,DEF,4.5,0.37619059603885374,0.8641856222717705,0.1677420731707317,82.0,0.24544986636728122,3.25041587674375
10,93,350,A.Becker,LIV,CRY,GK,5.5,0.0,1.279325617906766,0.0,80.7,0.3203884323822256,3.2403877099626515
10,100,156,Neto,CHE,SUN,MID,6.5,1.1203190252363255,0.1270576092189543,0.08604608294930875,66.8,0.2933012803668549,3.224254258344236
10,93,588,Khalaili,CRY,LIV,DEF,5.0,0.8890014572422772,0.26707055236116545,0.5812341463414634,66.4,0.08306756576832001,3.2193329742363295
10,98,41,Buendía,AVL,MUN,MID,5.9,1.1474916735991565,0.09104269861140886,0.281233870967742,66.1,0.15497816862689817,3.2179164497483583
10,94,239,Garner,EVE,COV,MID,6.0,0.6546448196145649,0.32468876775654065,0.3293364055299539,73.4,0.5037025997953953,3.212696415542418
10,99,390,Rúben,MCI,NFO,DEF,5.5,0.505735643973322,0.7591549278375742,0.1626530487804878,78.9,0.09964383048717847,3.180827894786327
10,95,254,Robinson,FUL,NEW,DEF,4.5,0.5244473612423336,0.7915819293854609,0.15364939024390245,70.9,0.22016610956092786,3.1759906010805308
10,93,210,Wharton,CRY,LIV,MID,5.4,0.7322701676891633,0.19049253430949595,0.2992661290322581,78.9,0.3068800904243501,3.16064604823465
10,92,138,Kostoulas,BHA,BRE,FWD,5.6,1.5360404433653798,0.0,0.006595488721804511,64.2,0.23050513260116356,3.15828040989698
10,91,557,Tzolis,ARS,HUL,MID,6.3,0.8262855485116535,0.504392596787054,0.09279262672811059,67.1,0.22778743517212946,3.1480425663414384
10,100,551,N.Angulo,SUN,CHE,MID,5.0,1.0174577530306046,0.23937376207709937,0.10825806451612903,60.9,0.2023453804976843,3.1450445987519577
10,94,176,Dasilva,COV,EVE,DEF,4.0,0.6178770623999655,0.590218077918744,0.1642189024390244,77.6,0.1052938926776773,3.135710132610294
10,93,202,Richards,CRY,LIV,DEF,5.0,0.19144845892839132,0.3200462433219986,0.8284609756097562,83.8,0.1275923322293865,3.1251807087576298
10,97,455,Tonali,TOT,LEE,MID,5.3,0.3741033237112452,0.18937904212875648,0.3166048387096774,81.4,0.4292991402033748,3.1206325173843785
10,94,183,Rudoni,COV,EVE,MID,4.9,1.0211255347740305,0.20332993796314316,0.28970506912442395,57.7,0.13925565644060517,3.112244315278677
10,99,237,Ndiaye,MCI,NFO,MID,5.8,0.7373714402386184,0.2294848966422602,0.4951520737327189,67.0,0.11886606907175538,3.1027453797115925
10,92,98,Janelt,BRE,BHA,MID,5.0,0.820620547070966,0.12388851676507308,0.6537096774193549,72.0,0.336076307109203,3.0890185173642166
10,96,57,Petrović,BOU,IPS,GK,4.5,0.0,1.0951280363283447,0.0,88.2,0.13121540396352735,3.086142483354073
10,99,486,McAtee,NFO,MCI,MID,5.5,0.963222125852317,0.19213413134414703,0.2909435483870968,74.0,0.1394050482250697,3.0729946355626323
10,100,154,Palmer,CHE,SUN,MID,9.7,1.4120873036388333,0.10174407524859706,0.06029032258064516,56.7,0.34413936255954486,3.06573868057272
10,96,79,Evanilson,BOU,IPS,FWD,6.0,1.1690442757025956,0.0,0.006971052631578947,78.6,0.15943910837096373,3.042792902389135
10,96,619,Palacios,IPS,BOU,MID,5.0,0.6567903724929017,0.20591521216725736,0.5410752688172044,60.5,0.23277710393652373,3.007303246704021
10,91,286,Belloumi,HUL,ARS,MID,5.1,0.5056345881982733,0.15887844458371528,0.33250691244239633,71.2,0.4338670060473915,2.9981061744994806
10,100,529,Roefs,SUN,CHE,GK,4.9,0.0036495027492783575,1.027441197621067,0.0,86.3,0.15445667759888915,2.9877724861943427
10,97,598,Elvedi,LEE,TOT,DEF,4.5,0.5291400762959857,0.7657268885559898,0.35777398373983743,56.7,0.07880199411504737,2.9719209829103503
10,91,13,Rice,ARS,HUL,MID,7.4,0.8129458150740235,0.4070009392429506,0.2347661290322581,60.3,0.21089401054938758,2.964989723346615
10,95,459,L.Miley,NEW,FUL,MID,5.5,0.5284785109692739,0.1440303739392578,0.46070967741935487,67.0,0.3038194155295027,2.9574567812761923
10,95,580,Charles,FUL,NEW,MID,5.0,0.7956843434408272,0.20090776174021388,0.47901075268817206,56.0,0.2021316854042682,2.951442179386178
10,98,45,McGinn,AVL,MUN,MID,5.4,1.0787303838162587,0.09620664945743204,0.08293548387096773,75.8,0.17036106957071512,2.9422144832846002
10,95,650,Affengruber,FUL,NEW,DEF,4.5,0.3898486049587425,0.6050307740525815,0.6679024390243903,55.0,0.1037293289559505,2.933899228877129
10,95,447,Botman,NEW,FUL,DEF,5.0,0.293347841137255,0.12009983822235282,0.7669884146341465,76.2,0.15749473238007627,2.8886354627044213
10,97,401,Marmoush,TOT,LEE,FWD,7.0,1.3157289231033387,0.0,0.0066315789473684215,61.0,0.18971059372208404,2.8653747018637805
10,92,82,Kelleher,BRE,BHA,GK,5.0,0.0028879283139116325,0.6560503199399448,0.0,87.6,0.31138849817597003,2.844977852080932
10,93,214,Kamada,CRY,LIV,MID,5.0,0.48718186525384066,0.18055955163982348,0.28366129032258064,74.7,0.34658204484956245,2.8438786170164567
10,94,184,Grimes,COV,EVE,MID,4.9,0.6176292415323095,0.23337047599326555,0.08119354838709678,77.4,0.2592608840275915,2.8320250804483376
10,98,423,Shaw,MUN,AVL,DEF,4.3,0.37445318582262,0.8278038226389486,0.1717965156794425,68.7,0.06910705959857572,2.831143369897528
10,94,110,Rushworth,COV,EVE,GK,4.5,0.009738299660076164,0.9607142063619272,0.0,78.3,0.13408605511788832,2.8236749247762547
10,95,264,Bobb,FUL,NEW,MID,5.5,0.8901283032462777,0.24896543232259064,0.07219354838709677,54.9,0.10587716106797176,2.8235681547953475
10,92,105,Anthony,BRE,BHA,MID,5.9,1.2315912079134048,0.10318693818645336,0.09956129032258065,51.6,0.0628533231565987,2.8144198783807997
10,92,565,M.Sangaré,BRE,BHA,MID,5.6,0.7233637550197134,0.09997739112000069,0.7033870967741936,52.9,0.09472231952439357,2.8060078239314756
10,97,503,Van de Ven,TOT,LEE,DEF,5.0,0.7458203265358991,0.2290673282332058,0.18141533101045298,76.7,0.18807533947017918,2.795957484152145
10,99,558,Schlager,NFO,MCI,MID,5.0,0.6695703896617348,0.16740172826289806,0.49856221198156686,68.5,0.08232572851117534,2.7951937160348446
10,91,277,Egan,HUL,ARS,DEF,4.1,0.15752009793984773,0.13966370853887317,0.7934689024390245,76.7,0.10875260198808491,2.7793311029230052
10,94,649,Maitland-Niles,EVE,COV,DEF,4.5,0.3971093154506141,0.7829009468377088,0.18790243902439024,54.2,0.13999054850461426,2.7760272642080563
10,91,572,Tzolakis,HUL,ARS,GK,4.6,0.0028050879488909965,0.7148241514674312,0.0,78.3,0.41467778940585226,2.7723524833676287
10,100,165,João Pedro,CHE,SUN,FWD,7.7,1.4485441045929668,0.0,0.004691729323308271,48.3,0.34047457956478533,2.7585290741281634
10,92,129,Ayari,BHA,BRE,MID,5.4,1.028965611017334,0.16377332426281915,0.07697695852534561,62.3,0.129833251463971,2.743125601427458
10,99,483,Ndoye,NFO,MCI,MID,5.5,0.9459632369203275,0.17518785515884683,0.09870967741935484,53.2,0.01739938127615844,2.7243524795352285
10,94,91,Pinnock,COV,EVE,DEF,4.5,0.274476753917836,0.4234937817724481,0.7591073170731707,56.7,0.03882073663057829,2.6641589091217965
10,96,267,Lukić,IPS,BOU,MID,4.9,0.6596953021125211,0.26708414284047205,0.08535483870967742,74.9,0.21580667097205974,2.6637359368017455
10,98,419,Martinez,MUN,AVL,DEF,5.0,0.16965917102505723,0.7189389970054411,0.33977491289198614,63.1,0.05811467456842919,2.662487755490914
10,95,567,Horníček,NEW,FUL,GK,5.0,0.005362922116262678,0.7518431843265756,0.0,78.3,0.2544253541647655,2.6516769151530584
10,99,467,Sels,NFO,MCI,GK,5.0,0.0027027844788177512,0.8240418789231079,0.0,82.8,0.061326191218739404,2.6482023609096514
10,99,155,Enzo,MCI,NFO,MID,6.9,1.004352406647459,0.21399624659340244,0.08735483870967742,61.4,0.09634032258320006,2.63004752792547
10,92,605,Yalcouyé,BHA,BRE,MID,4.5,1.139569719905709,0.12094754119409347,0.06632258064516129,46.1,0.11533445636888688,2.6209467407432334
10,100,545,Sadiki,SUN,CHE,MID,4.9,0.4689202912301559,0.2536391829398586,0.08603225806451613,79.0,0.17338012585906276,2.5930189552553844
10,100,200,Lacroix,CHE,SUN,DEF,5.9,0.2869868913202671,-0.006942980947576893,0.7933337979094077,70.7,0.0790141031094839,2.584425596047568
10,99,201,Muñoz,NFO,MCI,DEF,5.4,0.8715683749970591,0.2553596476335798,0.19228682926829269,52.3,0.022191510412925018,2.5720531628137393
10,100,28,Martinez,CHE,SUN,GK,5.0,0.05118081589422781,0.6622316708821818,0.0,76.4,0.2296249680869935,2.5666988305247784
10,97,502,Robertson,TOT,LEE,DEF,4.4,0.3435264621488933,0.19686797506602272,0.35505714285714285,62.2,0.15213904344712756,2.535590623519187
10,98,166,N.Jackson,AVL,MUN,FWD,6.5,1.1383285298181236,0.0,0.007694736842105263,58.4,0.0974659315083714,2.5304572651928887
10,97,331,Gudmundsson,LEE,TOT,DEF,4.5,0.06819898737218053,0.8598527851558957,0.17641951219512197,60.5,0.0854054026893298,2.522305583885793
10,93,211,Yeremy,CRY,LIV,MID,5.5,0.6948970929605789,0.16797777359157173,0.09819354838709678,56.8,0.1016149607521722,2.5217822475393055
10,94,186,Mason-Clark,COV,EVE,MID,5.3,0.6489268317709163,0.20332993796314316,0.14148387096774193,51.2,0.07392987160128515,2.499403593339815
10,93,358,Kerkez,LIV,CRY,DEF,5.4,0.3284658784745338,0.6243682464805222,0.15569059233449478,62.6,0.09169506804694326,2.495928647463837
10,98,415,Dorgu,MUN,AVL,MID,5.8,1.1164939321379725,0.12174285355295694,0.24343548387096775,35.3,0.03405904772482096,2.492992217427365
10,94,242,George,EVE,COV,MID,5.5,0.7140611189383936,0.24341889568270134,0.06890322580645161,52.7,0.1556912902611006,2.4887853630272447
10,93,579,Araujo,LIV,CRY,DEF,5.4,0.26087591172615787,0.5400426499730954,0.35777398373983743,55.1,0.10874120421747115,2.4887529020078447
10,95,265,Berge,FUL,NEW,MID,4.9,0.3683271318610078,0.25597384261585393,0.0848294930875576,67.2,0.2168982849494703,2.473748281374435
10,98,432,Mainoo,MUN,AVL,MID,5.5,0.4864627060760035,0.17862555435832717,0.6455299539170507,47.0,0.08978924780088991,2.456058688111174
10,99,389,Matheus N.,MCI,NFO,DEF,5.9,0.3740469462549793,0.5051897413889033,0.39438341463414633,53.1,0.04518766122366918,2.4502581632309877
10,91,290,Slater,HUL,ARS,MID,4.5,0.42868729277427137,0.15887844458371528,0.08119354838709678,76.7,0.21273425959800196,2.443826355449431
10,92,113,F.Kadıoğlu,BHA,BRE,DEF,4.4,0.32827774960818024,0.3649757866505802,0.1798494773519164,72.6,0.07904447230878203,2.441707763786798
10,97,516,Bentancur,TOT,LEE,MID,5.5,0.19787587020543684,0.15204253875178367,0.499926267281106,63.3,0.17510671663824576,2.4270905090795183
10,91,5,J.Timber,ARS,HUL,DEF,6.5,0.48143382611689595,0.8616109903319686,0.1946878048780488,32.8,0.024320615849483515,2.4149702323026974
10,92,96,Damsgaard,BRE,BHA,MID,5.4,0.7834393565302742,0.0938792516937406,0.07548387096774192,51.6,0.10531077930085467,2.404113258492612
10,93,372,Mac Allister,LIV,CRY,MID,5.4,0.5466481852920675,0.1975435312245868,0.29175268817204303,57.5,0.10980410952423042,2.403978712263598
10,95,464,Wissa,NEW,FUL,FWD,6.2,1.1521595025122102,0.0,0.005526315789473684,61.8,0.07822443835259617,2.356517831524591
10,94,209,Johnson,EVE,COV,MID,5.9,0.7659526194501192,0.24693538053205016,0.08154838709677419,49.8,0.03441861402222436,2.345562077274893
10,92,114,Boscagli,BHA,BRE,DEF,4.5,0.3453317380606496,0.3327453378294469,0.14347134146341464,67.4,0.17373898959731876,2.3450521153952395
10,91,279,Ajayi,HUL,ARS,DEF,4.2,0.3185973630172369,0.13966370853887317,0.1642189024390244,74.9,0.12347128363235291,2.3272777086785457
10,92,87,Ajer,BRE,BHA,DEF,4.5,0.23324531525159609,-0.023582047980378662,0.5593682926829269,75.4,0.06404966820660268,2.324778841412377
10,99,387,O'Reilly,MCI,NFO,DEF,6.3,0.7659463484745981,0.36267690295008054,0.12432878048780488,39.3,0.01677001352766804,2.3236131413272445
10,93,627,Barcola,LIV,CRY,MID,8.0,0.6947331554895159,0.18783853999168315,0.09290322580645162,50.7,0.09148652656617814,2.3227191339469546
10,96,73,Adams,BOU,IPS,MID,5.0,0.355860477984791,0.16224291056955628,0.48617204301075273,53.9,0.10660797186351274,2.316166788217933
10,96,306,Greaves,IPS,BOU,DEF,4.0,0.27373696991023144,0.5239597931279298,0.3173609756097561,57.5,0.03484710185416391,2.3115475199397673
10,91,295,McBurnie,HUL,ARS,FWD,5.5,0.7560081066689726,0.0,0.0066236842105263155,77.2,0.13937237719890144,2.308288902057412
10,92,88,Kayode,BRE,BHA,DEF,4.6,0.5286491130861855,-0.022350149951552878,0.19886341463414636,61.6,0.08210561531054353,2.305330873161997
10,98,47,Kamara,AVL,MUN,MID,5.0,0.4716568745633688,0.08812394378539574,0.07596774193548388,72.3,0.18914429474131472,2.303051747690224
10,94,104,Onyeka,COV,EVE,MID,4.9,0.4977321843056574,0.1974887222350638,0.07852534562211981,60.2,0.1104819844775338,2.2682703356289324
10,95,634,Fernandez-Pardo,NEW,FUL,FWD,6.0,0.9008346151060104,0.0,0.009473684210526316,48.8,0.09757049691665527,2.2670258850303022
10,91,282,Giles,HUL,ARS,DEF,4.0,0.20780961679051613,0.13966370853887317,0.1642189024390244,77.6,0.17254955941896155,2.2634821957443716
10,98,429,Rashford,MUN,AVL,MID,7.0,0.8643312082658761,0.19007146366672484,0.06060829493087558,46.1,0.0534775397572174,2.2630669751733326
10,97,345,Tanaka,LEE,TOT,MID,4.9,0.7274790506389829,0.21711394569128523,0.0729032258064516,44.5,0.08836609199923479,2.2577609104701586
10,91,586,Mendy,HUL,ARS,DEF,4.1,0.1689882638239098,0.10370737833101074,0.6935053658536586,45.6,0.048647017320279734,2.2464241171473533
10,98,46,Barkley,AVL,MUN,MID,5.0,0.8415943085093622,0.06028351313727072,0.059391705069124424,45.5,0.08815642409759888,2.240096499861018
10,96,564,Scherpen,IPS,BOU,GK,4.5,0.007434022504152616,0.8927538008027388,0.0,57.9,0.06436247249771038,2.2399002958046017
10,97,403,Sávio,TOT,LEE,MID,6.5,0.7611626730804395,0.12404016121905406,0.07716129032258064,50.4,0.1103624990627759,2.2213109377795677
10,96,64,Smith,BOU,IPS,DEF,4.5,0.2389972076091016,0.4831110115525008,0.14973475609756098,67.4,0.05105139933468662,2.188820911907911
10,97,337,Aaronson,LEE,TOT,MID,5.3,0.7028117188693329,0.15524607798102522,0.07819354838709677,37.1,0.04678973929890152,2.1816058726999064
10,92,95,O.Dango,BRE,BHA,MID,6.3,0.852428902259013,0.06290712250247234,0.07587096774193548,36.0,0.026382262954203893,2.1570613995444328
10,91,10,White,ARS,HUL,DEF,5.5,0.19712086910887147,0.9516990027259278,0.10752195121951219,33.5,0.04792219197156585,2.1542640150258774
10,91,280,Coyle,HUL,ARS,DEF,4.0,0.17628438057177293,0.13966370853887317,0.1876787456445993,65.3,0.060415094884148875,2.153531079064599
10,94,244,Armstrong,EVE,COV,MID,5.0,0.1980188658205192,0.2785837441761895,0.24725,64.2,0.08344724711422508,2.1480767333786823
10,93,371,Gravenberch,LIV,CRY,MID,5.8,0.553161805563044,0.14870551082674915,0.09193548387096774,44.5,0.10212325615857523,2.1338979584267284
10,95,570,Palacios,FUL,NEW,MID,5.4,0.8911127351785556,0.14684288233504006,0.05677419354838709,37.4,0.08047300846260048,2.124303507068604
10,93,377,Munoz,LIV,CRY,MID,6.5,0.6587756829990332,0.16091501592620858,0.07958709677419355,44.5,0.08941289389209015,2.115732059176434
10,100,536,Reinildo,SUN,CHE,DEF,4.4,0.24182756971253544,0.47676987816235494,0.14338745644599304,59.8,0.04993224123572401,2.106165365292111
10,97,496,Kinsky,TOT,LEE,GK,4.5,0.0,0.5595113016073044,0.0,68.8,0.10080573306841101,2.0857499351086153
10,93,224,Nketiah,CRY,LIV,FWD,5.5,1.0330099515135205,0.0,0.006947368421052632,33.6,0.04290786287708837,2.083939810289516
10,100,161,Lavia,CHE,SUN,MID,5.0,0.6382075699957137,0.10174407524859706,0.08038709677419355,46.6,0.10232781972722896,2.082204380299349
10,100,145,Fofana,CHE,SUN,DEF,5.0,0.1488316624511164,-0.006744339803300192,0.5669219512195122,59.5,0.06696522702251242,2.067385421984902
10,97,525,Fernandes,TOT,LEE,MID,5.7,0.5257760832995282,0.11989166084383486,0.08949677419354839,46.7,0.10297912340004434,2.0309780295073763
10,96,562,Maeda,IPS,BOU,MID,5.3,0.6580550537983098,0.13323925493175476,0.05677419354838709,40.4,0.05353256267961717,2.0205306131570975
10,99,491,Igor Jesus,NFO,MCI,FWD,5.8,0.8466499396338808,0.0,0.004938947368421052,41.4,0.01687872070405362,2.00705688520303
10,100,553,Isidor,SUN,CHE,FWD,5.5,0.8813366733128289,0.0,0.001663157894736842,22.2,0.03321628594245122,1.979321887757625
10,91,452,Bruno G.,ARS,HUL,MID,6.7,0.8291835202862987,0.18336083673426873,0.07870967741935483,30.2,0.05209563732764849,1.9792585844682058
10,98,51,George Hemmings,AVL,MUN,MID,4.5,0.4605124857144018,0.06993785602331408,0.08038709677419355,50.6,0.054635762004240356,1.9740434382806142
10,94,194,Thomas-Asante,COV,EVE,FWD,5.0,0.6649526862974935,0.0,0.15473684210526317,38.5,0.05236487944666156,1.9425221861405586
10,93,222,Strand Larsen,CRY,LIV,FWD,6.0,0.5219217364827134,0.0,0.0065578947368421054,52.4,0.04815771982387464,1.914939202785798
10,100,534,Hume,SUN,CHE,DEF,4.3,0.35736145642850536,0.31983002747240663,0.13466341463414633,43.6,0.038644459081013056,1.8978176638685913
10,96,313,Clarke,IPS,BOU,MID,5.4,0.6281231032086714,0.1359646033280861,0.0695225806451613,37.9,0.07356913651966902,1.8914933538200447
10,92,93,Schuster,BRE,BHA,DEF,4.5,0.32151871585106057,-0.013169576546256223,0.5661780487804878,42.9,0.031374717484053,1.883894776675117
10,97,327,Bijol,LEE,TOT,DEF,5.0,0.30093241593212755,0.4388301936076686,0.30755487804878046,30.2,0.03153449944312664,1.86377407871121
10,94,238,Grealish,EVE,COV,MID,6.5,0.6608175108513763,0.1203419259554928,0.05961290322580645,34.5,0.054282042004486775,1.8581631712197066
10,93,203,Canvot,CRY,LIV,DEF,4.8,0.0553173168051658,0.22615139796383232,0.31532334494773523,58.6,0.05747673056478063,1.8520201050824157
10,100,501,Danso,SUN,CHE,DEF,5.0,0.09373259378650614,0.465613016738899,0.16337073170731709,58.5,0.0357113053954831,1.8408910458820669
10,98,597,Suzuki,AVL,MUN,GK,5.0,0.006956587251591987,0.19367996714552455,0.0,67.9,0.13372131320491595,1.8310412009353658
10,91,19,Zubimendi,ARS,HUL,MID,5.3,0.3966886084708514,0.1382721063897764,0.05935483870967742,34.0,0.03078541987732222,1.816064946447709
10,94,575,Yirenkyi,COV,EVE,MID,4.8,0.414745123574923,0.14018917747390444,0.06503225806451612,44.8,0.0647834534120972,1.8021828445681771
10,95,460,Willock,NEW,FUL,MID,5.0,0.4440841504700337,0.09216451389377377,0.06374193548387097,40.8,0.08899848935305574,1.8004648173560738
10,96,640,Flemming,IPS,BOU,FWD,5.5,0.7780244605461485,0.0,0.0017894736842105263,23.3,0.033579161752641536,1.8001209871394632
10,91,17,Merino,ARS,HUL,MID,5.8,0.6960878449953846,0.04388636420197251,0.018838709677419352,22.3,0.02061142417426017,1.797577699530518
10,98,37,Lindelöf,AVL,MUN,DEF,4.5,0.34375490872675785,-0.29898181801670803,0.14719024390243904,70.2,0.03167122293940966,1.7746345575518987
10,99,473,Aina,NFO,MCI,DEF,4.4,0.2563404391579916,0.252864276484066,0.1586731707317073,52.0,0.019390779730726566,1.7565933878016138
10,99,581,Diomande,NFO,MCI,DEF,5.4,0.2646313545648517,0.1867369410219501,0.32021365853658534,40.8,0.009941858225404943,1.7558759213224737
10,95,457,J.Murphy,NEW,FUL,MID,5.9,0.5057778477738201,0.08731375000462778,0.09058064516129033,39.9,0.060962621267556485,1.7554006333497094
10,97,514,Tel,TOT,LEE,MID,5.7,0.585710038977962,0.0875333579171251,0.0544516129032258,36.9,0.047888254046272644,1.754841693600849
10,99,167,Delap,NFO,MCI,FWD,5.6,0.6488037936669911,0.0,0.006442105263157895,51.5,0.01379015225034784,1.7382794638266021
10,92,639,Andrés,BHA,BRE,MID,5.5,0.6559118873517977,0.0840044206348081,0.06909677419354839,35.1,0.039244686487580824,1.727144692430376
10,91,14,Eze,ARS,HUL,MID,6.3,0.5894169870300492,0.09077864376024451,0.03896774193548387,23.9,0.022470779811133816,1.7186794575766993
10,100,149,Colwill,CHE,SUN,DEF,4.8,0.24163493158008773,-0.006488944046372902,0.15345365853658538,61.5,0.04055180708176545,1.7098165912366465
10,98,611,Wan-Bissaka,AVL,MUN,DEF,4.5,0.17694244615987845,-0.21867021264519876,0.49030487804878053,48.3,0.020857113573981848,1.7029520108199676
10,92,102,Yarmoliuk,BRE,BHA,MID,4.8,0.2795431979321389,0.0866577707942221,0.10451612903225807,45.7,0.040589846779115195,1.6896958214560232
10,95,253,Andersen,FUL,NEW,DEF,5.0,0.08375645656039628,0.4648653113970668,0.1443717073170732,45.9,0.04460338785453506,1.6832517356015744
10,97,347,Nmecha,LEE,TOT,FWD,5.4,0.6999144951783618,0.0,0.0015368421052631579,19.6,0.03242052593387522,1.6798718632174998
10,94,175,van Ewijk,COV,EVE,DEF,4.0,0.20060082989527553,0.3285242459929124,0.2378933797909408,43.4,0.021592083269974926,1.6588129386007606
10,91,576,Stroud,HUL,ARS,MID,5.0,0.23802060663962393,0.11797529317718072,0.09646451612903226,45.6,0.040127909650358076,1.6534180489865844
10,100,144,Gusto,CHE,SUN,DEF,4.9,0.33908866391335624,-0.005022783219568561,0.13857804878048782,46.8,0.036191311775003926,1.6474297165805085
10,94,656,Mfuni,COV,EVE,DEF,4.0,0.21439566303803756,0.3207859875219873,0.17850731707317075,41.1,0.04319718560966919,1.636581741097256
10,97,526,Solanke,TOT,LEE,FWD,5.8,0.4739316471225352,0.0,0.0052547368421052626,37.2,0.0425285090223734,1.6273368009644673
10,95,462,Steur,NEW,FUL,MID,4.9,0.34479020907266156,0.06996294070883635,0.05806451612903226,34.7,0.06548076840339448,1.6130677692308928
10,92,116,Dunk,BHA,BRE,DEF,4.5,0.14809514521130218,0.23605399136604688,0.2648919860627178,49.7,0.045774283487348584,1.6074821511240867
10,97,522,Gray,TOT,LEE,MID,4.9,0.37040194973544616,0.09935658398649982,0.05297695852534562,42.4,0.04818429435167202,1.6020371312159063
10,96,592,Ouattara,IPS,BOU,DEF,4.0,0.21378120457941885,0.2245541970548271,0.10452073170731709,33.3,0.030884898258518687,1.5978667232756243
10,99,474,Jair Cunha,NFO,MCI,DEF,4.5,0.021414670645937176,0.23248541209636991,0.28475888501742164,49.7,0.008515988266976504,1.5897305115822606
10,95,635,Larsson,FUL,NEW,MID,5.0,0.4874074968754075,0.022360166173744735,0.01729032258064516,22.3,0.03628751845584162,1.5859591299991997
10,100,136,Welbeck,CHE,SUN,FWD,5.9,0.6469164753643944,0.0,0.004768421052631579,29.6,0.03828924927508538,1.5451168757943792
10,100,646,Fofana,SUN,CHE,MID,5.5,0.45653320592416935,0.01911566395609733,0.01729032258064516,22.3,0.024971276839811804,1.542225572887598
10,97,499,Pedro Porro,TOT,LEE,DEF,5.4,0.29429589269950496,0.1350113229290658,0.14969560975609755,37.6,0.044915690891898404,1.5114144163053842
10,97,512,Kudus,TOT,LEE,MID,6.5,0.4444404037530165,0.027172677457685757,0.03380645161290323,24.5,0.031101775135475986,1.5105217943475733
10,100,662,Nicoll-Jazuli,CHE,SUN,MID,4.5,0.333757301715901,0.020904079665843376,0.03303225806451613,26.5,0.033788894265159006,1.4934336892277176
10,94,247,Hackney,EVE,COV,MID,5.4,0.3498411518149377,0.06173384513301254,0.03058064516129032,26.3,0.03495427745946175,1.476494220831917
10,95,269,Sessegnon,FUL,NEW,DEF,4.3,0.5278589920468775,0.13915707803209376,0.07202926829268294,19.9,0.02721682430352876,1.473262162675183
10,91,642,Thomas,HUL,ARS,MID,5.5,0.2488180187442196,0.06760381968580019,0.06909677419354839,35.3,0.03298251111921838,1.469982032714118
10,91,7,Lewis-Skelly,ARS,HUL,MID,5.4,0.08901799168180394,0.3150199293401863,0.06761290322580646,41.1,0.026736516484006684,1.4605987558683673
10,100,157,Estêvão,CHE,SUN,MID,6.3,0.5484854416936553,0.014044928525488517,0.022193548387096772,18.5,0.02143909960615469,1.459565986729851
10,97,519,Gallagher,TOT,LEE,MID,5.3,0.31307465827063563,0.08691108286084223,0.08109677419354838,34.9,0.05545359244300898,1.4534836309136867
10,96,75,Christie,BOU,IPS,MID,5.0,0.4171832285671786,0.06611863294896811,0.048193548387096774,25.8,0.03054708861865709,1.4414752145358902
10,93,357,Frimpong,LIV,CRY,DEF,5.3,0.3603548276676126,0.2565651127779157,0.08956682926829268,26.4,0.029053450264232766,1.4305319282115188
10,94,232,O'Brien,EVE,COV,DEF,4.8,0.16070407569038275,0.3079410390894988,0.12318048780487804,28.5,0.018319125444962746,1.4218800915028955
10,100,142,James,CHE,SUN,DEF,5.4,0.4947449596482779,-0.0036417543117399087,0.10047560975609757,37.2,0.044845136599348,1.3913629379739691
10,91,25,Gyökeres,ARS,HUL,FWD,7.1,0.6552768095221109,0.0,0.003726315789473684,21.0,0.01760309565366634,1.3776587666796656
10,91,289,Crooks,HUL,ARS,MID,4.4,0.23867994703000867,0.10547710802518406,0.08624516129032259,43.6,0.0413456917491785,1.3773112955152609
10,94,190,Tchaouna,COV,EVE,MID,5.4,0.31446181992688216,0.08066440767347677,0.05612903225806451,27.5,0.02302175536938482,1.364865362879708
10,98,32,Cash,AVL,MUN,DEF,4.4,0.36668156101967975,-0.22224845248848385,0.14588536585365855,52.6,0.024982503517302038,1.3530761609767952
10,98,54,Gomes,AVL,MUN,MID,5.5,0.30136075122512146,0.04209742537518905,0.26008064516129037,29.3,0.022544226265741023,1.3497837271117963
10,99,393,Khusanov,MCI,NFO,DEF,5.4,0.008171110329779376,0.3973915687236399,0.11352439024390244,40.4,0.018942686768003914,1.3471881302769584
10,95,405,N.Gonzalez,NEW,FUL,MID,5.5,0.13427827898733985,0.0998137954112732,0.08283870967741937,37.0,0.06619316519259243,1.3244805898253775
10,95,263,Kevin,FUL,NEW,MID,5.3,0.3807980549022342,0.023695101467699643,0.018322580645161287,18.4,0.02461757467839032,1.323382393321193
10,100,583,Chavarria,CHE,SUN,DEF,4.9,0.16481108519815751,-0.0025255802629469137,0.10452073170731709,33.3,0.022032800210881606,1.317687083797646
10,98,439,Šeško,MUN,AVL,FWD,7.0,0.6516883626724335,0.0,0.0018736842105263156,15.9,0.01672472853336769,1.3121845524858835
10,91,617,Cho,HUL,ARS,MID,5.0,0.23690081793715334,0.010793887176724401,0.014709677419354838,21.6,0.022192719423736365,1.3010627766899543
10,91,585,Herrington,HUL,ARS,DEF,4.0,0.08912388307742039,0.04444601928471886,0.10452073170731709,33.3,0.017345674611589392,1.2836701473707193
10,93,199,Benitez,CRY,LIV,GK,4.5,0.004401634461664571,0.3057941204940917,0.0,41.1,0.04049669164189142,1.2681299465976474
10,100,151,Acheampong,CHE,SUN,DEF,4.5,0.19513883978515675,-0.00264854859035632,0.1996878048780488,29.5,0.020178325388158898,1.2654949558335895
10,98,56,Abraham,AVL,MUN,FWD,5.5,0.3588425431793173,0.0,0.0010526315789473684,18.9,0.014283785508416958,1.2593411153219183
10,92,119,Costinha,BHA,BRE,DEF,4.5,0.21022556754147723,0.022697499169812202,0.02609756097560976,21.2,0.01127970684245376,1.2532004446340097
10,98,33,Mings,AVL,MUN,DEF,4.5,0.13189708752430823,-0.166189361610351,0.24842113821138212,42.7,0.024342789650533186,1.2303883143042211
10,100,148,Hato,CHE,SUN,DEF,4.5,0.03597216659112526,-0.005382229099688385,0.1781941463414634,41.5,0.015987634690061505,1.226182651474304
10,99,490,Wood,NFO,MCI,FWD,5.8,0.2742994261009816,0.0,0.001663157894736842,19.8,0.005579775789486159,1.2115423597852046
10,95,262,Smith Rowe,FUL,NEW,MID,5.4,0.29875943530775523,0.05039380734679783,0.03896774193548387,20.5,0.02820743335654656,1.2112958097040754
10,96,71,Cook,BOU,IPS,MID,5.0,0.08461942340148682,0.06903953641257714,0.04025806451612904,31.3,0.037764640570420435,1.204288571118758
10,100,568,Barco,CHE,SUN,MID,5.4,0.3295266990033006,0.04360460367797017,0.05167741935483871,28.7,0.03767438650849805,1.2013439296698583
10,91,11,Mosquera,ARS,HUL,DEF,5.3,0.0011239346777281603,0.6144464435075164,0.08330341463414635,22.5,0.020078635608026665,1.1983336984105717
10,99,488,I.Sangaré,NFO,MCI,MID,4.9,0.2343715831915864,0.05999897784525212,0.05070967741935484,30.0,0.008815789247497298,1.1983164833964852
10,93,633,Ahanor,CRY,LIV,DEF,4.5,0.17910659101330687,0.11325837377833284,0.2763536585365854,28.0,0.020209084139426747,1.1878444096555583
10,93,208,Sarr,CRY,LIV,MID,6.2,0.5394723234214779,0.03620020350725068,0.04232258064516129,18.9,0.01652120660818343,1.1823749542269506
10,96,72,Gannon-Doak,BOU,IPS,MID,4.9,0.2602511498037968,0.013276833925495606,0.012903225806451613,18.4,0.024364362870072355,1.16751315409808
10,98,53,Manzambi,AVL,MUN,MID,5.9,0.3830621480282387,0.029973366867134605,0.05167741935483871,25.2,0.028266063568287425,1.1636161322375456
10,95,271,Muniz,FUL,NEW,FWD,5.4,0.28159352826475026,0.0,0.0015368421052631579,19.4,0.01838406606766205,1.1532238421023189
10,92,125,Georginio,BHA,BRE,FWD,5.3,0.4671909631444308,0.0,0.0036315789473684214,23.7,0.013505574852875298,1.1429489831524975
10,91,9,Hincapie,ARS,HUL,DEF,5.2,0.1375126981614719,0.3441824063256389,0.07777073170731708,18.4,0.013475840402242662,1.13950056929882
10,96,309,Núñez,IPS,BOU,MID,4.9,0.30444529029842216,0.08690833219412185,0.15923870967741938,23.3,0.02906275150990026,1.1323030095664701
10,96,74,Brooks,BOU,IPS,MID,5.0,0.23636471172695978,0.02442937442291191,0.023741935483870966,20.4,0.020164496413816582,1.1268730122200534
10,93,577,Tomiyasu,CRY,LIV,DEF,4.4,0.14129596064814634,0.1085088290714995,0.11626463414634146,25.1,0.016148809136950066,1.1223913572287538
10,92,90,Hickey,BRE,BHA,DEF,4.5,0.014771791056925068,-0.006247482860473469,0.08338170731707317,26.1,0.012413732718164388,1.1093240898765766
10,94,195,Simms,COV,EVE,FWD,4.9,0.4017381309229265,0.0,0.002494736842105263,20.0,0.0198949681396672,1.105151459321094
10,100,612,Methalie,SUN,CHE,DEF,4.5,0.20804314203501378,0.22388101923068462,0.11783048780487805,27.2,0.016291188963165178,1.103961745555962
10,97,520,Bergvall,TOT,LEE,MID,5.3,0.2726797417612009,0.03546967820812416,0.04412903225806452,18.1,0.018548500459201943,1.1037054155544814
10,96,320,Akpom,IPS,BOU,FWD,5.0,0.4582115313835357,0.0,0.0010526315789473684,14.0,0.018455444687826755,1.100206095411007
10,93,369,Ngumoha,LIV,CRY,MID,5.7,0.38213821597580366,0.04101141456485082,0.02535483870967742,15.6,0.02505249940196823,1.0835569686523001
10,93,364,Tsimikas,LIV,CRY,DEF,4.9,0.12969968554212505,0.20812274882684076,0.12109268292682927,19.4,0.014849732795199268,1.0460746853642084
10,98,596,Ruggeri,AVL,MUN,DEF,4.5,0.15026546633009416,-0.10615444868412376,0.23802073170731708,28.3,0.015601308928425338,1.0456721243125695
10,98,631,Mbaye,AVL,MUN,MID,6.0,0.22612208543256906,0.007521406667033778,0.01729032258064516,17.8,0.014595621206431314,1.038852627201983
10,99,400,Doku,MCI,NFO,MID,7.4,0.4263340619249306,0.04140843176327285,0.03380645161290323,15.3,0.007736304054625075,1.0162852493557317
10,91,637,Vaz,HUL,ARS,FWD,5.0,0.21031165959313156,0.0,0.0014105263157894738,17.8,0.014655360375666268,0.9995792248512674
10,95,461,Touré,NEW,FUL,MID,5.8,0.23624334421866103,0.009328392094511515,0.012903225806451613,15.6,0.028097669025488776,0.9922062383179598
10,96,608,Jebbison,BOU,IPS,FWD,5.0,0.3177746429612667,0.0,0.0010526315789473684,14.6,0.017736015554233715,0.9847662775559461
10,94,231,Keane,EVE,COV,DEF,4.8,0.18214442444249007,0.2570524775450478,0.10282439024390244,18.6,0.01569328893925366,0.9565275641691484
10,93,381,Koumas,LIV,CRY,MID,5.0,0.24344773706813763,0.015653211665973596,0.012903225806451613,14.6,0.017619794738243506,0.9367882055443074
10,95,559,Bamba,NEW,FUL,MID,4.9,0.19801593648381177,0.009328392094511515,0.012903225806451613,15.2,0.025418818822174453,0.9268783965785057
10,92,328,Struijk,BHA,BRE,DEF,4.9,0.07850700237476496,0.10985589598189105,0.09473414634146342,26.2,0.014403574770408404,0.9266570228372321
10,98,422,Mazraoui,MUN,AVL,DEF,4.4,0.0612399286205368,0.18431569488445343,0.06694024390243904,18.7,0.014712042948650875,0.9235310425536093
10,91,589,Gourna-Douath,HUL,ARS,MID,5.0,0.14039377263409833,0.03844138766447462,0.03929032258064516,23.8,0.018815759900920367,0.9235228848572423
10,93,643,Chilwell,CRY,LIV,DEF,4.5,0.1683492078972555,0.024478422719833227,0.03497073170731708,15.9,0.015078596655044135,0.9190464672531294
10,93,375,Nyoni,LIV,CRY,MID,4.9,0.20178412085988257,0.015653211665973596,0.012903225806451613,15.0,0.017042869838963144,0.9185787772396427
10,97,515,Maddison,TOT,LEE,MID,6.3,0.1895537242991994,0.010371250938047999,0.012903225806451613,15.2,0.020392697004641008,0.9160776881179099
10,93,213,Lerma,CRY,LIV,MID,4.8,0.235155891056337,0.027591618526867895,0.03225806451612903,18.8,0.016370282483102513,0.9057374594878055
10,100,535,Alderete,SUN,CHE,DEF,4.8,0.09507498555596211,0.16065880449776704,0.11274146341463415,21.7,0.016118283534102683,0.8919453444134767
10,92,108,Wilson,BRE,BHA,FWD,5.4,0.33063050873715133,0.0,0.0007157894736842105,11.0,0.00958494314383734,0.8792266947677637
10,92,620,Diouf,BRE,BHA,DEF,4.5,0.12658469390351765,-0.0029330905448232136,0.05219512195121952,18.6,0.009375913700967008,0.8767588912080709
10,91,16,Madueke,ARS,HUL,MID,6.2,0.22021818466585924,0.06733250398110852,0.02890322580645161,12.8,0.011567342812405929,0.8510212572658253
10,97,506,Udogie,TOT,LEE,DEF,4.4,0.07025529825695129,0.06439870633436612,0.08925365853658537,22.4,0.01605861146528021,0.8442878454730337
10,97,343,James,LEE,TOT,MID,4.9,0.06093145049390954,0.01806080610175293,0.012129032258064516,14.3,0.015789528423065448,0.8389108172767926
10,92,126,O'Riley,BHA,BRE,MID,5.4,0.23996160409552242,0.011765325018880689,0.012903225806451613,12.9,0.009978186622594136,0.8296714399341873
10,100,101,Henderson,CHE,SUN,MID,4.9,0.17092742292342933,0.047524118615315795,0.05632258064516128,25.6,0.02364455797696137,0.8295243092256805
10,96,300,Walton,IPS,BOU,GK,4.4,0.00442042788921979,0.2598534764330794,0.0,24.1,0.02080833350311734,0.8293441425873214
10,92,600,Osman,BHA,BRE,MID,5.0,0.20702839594549824,0.011765325018880689,0.012903225806451613,13.3,0.010336684223912504,0.8216979673658007
10,97,339,Longstaff,LEE,TOT,MID,4.9,0.27743887623817554,0.02805189032825455,0.018838709677419352,12.5,0.020595434955559454,0.8104528727692447
10,98,440,Zirkzee,MUN,AVL,FWD,5.3,0.2852109480904141,0.0,0.0008421052631578948,11.7,0.01124363795922732,0.8075365124471839
10,98,420,Yoro,MUN,AVL,DEF,4.8,0.040191415757970604,0.13473369509097471,0.06524390243902439,16.3,0.008370637680790119,0.8074865170333928
10,96,318,Philogene,IPS,BOU,MID,5.4,0.19714513713194964,0.01514082442406304,0.012903225806451613,12.9,0.0162341176208999,0.7983974673396247
10,97,498,Senesi,TOT,LEE,DEF,5.8,0.10321025802325373,0.062139102603335744,0.1961219512195122,20.9,0.02030576410715438,0.7921900060888138
10,94,188,Torp,COV,EVE,MID,5.3,0.16174116807196753,0.01390765649542703,0.012903225806451613,13.3,0.01586007772932002,0.784653806172666
10,96,323,McAteer,IPS,BOU,MID,4.4,0.19252329037617788,0.01514082442406304,0.012903225806451613,12.7,0.016339046268746923,0.7828452161275918
10,98,162,Andrey Santos,MUN,AVL,MID,4.8,0.10708640480548862,0.053067397702570976,0.02961290322580645,16.6,0.01340362557882781,0.7719423423385127
10,95,256,Tete,FUL,NEW,DEF,4.4,0.08134226765035933,0.14621577039604053,0.07568292682926829,16.5,0.02116844238141126,0.7717608204074875
10,99,478,Netz,NFO,MCI,DEF,4.4,0.087849606752147,0.020794759579281747,0.02609756097560976,14.0,0.004200634193041612,0.7641185071600284
10,97,648,Bahoya,LEE,TOT,MID,5.0,0.21979988530818623,0.025746255506754183,0.01729032258064516,12.3,0.017314491415286473,0.7570396565566121
10,94,584,Hamer,COV,EVE,MID,5.4,0.1534265844285198,0.01390765649542703,0.012903225806451613,12.7,0.015143904817587216,0.7408820684444063
10,99,482,Hudson-Odoi,NFO,MCI,MID,5.8,0.21954551596439703,0.03320554117389907,0.03741935483870967,13.9,0.00486555084259009,0.7320359628195958
10,91,240,Iroegbunam,HUL,ARS,MID,5.0,0.056417048225843196,0.009657688526542883,0.013161290322580644,15.5,0.010225515203818846,0.7184418190915541
10,92,594,David,BHA,BRE,FWD,5.9,0.30535987792310826,0.0,0.0010526315789473684,10.4,0.007892922625903916,0.7170285422694911
10,98,52,Alysson,AVL,MUN,MID,5.0,0.14021599254439768,0.004265872438019157,0.009806451612903225,12.4,0.011621066993342356,0.7164196553422864
10,98,160,Garnacho,AVL,MUN,MID,5.8,0.14595873053254826,0.004827171443021677,0.011096774193548386,11.5,0.0092409796368373,0.7148743984823127
10,96,81,Rodríguez,BOU,IPS,FWD,6.0,0.24031187828192913,0.0,0.0010526315789473684,11.0,0.01448421129595343,0.7093239346369883
10,98,430,Mount,MUN,AVL,MID,5.4,0.23211922754813313,0.02982873334915754,0.022193548387096772,10.8,0.009411616316407844,0.6995558258708223
10,96,571,Florentino,IPS,BOU,MID,4.8,0.051293258330266225,0.023922502590019604,0.020387096774193546,14.9,0.015506650350744392,0.6967786809775546
10,93,212,Hughes,CRY,LIV,MID,4.4,0.041864193903138676,0.028916016216157556,0.03380645161290323,16.7,0.013831642491866093,0.6833016353042332
10,100,549,Talbi,SUN,CHE,MID,5.3,0.2540938908530579,0.03195454273258061,0.02890322580645161,11.5,0.011659278807381143,0.6786109381994713
10,98,421,Heaven,MUN,AVL,DEF,4.4,0.08669543161510468,0.18431569488445343,0.06694024390243904,15.1,0.010038238428925938,0.6718529628681901
10,99,621,McAidoo,MCI,NFO,MID,4.5,0.1435702047152828,0.018017409240508035,0.014709677419354838,11.9,0.004835178544139288,0.6623287978033833
10,99,616,Bouaddi,MCI,NFO,MID,5.5,0.138068717946555,0.018017409240508035,0.014709677419354838,11.9,0.0047710634348633535,0.6572486770522032
10,93,595,Gozo,CRY,LIV,MID,5.0,0.16267233096871891,0.011036647410747159,0.012903225806451613,11.0,0.013623765935761138,0.6539944242738746
10,96,76,Tóth.A,BOU,IPS,MID,4.9,0.1427047209586747,0.013276833925495606,0.012903225806451613,11.3,0.015231413122996782,0.6538168404809033
10,97,641,Bard,LEE,TOT,DEF,4.5,0.09306566116359113,0.08522209557018492,0.03497073170731708,11.3,0.012928677052311259,0.652467759635475
10,93,241,McNeil,CRY,LIV,MID,5.4,0.12597705717770974,0.03443433992153113,0.030193548387096772,14.2,0.013143835860112845,0.6511644044830038
10,100,164,Quenda,CHE,SUN,MID,5.3,0.1398912300376841,0.00816565611947007,0.012903225806451613,11.3,0.013891440589071468,0.6449631225591631
10,93,42,Guessand,CRY,LIV,MID,5.4,0.17382391569837558,0.014568374582186249,0.01703225806451613,9.8,0.010860475491100271,0.6322850238361782
10,100,548,Rigg,SUN,CHE,MID,4.9,0.14850105007271264,0.022539364963159537,0.020387096774193546,10.4,0.012147277447533543,0.6282732255659418
10,99,395,Lewis,MCI,NFO,DEF,4.4,0.08165683488057777,0.1443399261111152,0.08246829268292684,12.4,0.003681184208546353,0.6189142914241494
10,95,255,J.Cuenca,FUL,NEW,DEF,4.5,0.0034434400321878477,0.17243377060498577,0.15244024390243904,15.6,0.01929598846594384,0.6138074842584211
10,95,446,Schär,NEW,FUL,DEF,4.9,0.0008106233382315298,0.011698997804643493,0.04123414634146342,14.1,0.018875407572050192,0.6002444218932204
10,93,647,Osorio,CRY,LIV,MID,5.5,0.1614750451182014,0.014789107530401193,0.01729032258064516,10.4,0.013305609370055954,0.580782238920905
10,91,638,Norton-Cuffy,HUL,ARS,DEF,4.0,0.04159778844854726,0.008323224585153347,0.02609756097560976,11.9,0.008737563761974005,0.5718605750723507
10,93,207,Mingueza,CRY,LIV,DEF,4.4,0.07468845838669362,0.018267479641666584,0.02609756097560976,10.4,0.01109106463732671,0.554854110964984
10,94,245,Dibling,EVE,COV,MID,5.4,0.15699148254247974,0.019536026940826755,0.012903225806451613,9.0,0.012674510925134093,0.5467785565994867
10,92,100,Carvalho,BRE,BHA,MID,5.0,0.16178145308629113,0.008023867666131676,0.012903225806451613,9.0,0.008645618118918062,0.5353187080606862
10,91,20,Dowman,ARS,HUL,MID,5.3,0.13648003530215183,0.030059153562994875,0.012903225806451613,9.0,0.009396010360055612,0.5330110061917838
10,95,664,Salia,NEW,FUL,FWD,4.5,0.26169415802737156,0.0,0.0026947368421052632,11.2,0.01888672401266992,0.5239165810097183
10,95,450,Livramento,NEW,FUL,DEF,4.9,0.028383164269040206,0.010958554905615425,0.03862439024390244,12.0,0.01934674708209992,0.5058418655267412
10,99,406,Kovačić,MCI,NFO,MID,5.4,0.10091571752747074,0.015804744947814066,0.012903225806451613,9.4,0.004137489128193783,0.5032119644154602
10,99,487,Dominguez,NFO,MCI,MID,4.9,0.07438066075468162,0.02702244040358683,0.030451612903225803,10.1,0.004062995843645849,0.49702388061893754
10,94,599,Cherif,COV,EVE,FWD,5.0,0.17038186367918773,0.0,0.0010526315789473684,8.3,0.011507377845411323,0.4885422478303283
10,94,179,Latibeaudiere,COV,EVE,DEF,4.0,0.054170248699714166,0.035173902140568786,0.02609756097560976,9.0,0.010715972964741678,0.4737799254332243
10,100,539,O'Nien,SUN,CHE,DEF,3.9,0.07831610332364938,0.09743658976484947,0.051281707317073176,11.5,0.011355880084614873,0.4722761708491342
10,95,665,Mills,NEW,FUL,MID,4.5,0.15320180349010698,0.02388068376194948,0.03303225806451613,11.2,0.019609737727658873,0.4699043116527513
10,95,666,Thompson,NEW,FUL,MID,4.5,0.15320180349010698,0.02388068376194948,0.03303225806451613,11.2,0.019609737727658873,0.4699043116527513
10,92,120,Svoboda,BHA,BRE,DEF,5.0,0.0665176002222452,0.022697499169812202,0.02609756097560976,9.0,0.006833720440151529,0.4698534252803391
10,95,442,Pope,NEW,FUL,GK,4.9,0.023528246256529318,0.04734370229096444,0.0,17.5,0.02246228809853844,0.4578474816791448
10,91,340,Gelhardt,HUL,ARS,MID,5.0,0.06878631782624511,0.009468322084845965,0.012903225806451613,9.0,0.009452011511563675,0.44471361956349614
10,92,89,Henry,BRE,BHA,DEF,4.4,0.05411319741404509,-0.0029037596393749893,0.051673170731707324,11.0,0.006587367907431017,0.44288993164210505
10,95,663,Pivas,NEW,FUL,DEF,4.0,0.07282650782754013,0.018955338215118578,0.06680975609756098,11.2,0.016054786328034892,0.41947418282261106
10,99,622,Braithwaite,MCI,NFO,DEF,4.0,0.044082311353931244,0.05207199866033903,0.029751219512195125,8.1,0.0033315389704295538,0.41039708508422573
10,94,243,Alcaraz,EVE,COV,MID,4.9,0.05253293568505185,0.018363865324377147,0.012129032258064516,8.8,0.011430640296335191,0.40894434698804943
10,96,321,Walle Egeli,IPS,BOU,FWD,4.5,0.17709825853992744,0.0,0.0010526315789473684,6.7,0.011362138154464036,0.40879338557488976
10,97,344,Gruev,LEE,TOT,MID,5.0,0.11483202571939194,0.04034860937625655,0.027096774193548386,8.9,0.012992776191640236,0.3920122188647522
10,92,660,Fredrick,BRE,BHA,DEF,4.0,0.07317429451234364,-0.003754355897373704,0.06680975609756098,11.2,0.007277568179034175,0.3883350572459215
10,99,493,Kalimuendo,NFO,MCI,FWD,5.4,0.1554587381437331,0.0,0.0010526315789473684,6.7,0.003480055862864503,0.379043544838508
10,96,308,Furlong,IPS,BOU,DEF,3.9,0.05157043425950931,0.04205134776307623,0.02609756097560976,7.1,0.010316581980724469,0.37625305814681587
10,98,435,Lacey,MUN,AVL,MID,4.9,0.1155755016610403,0.017342286830905548,0.012903225806451613,6.7,0.00791900022940588,0.3727495307462489
10,100,159,Caicedo,CHE,SUN,MID,5.3,0.06932165963135105,0.017637817218055348,0.027870967741935482,11.0,0.013312761944681766,0.37188443852075
10,94,185,Sakamoto,COV,EVE,MID,4.8,0.08717266661030315,0.01390765649542703,0.012903225806451613,7.1,0.01125077329699355,0.3689538404236275
10,99,396,Vitor Reis,MCI,NFO,DEF,4.5,0.03864005069295208,0.04567719180731494,0.02609756097560976,7.1,0.003206618209687467,0.3594900782003851
10,91,574,Hjertø-Dahl,HUL,ARS,MID,4.9,0.053581842229240055,0.009468322084845965,0.012903225806451613,7.6,0.008698167104557888,0.35572383573939503
10,96,62,Diakité,BOU,IPS,DEF,4.9,0.0,0.06630935452681383,0.05480487804878049,9.4,0.010860568194774432,0.3416022517507609
10,99,392,Aït-Nouri,MCI,NFO,DEF,5.3,0.03927069846100626,0.07856476990858169,0.044887804878048776,7.0,0.0037469129498687295,0.32905206055383907
10,92,658,Ibrahim,BHA,BRE,MID,4.5,0.11747213424210987,0.02000105253209717,0.021935483870967745,7.5,0.007259970878203071,0.32671763389515446
10,95,659,Miley,NEW,FUL,MID,4.5,0.1025904934085538,0.015858266560669576,0.021935483870967745,7.5,0.016015996976067134,0.31644923318803486
10,100,651,J.Angulo,SUN,CHE,FWD,4.5,0.17767964278523188,0.0,0.0014105263157894738,5.9,0.01018010067631496,0.31496506232668203
10,94,655,Gboho,COV,EVE,MID,5.5,0.0951387588282328,0.02364301604222595,0.021935483870967745,7.5,0.011456858825958439,0.3122231099391615
10,92,657,Nunes,BRE,BHA,MID,4.5,0.10308041951731917,0.01364057503242385,0.021935483870967745,7.5,0.007259970878203071,0.3059654416706904
10,95,636,Ángel,FUL,NEW,MID,5.0,0.11516927926367829,0.022360166173744735,0.01729032258064516,5.9,0.014673310402445412,0.2949449524196446
10,97,147,Tosin,TOT,LEE,DEF,4.4,0.0,0.007343712125848768,0.013570731707317074,6.2,0.011229207643410195,0.294551978212477
10,91,285,McNair,HUL,ARS,DEF,4.0,0.021740452860473845,0.008323224585153347,0.02609756097560976,6.7,0.0072704384357641936,0.2854894380846105
10,98,35,Bogarde,AVL,MUN,MID,4.9,0.0,0.008868524279039827,0.020387096774193546,8.9,0.007118362081848962,0.283896608412979
10,92,661,Balcombe,BRE,BHA,GK,4.0,0.001413084862579516,0.002357408575842973,0.0,11.2,0.007662844058355897,0.2723222263856672
10,94,654,Graham,EVE,COV,MID,4.5,0.089953610202752,0.026178276100707852,0.01729032258064516,5.9,0.010496018765889837,0.26937010164912584
10,95,272,Kusi-Asare,FUL,NEW,FWD,4.5,0.14671261692711107,0.0,0.0010526315789473684,4.4,0.013318728868263421,0.2549072124958678
10,97,497,Dubravka,TOT,LEE,GK,4.0,0.0,0.033043219089531575,0.0,9.8,0.012061016191449319,0.25199312416986974
10,95,626,Zepa,FUL,NEW,MID,4.5,0.09760108412176124,0.01902282793885746,0.014709677419354838,5.0,0.01396808315835628,0.2516676675528476
10,100,613,Ahoka,SUN,CHE,MID,4.5,0.08815064923323349,0.016262579783545488,0.014709677419354838,5.0,0.009884480899445245,0.23537338225009677
10,99,628,Allan,MCI,NFO,MID,6.0,0.0676720368373848,0.02117835823007085,0.01729032258064516,5.9,0.0033773043098782865,0.23496989595711007
10,99,653,Samba,MCI,NFO,MID,4.5,0.0676720368373848,0.02117835823007085,0.01729032258064516,5.9,0.0033773043098782865,0.23496989595711007
10,97,629,Zetterer,LEE,TOT,GK,4.0,0.0009696459200261108,0.08623637166412333,0.0,5.9,0.010977936501889399,0.23454506519714996
10,97,603,Lienou,LEE,TOT,DEF,4.0,0.037445888444583575,0.0635985787837201,0.02609756097560976,4.4,0.010108829699212372,0.23271891997090868
10,93,351,Mamardashvili,LIV,CRY,GK,4.9,0.0,0.06694392528176989,0.0,6.7,0.009763230007980787,0.22670715528975066
10,98,667,Wright,AVL,MUN,GK,4.0,0.0012930423596041701,-0.0447787577423932,0.0,11.2,0.008711488826016259,0.22611466233211613
10,91,3,Meslier,ARS,HUL,GK,4.9,0.0006015575909936356,0.11593363162128241,0.0,4.4,0.006832716343436306,0.22514568333349008
10,91,2,Arrizabalaga,ARS,HUL,GK,4.9,0.0006015575909936356,0.11593363162128241,0.0,4.4,0.006832716343436306,0.22514568333349008
10,95,270,Reed,FUL,NEW,MID,4.4,0.0858889540271499,0.016686691174436368,0.012903225806451613,4.4,0.013516843741462786,0.22263779027427627
10,98,424,Amass,MUN,AVL,DEF,4.0,0.03674837995019807,0.05389347803638988,0.02609756097560976,4.4,0.006437518579243975,0.21864499960922457
10,91,556,Targett,HUL,ARS,DEF,4.0,0.016849371928013415,0.006325650684716546,0.019834146341463414,5.0,0.006881071424398,0.21640974312380146
10,97,604,Cresswell,LEE,TOT,MID,4.5,0.0787732079174355,0.019213623512503122,0.012903225806451613,4.4,0.010935711566527524,0.2154678443276934
10,93,382,Danns,LIV,CRY,FWD,4.5,0.10822127167761436,0.0,0.0010526315789473684,4.4,0.009359665398011165,0.21245680377611886
10,93,359,Gomez,LIV,CRY,DEF,4.9,0.04144560094550473,0.04754528313716621,0.02766341463414634,3.6,0.008607172200891335,0.2100190466752844
10,98,437,Bendito Mantato,MUN,AVL,MID,4.4,0.07730589110550512,0.017342286830905548,0.012903225806451613,4.4,0.006964433076672348,0.20815791234431028
10,98,438,Fletcher,MUN,AVL,MID,4.4,0.07730589110550512,0.017342286830905548,0.012903225806451613,4.4,0.006964433076672348,0.20815791234431028
10,98,434,J.Fletcher,MUN,AVL,MID,4.9,0.07730589110550512,0.017342286830905548,0.012903225806451613,4.4,0.006964433076672348,0.20815791234431028
10,100,550,Jocelin.T,SUN,CHE,MID,5.0,0.07757257132524548,0.014265420862759202,0.012903225806451613,4.4,0.009565049383588955,0.20794834290282088
10,92,614,Hadjam,BHA,BRE,DEF,4.5,0.03722795732603023,0.02587514905358591,0.029751219512195125,5.0,0.00578965727045549,0.20708496278474728
10,96,303,Kipré,IPS,BOU,DEF,3.9,0.03296526350631336,0.04205134776307623,0.02609756097560976,4.4,0.009443741911571385,0.20602597622435362
10,91,645,Mouzakitis,HUL,ARS,MID,5.0,0.042212673561300915,0.012687551593693594,0.01729032258064516,5.9,0.007863588844562654,0.20550601057933326
10,93,361,Lucky,LIV,CRY,DEF,4.0,0.030116749064424235,0.044854040695439815,0.02609756097560976,4.4,0.008780604856255314,0.20531701765951202
10,96,310,Matusiwa,IPS,BOU,MID,4.9,0.06934752155977986,0.01514082442406304,0.012903225806451613,4.4,0.010216327778046649,0.2012499750931168
10,96,324,Mehmeti,IPS,BOU,MID,4.8,0.06934752155977986,0.01514082442406304,0.012903225806451613,4.4,0.010216327778046649,0.2012499750931168
10,97,625,Cairns,LEE,TOT,GK,4.0,0.0008217338305306022,0.0731332338155486,0.0,5.0,0.010575674858358485,0.2001417536155488
10,100,169,Mheuka,CHE,SUN,FWD,4.5,0.095186158025876,0.0,0.0010526315789473684,4.4,0.009424806642805232,0.19948683136917458
10,93,218,Doucouré,CRY,LIV,MID,4.8,0.06844287702980176,0.011036647410747159,0.012903225806451613,4.4,0.009498936659768798,0.19552376243154498
10,93,221,Drakes-Thomas,CRY,LIV,MID,4.5,0.06844287702980176,0.011036647410747159,0.012903225806451613,4.4,0.009498936659768798,0.19552376243154498
10,93,378,McConnell,LIV,CRY,MID,4.4,0.0633552316260313,0.015653211665973596,0.012903225806451613,4.4,0.009498936659768798,0.19505268128300093
10,93,374,Endo,LIV,CRY,MID,4.9,0.0633552316260313,0.015653211665973596,0.012903225806451613,4.4,0.009498936659768798,0.19505268128300093
10,92,134,Oriola,BHA,BRE,MID,4.5,0.06891698542203778,0.011765325018880689,0.012903225806451613,4.4,0.006126343278745512,0.19335395505089123
10,94,178,Bidwell,COV,EVE,DEF,4.0,0.026532275721152177,0.035173902140568786,0.02609756097560976,4.4,0.008937331879836986,0.19220913278495055
10,96,573,Sanchez,BOU,IPS,DEF,4.4,0.027245803266624853,0.031575883108006596,0.02609756097560976,4.4,0.009443741911571385,0.18983105132959546
10,96,66,Soler,BOU,IPS,DEF,4.0,0.027245803266624853,0.031575883108006596,0.02609756097560976,4.4,0.009443741911571385,0.18983105132959546
10,94,189,Shepherd,COV,EVE,MID,4.4,0.05581473851256325,0.01390765649542703,0.012903225806451613,4.4,0.009668493361310407,0.18593618970052792
10,97,524,Olusesi,TOT,LEE,MID,4.4,0.057336041920023215,0.010371250938047999,0.012903225806451613,4.4,0.010935711566527524,0.18518830575582598
10,97,601,Williams-Barnett,TOT,LEE,MID,4.5,0.057336041920023215,0.010371250938047999,0.012903225806451613,4.4,0.010935711566527524,0.18518830575582598
10,92,117,Coppola,BHA,BRE,DEF,4.5,0.0327606024469066,0.022697499169812202,0.02609756097560976,4.4,0.005662907481724986,0.18268663214183645
10,98,630,Harwood-Bellis,AVL,MUN,DEF,4.5,0.035272564907134776,-0.026638007722233296,0.03497073170731708,5.9,0.006803863370152599,0.1783095082168982
10,94,227,Travers,EVE,COV,GK,5.0,0.0006158211073631813,0.06567792540396432,0.0,4.4,0.009120267640066775,0.17719179192917203
10,94,228,King,EVE,COV,GK,4.5,0.0006158211073631813,0.06567792540396432,0.0,4.4,0.009120267640066775,0.17719179192917203
10,98,50,Burrowes,AVL,MUN,MID,4.5,0.055336552494448396,0.005612990050025207,0.012903225806451613,4.4,0.006964433076672346,0.17445927695237323
10,99,476,O.Richards,NFO,MCI,DEF,4.0,0.02846374072428428,0.020794759579281747,0.02609756097560976,4.4,0.0028755088837440074,0.17369963223070267
10,97,510,Rowswell,TOT,LEE,DEF,4.0,0.02725544745926165,0.014122523318939938,0.02609756097560976,4.4,0.010108829699212372,0.17305242352080658
10,97,509,Byfield,TOT,LEE,DEF,4.0,0.02725544745926165,0.014122523318939938,0.02609756097560976,4.4,0.010108829699212372,0.17305242352080658
10,97,508,Davies,TOT,LEE,DEF,3.9,0.02725544745926165,0.014122523318939938,0.02609756097560976,4.4,0.010108829699212372,0.17305242352080658
10,98,131,Baleba,MUN,AVL,MID,4.9,0.0,0.02358551009003155,0.017548387096774195,4.8,0.006476388809865731,0.17302948405256455
10,94,623,Bentley,COV,EVE,GK,4.0,0.0005822393182979782,0.04072910244235611,0.0,5.0,0.009350132762846786,0.166272585634612
10,95,251,Lecomte,FUL,NEW,GK,4.0,0.0007884472110737811,0.0508554110052037,0.0,4.4,0.012750660083626566,0.1661722960776818
10,96,615,Di Gregorio,BOU,IPS,GK,4.5,0.0005978973717581884,0.03662736074523522,0.0,5.0,0.009879930364450657,0.16271629959255518
10,98,325,Darlow,MUN,AVL,GK,4.5,0.0,0.05334339200387545,0.0,4.7,0.006672239600596399,0.1586418942307345
10,93,355,Davies,LIV,CRY,GK,4.0,0.0005815911516012599,0.045290220529595054,0.0,4.4,0.008960330757775602,0.1566099202167497
10,93,352,Woodman,LIV,CRY,GK,4.0,0.0005815911516012599,0.045290220529595054,0.0,4.4,0.008960330757775602,0.1566099202167497
10,100,561,Anselmino,CHE,SUN,DEF,4.5,0.026489225188664242,-0.00047295510542076646,0.02609756097560976,4.4,0.008841707584124883,0.15642360071076103
10,91,292,Ömür,HUL,ARS,MID,4.9,0.03148063791012272,0.009468322084845965,0.012903225806451613,4.4,0.007243504780128251,0.1547377661063242
10,91,294,Zambrano,HUL,ARS,MID,4.5,0.03148063791012272,0.009468322084845965,0.012903225806451613,4.4,0.007243504780128251,0.1547377661063242
10,91,288,Dowell,HUL,ARS,MID,4.5,0.03148063791012272,0.009468322084845965,0.012903225806451613,4.4,0.007243504780128251,0.1547377661063242
10,96,301,Palmer,IPS,BOU,GK,4.0,0.0006365994392178035,0.04248752759723147,0.0,4.4,0.009637042075664912,0.15453894688989195
10,96,302,Button,IPS,BOU,GK,4.0,0.0006365994392178035,0.04248752759723147,0.0,4.4,0.009637042075664912,0.15453894688989195
10,92,92,Ji-soo,BRE,BHA,DEF,4.4,0.028747044272706433,-0.0014665452724116068,0.02609756097560976,4.4,0.005662907481724986,0.15450902952541246
10,91,284,McCarthy,HUL,ARS,DEF,4.0,0.014964738475324507,0.008323224585153347,0.02609756097560976,4.4,0.00669564335821698,0.15154922946208746
10,99,587,Rulli,MCI,NFO,GK,5.0,0.0004632817801174294,0.04611337164147018,0.0,4.4,0.0029343976044517443,0.1512888288038171
10,99,386,Bettinelli,MCI,NFO,GK,4.5,0.0004632817801174294,0.04611337164147018,0.0,4.4,0.0029343976044517443,0.1512888288038171
10,100,531,Ellborg,SUN,CHE,GK,4.5,0.0007121041140852431,0.03762571791234205,0.0,4.4,0.00902268682154476,0.14913828662574982
10,94,172,Wilson,COV,EVE,GK,4.4,0.0005123706001022209,0.035610081974724025,0.0,4.4,0.009120267640066775,0.14702049799267078
10,96,58,Forster,BOU,IPS,GK,4.0,0.0005261496871472058,0.032012062942161836,0.0,4.4,0.009637042075664912,0.1439530324827517
10,100,158,Gittens,CHE,SUN,MID,5.8,0.029702877405628138,0.006532524895576056,0.01032258064516129,2.4,0.00849384047260882,0.1380518234189743
10,98,606,Rowe,AVL,MUN,DEF,4.0,0.026304963659558138,-0.01987911024047261,0.02609756097560976,4.4,0.006437518579243975,0.13442899504172212
10,98,38,A.García,AVL,MUN,DEF,4.0,0.026304963659558138,-0.01987911024047261,0.02609756097560976,4.4,0.006437518579243975,0.13442899504172212
10,92,111,Steele,BHA,BRE,GK,4.0,0.0006326471845779123,0.02313367900396744,0.0,4.4,0.0057788563864110834,0.1313229603527342
10,93,555,Matthews,CRY,LIV,GK,4.0,0.0006282949434330612,0.018703659475821824,0.0,4.4,0.008960330757775602,0.13007006295480825
10,97,495,Austin,TOT,LEE,GK,4.0,0.0005263359282680486,0.014558703153095176,0.0,4.4,0.010315716294124701,0.12717853315326572
10,99,468,John,NFO,MCI,GK,4.5,0.000549669544720917,0.021230939413436987,0.0,4.4,0.002934397604451744,0.12649278434038744
10,99,590,Benda,NFO,MCI,GK,4.5,0.000549669544720917,0.021230939413436987,0.0,4.4,0.002934397604451744,0.12649278434038744
10,95,443,Gillespie,NEW,FUL,GK,4.5,0.0005525019804749119,0.00784060882443593,0.0,4.4,0.012750660083626566,0.12292154866631519
10,91,273,Phillips,HUL,ARS,GK,4.0,0.00028898734935360625,0.008759404419308585,0.0,4.4,0.006832716343436306,0.11765888588987627
10,100,560,Penders,CHE,SUN,GK,4.4,0.0005115392418200521,-3.677527126552812e-05,0.0,4.4,0.00902268682154476,0.11127522856987708
10,92,83,Valdimarsson,BRE,BHA,GK,4.5,0.0005551404817276671,-0.0010303654382563684,0.0,4.4,0.0057788563864110834,0.10708140920766017
10,100,152,Palestra,CHE,SUN,DEF,5.3,0.013244612594332121,-0.00023647755271038323,0.01304878048780488,2.2,0.008152610365997473,0.08244355692931554
10,95,444,Jaouen,NEW,FUL,GK,4.4,0.00027625099023745596,0.003759718316822129,0.0,2.2,0.011638746579280336,0.06706360477522881
10,99,489,Yates,NFO,MCI,MID,4.5,0.018251505761191666,0.004580074644675734,0.005161290322580645,1.7,0.00266629391697042,0.06418740384807627
10,95,448,Burn,NEW,FUL,DEF,4.8,0.0,0.0,0.0,0.0,0.010623714733457662,0.010623714733457662
10,95,451,A.Murphy,NEW,FUL,DEF,4.0,0.0,0.0,0.0,0.0,0.010623714733457662,0.010623714733457662
10,95,463,Woltemade,NEW,FUL,FWD,5.9,0.0,0.0,0.0,0.0,0.010623714733457662,0.010623714733457662
10,95,465,Osula,NEW,FUL,FWD,5.8,0.0,0.0,0.0,0.0,0.010623714733457662,0.010623714733457662
10,95,466,Neave,NEW,FUL,FWD,4.5,0.0,0.0,0.0,0.0,0.010623714733457662,0.010623714733457662
10,95,454,Elanga,NEW,FUL,MID,6.1,0.0,0.0,0.0,0.0,0.010623714733457662,0.010623714733457662
10,95,456,J.Ramsey,NEW,FUL,MID,4.9,0.0,0.0,0.0,0.0,0.010623714733457662,0.010623714733457662
10,95,458,Joelinton,NEW,FUL,MID,5.4,0.0,0.0,0.0,0.0,0.010623714733457662,0.010623714733457662
10,95,593,Dedić,NEW,FUL,DEF,4.5,0.0,0.0,0.0,0.0,0.010623714733457662,0.010623714733457662
10,95,609,Shahar,NEW,FUL,DEF,4.0,0.0,0.0,0.0,0.0,0.010623714733457662,0.010623714733457662
10,95,252,McNally,FUL,NEW,GK,4.0,0.0,0.0,0.0,0.0,0.010623714733457659,0.010623714733457659
10,95,266,Cairney,FUL,NEW,MID,4.9,0.0,0.0,0.0,0.0,0.010623714733457659,0.010623714733457659
10,95,610,De Fougerolles,FUL,NEW,DEF,4.0,0.0,0.0,0.0,0.0,0.010623714733457659,0.010623714733457659
10,97,342,Harrison,LEE,TOT,MID,5.0,0.0,0.0,0.0,0.0,0.008594669280198364,0.008594669280198364
10,97,341,Gnonto,LEE,TOT,MID,5.0,0.0,0.0,0.0,0.0,0.008594669280198364,0.008594669280198364
10,97,333,Bornauw,LEE,TOT,DEF,4.5,0.0,0.0,0.0,0.0,0.008594669280198364,0.008594669280198364
10,97,329,Rodon,LEE,TOT,DEF,4.3,0.0,0.0,0.0,0.0,0.008594669280198364,0.008594669280198364
10,97,349,Mateo Joseph,LEE,TOT,FWD,4.5,0.0,0.0,0.0,0.0,0.008594669280198364,0.008594669280198364
10,97,348,Piroe,LEE,TOT,FWD,5.0,0.0,0.0,0.0,0.0,0.008594669280198364,0.008594669280198364
10,97,260,Wilson,LEE,TOT,MID,6.2,0.0,0.0,0.0,0.0,0.008594669280198364,0.008594669280198364
10,97,326,Perri,LEE,TOT,GK,4.5,0.0,0.0,0.0,0.0,0.008594669280198364,0.008594669280198364
10,97,518,P.M.Sarr,TOT,LEE,MID,4.9,0.0,0.0,0.0,0.0,0.008594669280198364,0.008594669280198364
10,97,521,Kulusevski,TOT,LEE,MID,6.5,0.0,0.0,0.0,0.0,0.008594669280198364,0.008594669280198364
10,97,517,Odobert,TOT,LEE,MID,5.5,0.0,0.0,0.0,0.0,0.008594669280198364,0.008594669280198364
10,97,528,Scarlett,TOT,LEE,FWD,4.5,0.0,0.0,0.0,0.0,0.008594669280198364,0.008594669280198364
10,97,578,Mudryk,TOT,LEE,MID,5.3,0.0,0.0,0.0,0.0,0.008594669280198364,0.008594669280198364
10,97,523,Moore,TOT,LEE,MID,5.0,0.0,0.0,0.0,0.0,0.008594669280198364,0.008594669280198364
10,97,527,Richarlison,TOT,LEE,FWD,5.9,0.0,0.0,0.0,0.0,0.008594669280198364,0.008594669280198364
10,97,511,Souza,TOT,LEE,DEF,4.0,0.0,0.0,0.0,0.0,0.008594669280198364,0.008594669280198364
10,97,513,Xavi,TOT,LEE,MID,5.9,0.0,0.0,0.0,0.0,0.008594669280198364,0.008594669280198364
10,97,494,Vicario,TOT,LEE,GK,4.5,0.0,0.0,0.0,0.0,0.008594669280198364,0.008594669280198364
10,97,500,Romero,TOT,LEE,DEF,5.0,0.0,0.0,0.0,0.0,0.008594669280198364,0.008594669280198364
10,97,505,Spence,TOT,LEE,DEF,4.5,0.0,0.0,0.0,0.0,0.008594669280198364,0.008594669280198364
10,97,507,Phillips,TOT,LEE,DEF,4.5,0.0,0.0,0.0,0.0,0.008594669280198364,0.008594669280198364
10,96,311,Burns,IPS,BOU,MID,5.0,0.0,0.0,0.0,0.0,0.008029048676202617,0.008029048676202617
10,96,312,Taylor,IPS,BOU,MID,4.4,0.0,0.0,0.0,0.0,0.008029048676202617,0.008029048676202617
10,96,314,Ogbene,IPS,BOU,MID,4.9,0.0,0.0,0.0,0.0,0.008029048676202617,0.008029048676202617
10,96,315,Fatawu,IPS,BOU,MID,5.4,0.0,0.0,0.0,0.0,0.008029048676202617,0.008029048676202617
10,96,317,Hirst,IPS,BOU,FWD,5.0,0.0,0.0,0.0,0.0,0.008029048676202617,0.008029048676202617
10,96,319,Szmodics,IPS,BOU,MID,5.0,0.0,0.0,0.0,0.0,0.008029048676202617,0.008029048676202617
10,96,322,Al-Hamadi,IPS,BOU,FWD,5.0,0.0,0.0,0.0,0.0,0.008029048676202617,0.008029048676202617
10,96,554,Van Oevelen,IPS,BOU,GK,4.5,0.0,0.0,0.0,0.0,0.008029048676202617,0.008029048676202617
10,96,602,Humphreys,IPS,BOU,MID,4.5,0.0,0.0,0.0,0.0,0.008029048676202617,0.008029048676202617
10,96,307,Johnson,IPS,BOU,DEF,4.0,0.0,0.0,0.0,0.0,0.008029048676202617,0.008029048676202617
10,96,59,Dennis,BOU,IPS,GK,4.0,0.0,0.0,0.0,0.0,0.008029048676202617,0.008029048676202617
10,96,63,Milosavljević,BOU,IPS,DEF,4.9,0.0,0.0,0.0,0.0,0.008029048676202617,0.008029048676202617
10,96,65,J.Araujo,BOU,IPS,DEF,4.4,0.0,0.0,0.0,0.0,0.008029048676202617,0.008029048676202617
10,96,70,Kluivert,BOU,IPS,MID,6.0,0.0,0.0,0.0,0.0,0.008029048676202617,0.008029048676202617
10,96,77,Adli,BOU,IPS,MID,4.9,0.0,0.0,0.0,0.0,0.008029048676202617,0.008029048676202617
10,96,78,Kroupi.Jr,BOU,IPS,MID,7.4,0.0,0.0,0.0,0.0,0.008029048676202617,0.008029048676202617
10,96,80,Enes Ünal,BOU,IPS,FWD,5.5,0.0,0.0,0.0,0.0,0.008029048676202617,0.008029048676202617
10,94,234,Patterson,EVE,COV,DEF,4.5,0.0,0.0,0.0,0.0,0.007598493279642707,0.007598493279642707
10,94,246,Röhl,EVE,COV,MID,4.9,0.0,0.0,0.0,0.0,0.007598493279642707,0.007598493279642707
10,94,235,Aznou,EVE,COV,DEF,4.0,0.0,0.0,0.0,0.0,0.007598493279642707,0.007598493279642707
10,94,248,Beto,EVE,COV,FWD,5.4,0.0,0.0,0.0,0.0,0.007598493279642707,0.007598493279642707
10,94,21,Nørgaard,EVE,COV,MID,4.9,0.0,0.0,0.0,0.0,0.007598493279642707,0.007598493279642707
10,94,171,Dovin,COV,EVE,GK,4.0,0.0,0.0,0.0,0.0,0.007598493279642706,0.007598493279642706
10,94,174,Kitching,COV,EVE,DEF,4.0,0.0,0.0,0.0,0.0,0.007598493279642706,0.007598493279642706
10,94,177,Kesler-Hayden,COV,EVE,DEF,3.9,0.0,0.0,0.0,0.0,0.007598493279642706,0.007598493279642706
10,94,180,Woolfenden,COV,EVE,DEF,4.0,0.0,0.0,0.0,0.0,0.007598493279642706,0.007598493279642706
10,94,181,Brau,COV,EVE,DEF,4.0,0.0,0.0,0.0,0.0,0.007598493279642706,0.007598493279642706
10,94,182,Amenda,COV,EVE,DEF,4.0,0.0,0.0,0.0,0.0,0.007598493279642706,0.007598493279642706
10,94,187,Eccles,COV,EVE,MID,4.8,0.0,0.0,0.0,0.0,0.007598493279642706,0.007598493279642706
10,94,191,Borges Rodrigues,COV,EVE,MID,4.5,0.0,0.0,0.0,0.0,0.007598493279642706,0.007598493279642706
10,94,192,Andrews,COV,EVE,MID,4.5,0.0,0.0,0.0,0.0,0.007598493279642706,0.007598493279642706
10,94,193,Wright,COV,EVE,FWD,5.4,0.0,0.0,0.0,0.0,0.007598493279642706,0.007598493279642706
10,94,196,Markelo,COV,EVE,FWD,5.0,0.0,0.0,0.0,0.0,0.007598493279642706,0.007598493279642706
10,94,197,Bassette,COV,EVE,FWD,4.5,0.0,0.0,0.0,0.0,0.007598493279642706,0.007598493279642706
10,94,492,Awoniyi,COV,EVE,FWD,5.4,0.0,0.0,0.0,0.0,0.007598493279642706,0.007598493279642706
10,100,543,Diarra,SUN,CHE,MID,5.4,0.0,0.0,0.0,0.0,0.0075171890061798505,0.0075171890061798505
10,100,530,Patterson,SUN,CHE,GK,4.0,0.0,0.0,0.0,0.0,0.0075171890061798505,0.0075171890061798505
10,100,537,Seelt,SUN,CHE,DEF,4.5,0.0,0.0,0.0,0.0,0.0075171890061798505,0.0075171890061798505
10,100,538,Hjelde,SUN,CHE,DEF,4.0,0.0,0.0,0.0,0.0,0.0075171890061798505,0.0075171890061798505
10,100,540,Masuaku,SUN,CHE,DEF,4.0,0.0,0.0,0.0,0.0,0.0075171890061798505,0.0075171890061798505
10,100,546,Adingra,SUN,CHE,MID,4.9,0.0,0.0,0.0,0.0,0.0075171890061798505,0.0075171890061798505
10,100,547,Mundle,SUN,CHE,MID,4.9,0.0,0.0,0.0,0.0,0.0075171890061798505,0.0075171890061798505
10,100,140,Sánchez,CHE,SUN,GK,4.9,0.0,0.0,0.0,0.0,0.0075171890061798505,0.0075171890061798505
10,100,163,D.Essugo,CHE,SUN,MID,4.5,0.0,0.0,0.0,0.0,0.0075171890061798505,0.0075171890061798505
10,100,168,Marc Guiu,CHE,SUN,FWD,5.0,0.0,0.0,0.0,0.0,0.0075171890061798505,0.0075171890061798505
10,100,170,Emegha,CHE,SUN,FWD,5.0,0.0,0.0,0.0,0.0,0.0075171890061798505,0.0075171890061798505
10,100,143,Chalobah,CHE,SUN,DEF,5.5,0.0,0.0,0.0,0.0,0.0075171890061798505,0.0075171890061798505
10,100,146,B.Badiashile,CHE,SUN,DEF,4.5,0.0,0.0,0.0,0.0,0.0075171890061798505,0.0075171890061798505
10,100,150,M.Sarr,CHE,SUN,DEF,4.5,0.0,0.0,0.0,0.0,0.0075171890061798505,0.0075171890061798505
10,100,141,Jörgensen,CHE,SUN,GK,5.0,0.0,0.0,0.0,0.0,0.0075171890061798505,0.0075171890061798505
10,93,205,Sosa,CRY,LIV,DEF,4.5,0.0,0.0,0.0,0.0,0.007465255742211425,0.007465255742211425
10,93,198,Henderson,CRY,LIV,GK,5.0,0.0,0.0,0.0,0.0,0.007465255742211425,0.007465255742211425
10,93,225,Uche,CRY,LIV,FWD,5.0,0.0,0.0,0.0,0.0,0.007465255742211425,0.007465255742211425
10,93,153,Disasi,CRY,LIV,DEF,4.5,0.0,0.0,0.0,0.0,0.007465255742211425,0.007465255742211425
10,93,215,Devenny,CRY,LIV,MID,5.0,0.0,0.0,0.0,0.0,0.007465255742211425,0.007465255742211425
10,93,206,Chadi Riad,CRY,LIV,DEF,4.3,0.0,0.0,0.0,0.0,0.007465255742211425,0.007465255742211425
10,93,216,Esse,CRY,LIV,MID,5.0,0.0,0.0,0.0,0.0,0.007465255742211425,0.007465255742211425
10,93,223,Mateta,CRY,LIV,FWD,6.3,0.0,0.0,0.0,0.0,0.007465255742211425,0.007465255742211425
10,93,217,M.França,CRY,LIV,MID,4.9,0.0,0.0,0.0,0.0,0.007465255742211425,0.007465255742211425
10,93,219,J.Rak-Sakyi,CRY,LIV,MID,4.9,0.0,0.0,0.0,0.0,0.007465255742211425,0.007465255742211425
10,93,220,Cardines,CRY,LIV,DEF,4.5,0.0,0.0,0.0,0.0,0.007465255742211425,0.007465255742211425
10,93,353,Pecsi,LIV,CRY,GK,4.0,0.0,0.0,0.0,0.0,0.007465255742211425,0.007465255742211425
10,93,354,Jaros,LIV,CRY,GK,4.0,0.0,0.0,0.0,0.0,0.007465255742211425,0.007465255742211425
10,93,360,Bradley,LIV,CRY,DEF,5.0,0.0,0.0,0.0,0.0,0.007465255742211425,0.007465255742211425
10,93,363,Leoni,LIV,CRY,DEF,4.0,0.0,0.0,0.0,0.0,0.007465255742211425,0.007465255742211425
10,93,365,Ramsay,LIV,CRY,DEF,4.0,0.0,0.0,0.0,0.0,0.007465255742211425,0.007465255742211425
10,93,370,Chiesa,LIV,CRY,MID,5.3,0.0,0.0,0.0,0.0,0.007465255742211425,0.007465255742211425
10,93,373,C.Jones,LIV,CRY,MID,5.5,0.0,0.0,0.0,0.0,0.007465255742211425,0.007465255742211425
10,93,376,Bajcetic,LIV,CRY,MID,5.0,0.0,0.0,0.0,0.0,0.007465255742211425,0.007465255742211425
10,93,380,Ekitiké,LIV,CRY,FWD,7.4,0.0,0.0,0.0,0.0,0.007465255742211425,0.007465255742211425
10,93,383,Elliott,LIV,CRY,MID,5.4,0.0,0.0,0.0,0.0,0.007465255742211425,0.007465255742211425
10,91,6,Saliba,ARS,HUL,DEF,5.9,0.0,0.0,0.0,0.0,0.005692483918533146,0.005692483918533146
10,91,27,G.Jesus,ARS,HUL,FWD,5.9,0.0,0.0,0.0,0.0,0.005692483918533146,0.005692483918533146
10,91,24,Nelson,ARS,HUL,MID,5.5,0.0,0.0,0.0,0.0,0.005692483918533146,0.005692483918533146
10,91,23,Fábio Vieira,ARS,HUL,MID,5.5,0.0,0.0,0.0,0.0,0.005692483918533146,0.005692483918533146
10,91,22,Nwaneri,ARS,HUL,MID,5.4,0.0,0.0,0.0,0.0,0.005692483918533146,0.005692483918533146
10,91,18,Martinelli,ARS,HUL,MID,6.3,0.0,0.0,0.0,0.0,0.005692483918533146,0.005692483918533146
10,91,298,Destan,HUL,ARS,FWD,4.5,0.0,0.0,0.0,0.0,0.005692483918533146,0.005692483918533146
10,91,297,Gyabi,HUL,ARS,MID,4.4,0.0,0.0,0.0,0.0,0.005692483918533146,0.005692483918533146
10,91,296,Akintola,HUL,ARS,MID,5.0,0.0,0.0,0.0,0.0,0.005692483918533146,0.005692483918533146
10,91,293,Kamara,HUL,ARS,MID,5.0,0.0,0.0,0.0,0.0,0.005692483918533146,0.005692483918533146
10,91,291,Matazo,HUL,ARS,MID,4.5,0.0,0.0,0.0,0.0,0.005692483918533146,0.005692483918533146
10,91,287,Millar,HUL,ARS,MID,5.0,0.0,0.0,0.0,0.0,0.005692483918533146,0.005692483918533146
10,91,299,Burstow,HUL,ARS,FWD,4.5,0.0,0.0,0.0,0.0,0.005692483918533146,0.005692483918533146
10,91,563,Morita,HUL,ARS,MID,5.0,0.0,0.0,0.0,0.0,0.005692483918533146,0.005692483918533146
10,91,632,Ansah,HUL,ARS,FWD,5.0,0.0,0.0,0.0,0.0,0.005692483918533146,0.005692483918533146
10,91,274,Butland,HUL,ARS,GK,4.4,0.0,0.0,0.0,0.0,0.005692483918533146,0.005692483918533146
10,91,275,Cartwright,HUL,ARS,GK,4.0,0.0,0.0,0.0,0.0,0.005692483918533146,0.005692483918533146
10,91,276,Lo-Tutala,HUL,ARS,GK,4.0,0.0,0.0,0.0,0.0,0.005692483918533146,0.005692483918533146
10,91,278,Hughes,HUL,ARS,DEF,3.9,0.0,0.0,0.0,0.0,0.005692483918533146,0.005692483918533146
10,91,281,Drameh,HUL,ARS,DEF,4.0,0.0,0.0,0.0,0.0,0.005692483918533146,0.005692483918533146
10,91,283,Jacob,HUL,ARS,DEF,4.0,0.0,0.0,0.0,0.0,0.005692483918533146,0.005692483918533146
10,98,413,Bayindir,MUN,AVL,GK,4.5,0.0,0.0,0.0,0.0,0.005472782186987891,0.005472782186987891
10,98,414,Heaton,MUN,AVL,GK,4.0,0.0,0.0,0.0,0.0,0.005472782186987891,0.005472782186987891
10,98,416,De Ligt,MUN,AVL,DEF,5.0,0.0,0.0,0.0,0.0,0.005472782186987891,0.005472782186987891
10,98,425,Fredricson,MUN,AVL,DEF,4.0,0.0,0.0,0.0,0.0,0.005472782186987891,0.005472782186987891
10,98,431,Amad,MUN,AVL,MID,5.7,0.0,0.0,0.0,0.0,0.005472782186987891,0.005472782186987891
10,98,433,Ugarte,MUN,AVL,MID,5.0,0.0,0.0,0.0,0.0,0.005472782186987891,0.005472782186987891
10,98,436,Collyer,MUN,AVL,MID,5.0,0.0,0.0,0.0,0.0,0.005472782186987891,0.005472782186987891
10,98,441,Obi,MUN,AVL,FWD,4.5,0.0,0.0,0.0,0.0,0.005472782186987891,0.005472782186987891
10,98,39,Nedeljkovic,AVL,MUN,DEF,4.0,0.0,0.0,0.0,0.0,0.005472782186987891,0.005472782186987891
10,98,44,Bailey,AVL,MUN,MID,5.4,0.0,0.0,0.0,0.0,0.005472782186987891,0.005472782186987891
10,98,48,Onana,AVL,MUN,MID,4.9,0.0,0.0,0.0,0.0,0.005472782186987891,0.005472782186987891
10,98,49,Iling Jr,AVL,MUN,MID,5.0,0.0,0.0,0.0,0.0,0.005472782186987891,0.005472782186987891
10,98,36,Maatsen,AVL,MUN,DEF,4.4,0.0,0.0,0.0,0.0,0.005472782186987891,0.005472782186987891
10,98,607,Lynch,AVL,MUN,MID,4.5,0.0,0.0,0.0,0.0,0.005472782186987891,0.005472782186987891
10,98,618,Goretzka,AVL,MUN,MID,5.9,0.0,0.0,0.0,0.0,0.005472782186987891,0.005472782186987891
10,98,55,Watkins,AVL,MUN,FWD,7.8,0.0,0.0,0.0,0.0,0.005472782186987891,0.005472782186987891
10,98,582,Madjo,AVL,MUN,FWD,5.4,0.0,0.0,0.0,0.0,0.005472782186987891,0.005472782186987891
10,98,34,Pau,AVL,MUN,DEF,4.5,0.0,0.0,0.0,0.0,0.005472782186987891,0.005472782186987891
10,98,30,Digne,AVL,MUN,DEF,4.5,0.0,0.0,0.0,0.0,0.005472782186987891,0.005472782186987891
10,98,29,M.Bizot,AVL,MUN,GK,4.5,0.0,0.0,0.0,0.0,0.005472782186987891,0.005472782186987891
10,92,139,Ferguson,BHA,BRE,FWD,5.0,0.0,0.0,0.0,0.0,0.0048143653058640495,0.0048143653058640495
10,92,137,Tzimas,BHA,BRE,FWD,5.4,0.0,0.0,0.0,0.0,0.0048143653058640495,0.0048143653058640495
10,92,135,Yohanna,BHA,BRE,MID,4.9,0.0,0.0,0.0,0.0,0.0048143653058640495,0.0048143653058640495
10,92,133,Watson,BHA,BRE,MID,5.0,0.0,0.0,0.0,0.0,0.0048143653058640495,0.0048143653058640495
10,92,132,Howell,BHA,BRE,MID,4.5,0.0,0.0,0.0,0.0,0.0048143653058640495,0.0048143653058640495
10,92,624,Cozier-Duberry,BHA,BRE,MID,5.0,0.0,0.0,0.0,0.0,0.0048143653058640495,0.0048143653058640495
10,92,652,Azeez,BHA,BRE,MID,5.5,0.0,0.0,0.0,0.0,0.0048143653058640495,0.0048143653058640495
10,92,118,Igor,BHA,BRE,DEF,4.5,0.0,0.0,0.0,0.0,0.0048143653058640495,0.0048143653058640495
10,92,121,Mitoma,BHA,BRE,MID,5.9,0.0,0.0,0.0,0.0,0.0048143653058640495,0.0048143653058640495
10,92,122,Minteh,BHA,BRE,MID,5.8,0.0,0.0,0.0,0.0,0.0048143653058640495,0.0048143653058640495
10,92,123,Hinshelwood,BHA,BRE,MID,5.9,0.0,0.0,0.0,0.0,0.0048143653058640495,0.0048143653058640495
10,92,130,Wieffer,BHA,BRE,DEF,4.9,0.0,0.0,0.0,0.0,0.0048143653058640495,0.0048143653058640495
10,92,128,Buonanotte,BHA,BRE,MID,5.0,0.0,0.0,0.0,0.0,0.0048143653058640495,0.0048143653058640495
10,92,103,Dasilva,BRE,BHA,MID,4.9,0.0,0.0,0.0,0.0,0.0048143653058640495,0.0048143653058640495
10,92,107,Furo,BRE,BHA,FWD,4.5,0.0,0.0,0.0,0.0,0.0048143653058640495,0.0048143653058640495
10,92,99,Milambo,BRE,BHA,MID,5.0,0.0,0.0,0.0,0.0,0.0048143653058640495,0.0048143653058640495
10,92,84,Collins,BRE,BHA,DEF,5.4,0.0,0.0,0.0,0.0,0.0048143653058640495,0.0048143653058640495
10,92,85,Van den Berg,BRE,BHA,DEF,4.9,0.0,0.0,0.0,0.0,0.0048143653058640495,0.0048143653058640495
10,92,97,Jensen,BRE,BHA,MID,5.4,0.0,0.0,0.0,0.0,0.0048143653058640495,0.0048143653058640495
10,99,470,Morato,NFO,MCI,DEF,5.0,0.0,0.0,0.0,0.0,0.002444561923242054,0.002444561923242054
10,99,471,Milenković,NFO,MCI,DEF,5.4,0.0,0.0,0.0,0.0,0.002444561923242054,0.002444561923242054
10,99,479,Bindon,NFO,MCI,DEF,4.0,0.0,0.0,0.0,0.0,0.002444561923242054,0.002444561923242054
10,99,477,Abbott,NFO,MCI,DEF,4.0,0.0,0.0,0.0,0.0,0.002444561923242054,0.002444561923242054
10,99,475,Savona,NFO,MCI,DEF,4.5,0.0,0.0,0.0,0.0,0.002444561923242054,0.002444561923242054
10,99,485,Bakwa,NFO,MCI,MID,5.5,0.0,0.0,0.0,0.0,0.002444561923242054,0.002444561923242054
10,99,484,Hutchinson,NFO,MCI,MID,5.4,0.0,0.0,0.0,0.0,0.002444561923242054,0.002444561923242054
10,99,394,Alleyne,MCI,NFO,DEF,5.0,0.0,0.0,0.0,0.0,0.002444561923242054,0.002444561923242054
10,99,398,Foden,MCI,NFO,MID,6.9,0.0,0.0,0.0,0.0,0.002444561923242054,0.002444561923242054
10,99,410,Monga,MCI,NFO,MID,4.9,0.0,0.0,0.0,0.0,0.002444561923242054,0.002444561923242054
10,99,409,Mukasa,MCI,NFO,MID,4.5,0.0,0.0,0.0,0.0,0.002444561923242054,0.002444561923242054
10,99,408,Phillips,MCI,NFO,MID,5.0,0.0,0.0,0.0,0.0,0.002444561923242054,0.002444561923242054
10,99,407,Echeverri,MCI,NFO,MID,4.9,0.0,0.0,0.0,0.0,0.002444561923242054,0.002444561923242054
10,99,404,Reijnders,MCI,NFO,MID,6.0,0.0,0.0,0.0,0.0,0.002444561923242054,0.002444561923242054
10,99,402,Rodrigo,MCI,NFO,MID,6.5,0.0,0.0,0.0,0.0,0.002444561923242054,0.002444561923242054
11,108,411,Haaland,MCI,FUL,FWD,15.6,5.014584310214752,0.0,0.007073684210526316,84.7,2.297954617154307,9.136322398237223
11,107,426,B.Fernandes,MUN,LIV,MID,11.9,3.1929666686984843,0.17417205094302549,0.08738709677419355,85.7,2.3950226931316623,7.635291650582514
11,109,12,Saka,ARS,NEW,MID,9.5,3.333239144814832,0.40922825203918006,0.08099999999999999,73.8,1.1413446378131527,6.654223042360024
11,104,40,Rogers,CHE,LEE,MID,7.7,2.7943785212228476,0.26861030285641524,0.09,86.7,1.1519410450911522,6.031920182973246
11,108,397,Semenyo,MCI,FUL,MID,8.4,2.658873081650344,0.35821360928368057,0.08864516129032259,86.6,0.7532097086795247,5.644612015449328
11,102,480,Gibbs-White,NFO,BOU,MID,8.0,2.3476609507554933,0.24316335969134548,0.08738709677419355,85.4,1.042820358905273,5.568010218824847
11,109,4,Gabriel,ARS,NEW,DEF,8.0,1.054098696118484,1.5556936117065645,0.6052865853658537,83.1,0.7702920737414944,5.545561600541212
11,106,124,Groß,BHA,HUL,MID,5.8,1.5521707667146094,0.2644553071506024,0.08661290322580645,85.5,1.9949985072212422,5.51449754210288
11,102,68,Tavernier,BOU,NFO,MID,6.1,1.9142820087261296,0.300660285694312,0.0847741935483871,79.3,1.2472885045362427,5.091924714502849
11,108,388,Guéhi,MCI,FUL,DEF,6.0,1.4744937293244929,1.17983752055893,0.17674573170731708,86.3,0.39801931218803865,5.001433956116442
11,101,542,E.Le Fée,SUN,AVL,MID,5.7,2.0997685589671002,0.2350306200447916,0.08603225806451613,82.8,0.7125762211648505,4.889390949348694
11,103,106,Thiago,BRE,EVE,FWD,7.8,3.066473052516099,0.0,0.007231578947368421,85.9,0.16996296814623596,4.856970872041818
11,107,427,Mbeumo,MUN,LIV,MID,7.9,2.532998356124196,0.16896424875536029,0.0847741935483871,82.0,0.3454828662062554,4.7878700907645175
11,107,368,Szoboszlai,LIV,MUN,MID,7.0,1.958448934917564,0.1925545647530643,0.3152177419354839,85.5,0.5904268036480393,4.727788679725763
11,105,173,Thomas,COV,CRY,DEF,4.0,0.7904047852030496,1.1404485332309893,0.7934689024390245,76.7,0.29310003145020247,4.675853673818434
11,103,94,Schade,BRE,EVE,MID,6.2,2.015702876547763,0.30760890089170745,0.08545161290322581,81.9,0.4816497255956479,4.613435322997459
11,110,112,Van Hecke,TOT,IPS,DEF,4.9,1.142099940297172,0.7594391175723361,0.41319329268292687,88.4,0.6090169351327318,4.611265192416026
11,109,1,Raya,ARS,NEW,GK,6.1,0.003287514357834334,2.08767187527441,0.0,87.6,0.5829532759404689,4.548563771223819
11,108,399,Cherki,MCI,FUL,MID,7.8,2.2813876679211247,0.27609040191515116,0.09109677419354838,54.3,0.48976336149181116,4.545196395470323
11,104,335,Stach,LEE,CHE,MID,6.0,1.411298477705857,0.17134307835817467,0.7256854838709678,79.9,0.499634959907695,4.520604103201556
11,109,8,Calafiori,ARS,NEW,DEF,5.8,0.8819854629333623,1.4627096257195054,0.16010853658536586,70.2,0.24400878625554384,4.31898059161967
11,102,69,Scott,BOU,NFO,MID,6.1,0.7998511813547267,0.30752467577865705,0.5347096774193548,82.5,0.9681239483189619,4.295214776077708
11,102,566,Silva,BOU,NFO,DEF,5.0,0.8251342347645627,0.8882788739314423,1.0032189024390243,78.3,0.05724906224693963,4.273589659320903
11,101,544,Xhaka,SUN,AVL,MID,5.5,0.8099331524913573,0.23344436164178964,0.5269516129032258,84.2,1.131215510688731,4.2257913760494015
11,102,67,Rayan,BOU,NFO,MID,6.3,1.903183432860053,0.29860096866900854,0.08419354838709678,79.0,0.16896099641361823,4.210480596809825
11,103,236,Dewsbury-Hall,EVE,BRE,MID,6.6,1.649026142403606,0.16431649846572086,0.08419354838709678,82.2,0.700058228592594,4.206236925081863
11,109,15,Ødegaard,ARS,NEW,MID,6.8,1.638304639872762,0.38038181611288185,0.07529032258064516,61.7,0.46983576451356507,4.168812543079854
11,103,229,Tarkowski,EVE,BRE,DEF,6.1,0.4052854044002956,0.14950047353660667,0.8662902439024391,87.6,0.9530578917307606,4.148342858778946
11,107,356,Virgil,LIV,MUN,DEF,6.5,0.873561624673553,0.2859336924601903,0.8719646341463415,88.2,0.2532831808031987,4.041384280408642
11,105,176,Dasilva,COV,CRY,DEF,4.0,0.874702010983735,1.1404485332309893,0.1642189024390244,77.6,0.18699252274601244,4.024464166574644
11,104,346,Calvert-Lewin,LEE,CHE,FWD,6.0,2.2536364386864687,0.0,0.006907894736842106,78.7,0.21752791337663727,3.988019517075284
11,110,305,Davis,IPS,TOT,DEF,4.0,1.2728515907309519,0.7080706169324338,0.1642189024390244,78.3,0.14926444375470313,3.9522959579778654
11,108,391,Gvardiol,MCI,FUL,DEF,5.7,1.0452871226066751,1.016515604645457,0.15227926829268293,70.9,0.2624605199498566,3.9513659540953694
11,108,481,Anderson,MCI,FUL,MID,6.3,0.9727651358881925,0.36368848977491586,0.555,83.4,0.3412212836877499,3.949699408972323
11,103,82,Kelleher,BRE,EVE,GK,5.0,0.003326711611001112,1.6775866441001064,0.0,87.6,0.3811619296927785,3.9367263910549917
11,106,115,De Cuyper,BHA,HUL,DEF,4.9,1.2763349676167108,0.6284080476805016,0.15364939024390245,67.1,0.40650604537178847,3.890943742070344
11,101,533,Mukiele,SUN,AVL,DEF,5.4,1.0966752053923257,0.49799803194294595,0.6337121951219513,75.4,0.18190146468116752,3.8892591193606134
11,102,61,Truffert,BOU,NFO,DEF,5.4,0.539575444415637,0.9761538996004646,0.4109646341463415,87.9,0.1810467791741485,3.8499856574926823
11,110,591,Enciso,IPS,TOT,MID,5.5,1.385863145545005,0.254508454199674,0.08119354838709678,73.6,0.5194691905365911,3.806108232033025
11,107,428,Cunha,MUN,LIV,MID,7.9,1.4925126646828222,0.16645678844278072,0.08351612903225807,75.1,0.3077953510842846,3.7625706987566527
11,108,390,Rúben,MCI,FUL,DEF,5.5,0.7521427907695931,1.0857640969927695,0.1626530487804878,78.9,0.10583195728816294,3.760032337538778
11,102,469,N.Williams,NFO,BOU,DEF,5.0,0.6827256035547614,0.5935880337528395,0.40517012195121954,86.3,0.2880133092704115,3.7563183724204694
11,107,367,Gakpo,LIV,MUN,MID,7.2,1.6386457194905533,0.15442494797027928,0.28891244239631336,66.0,0.1443437707000158,3.739382982350106
11,101,41,Buendía,AVL,SUN,MID,5.9,1.4417203078553502,0.19066650788521278,0.281233870967742,66.1,0.28012131115905714,3.736912035810515
11,105,183,Rudoni,COV,CRY,MID,4.9,1.4455635482961346,0.2934776202152691,0.28970506912442395,57.7,0.24664833232622949,3.7342226869385318
11,107,379,Isak,LIV,MUN,FWD,9.1,2.102384173602271,0.0,0.005731578947368421,61.9,0.18919499308677168,3.7303579649438614
11,101,552,Brobbey,SUN,AVL,FWD,5.7,1.799656822855452,0.0,0.006544736842105263,70.0,0.40378296642059325,3.7196384132321016
11,110,259,Diop,IPS,TOT,DEF,4.0,0.4479551892926189,0.7156661301057257,0.8019804878048781,80.8,0.11219845682993186,3.7182467485830877
11,110,316,Emersonn,IPS,TOT,FWD,5.5,1.502296209044903,0.0,0.007569924812030076,61.4,0.556250317246488,3.7164267257639647
11,106,286,Belloumi,HUL,BHA,MID,5.1,1.2114343317934537,0.2080740316349076,0.33250691244239633,71.2,0.38385468722842203,3.7030891863268836
11,103,86,Lewis-Potter,BRE,EVE,MID,5.5,1.4790272032790472,0.2849649840650245,0.0904700460829493,70.4,0.17720844049247964,3.6981675889645884
11,108,384,Donnarumma,MCI,FUL,GK,5.5,0.0,1.7867430312039385,0.0,87.4,0.1497008322657528,3.6968092823645224
11,102,60,Hill,BOU,NFO,DEF,5.5,0.4166617967595358,0.8660454337019308,0.7736085365853659,77.8,0.10640852159729128,3.6701956050431277
11,102,472,Murillo,NFO,BOU,DEF,5.5,0.4099827729454696,0.5465711597922185,1.0008274390243903,78.7,0.15786139481797015,3.6617973031015034
11,106,109,Verbruggen,BHA,HUL,GK,4.5,0.05050614119025394,1.2801899128935847,0.0,88.2,0.45636167231934005,3.646856769465379
11,104,156,Neto,CHE,LEE,MID,6.5,1.4379513745700885,0.2247084038949366,0.08604608294930875,66.8,0.282703719851145,3.6289398418382715
11,107,366,Wirtz,LIV,MUN,MID,7.3,1.4081503611479067,0.18005652369648475,0.08225806451612903,73.1,0.22063555354864597,3.549848238909753
11,106,504,Vuskovic,BHA,HUL,DEF,5.0,0.4608473035197497,0.6716361172024725,0.5837189024390245,76.7,0.16130333404220326,3.535937078698619
11,104,154,Palmer,CHE,LEE,MID,9.7,1.8124416648660446,0.17994002008553406,0.06029032258064516,56.7,0.33173735046496455,3.531886974542288
11,108,237,Ndiaye,MCI,FUL,MID,5.8,1.0966373826008686,0.283911659759773,0.4951520737327189,67.0,0.1262453660385709,3.523817382158171
11,105,204,Mitchell,CRY,COV,DEF,4.5,0.6535565395937315,0.5679801895058192,0.17792012195121953,82.1,0.3322940036714913,3.5214829685294573
11,107,43,Tielemans,MUN,LIV,MID,5.8,0.6678033940850249,0.17070018281791535,0.5281451612903226,76.8,0.291764117409246,3.483412855602509
11,101,532,Ballard,SUN,AVL,DEF,4.9,0.5999275882404431,0.5192426154888181,0.7859030487804878,77.5,0.09799089366604818,3.4816314611162467
11,105,110,Rushworth,COV,CRY,GK,4.5,0.013786092435839416,1.5109446616741724,0.0,78.3,0.23759002635621776,3.4814571441025928
11,104,338,Ampadu,LEE,CHE,MID,5.4,0.40122207210551414,0.18054002305417938,0.7646370967741936,86.1,0.42058498007077433,3.4784114359878733
11,110,503,Van de Ven,TOT,IPS,DEF,5.0,0.9302264512288412,0.6644068223852906,0.18141533101045298,76.7,0.24315099745019997,3.4707787609771925
11,104,334,Muharemović,LEE,CHE,DEF,5.0,0.5604134826522689,0.1970435607199515,0.7934689024390245,78.3,0.25291546196931175,3.4617318119013087
11,101,45,McGinn,AVL,SUN,MID,5.4,1.35532791812812,0.20148113102050225,0.08293548387096773,75.8,0.30732849011405317,3.46105391970287
11,102,57,Petrović,BOU,NFO,GK,4.5,0.0,1.4890226514171676,0.0,88.2,0.10745348952086682,3.456275184000236
11,103,249,Barry,EVE,BRE,FWD,5.6,1.713487202440858,0.0,0.006402631578947369,70.0,0.12496735878236813,3.4554255290478832
11,110,304,O'Shea,IPS,TOT,DEF,4.0,0.3992954528058531,0.7080706169324338,0.5837189024390245,78.3,0.08626285278158491,3.4352382290796486
11,103,98,Janelt,BRE,EVE,MID,5.0,0.9453032088838066,0.2689400583107567,0.6537096774193549,72.0,0.41094907034365025,3.4336254839571883
11,110,455,Tonali,TOT,IPS,MID,5.3,0.46660139825523433,0.2728630920286899,0.3166048387096774,81.4,0.5505005922886095,3.417816093913536
11,105,202,Richards,CRY,COV,DEF,5.0,0.15044441493467856,0.5473604466524725,0.8284609756097562,83.8,0.230228454357625,3.4141269902226288
11,109,26,Havertz,ARS,NEW,FWD,7.6,1.841575487721344,0.0,0.00568421052631579,61.3,0.18495610715033678,3.395753010331573
11,105,184,Grimes,COV,CRY,MID,4.9,0.8743511816286842,0.3368368308626686,0.08119354838709678,77.4,0.4544353246913958,3.3873878160779194
11,105,644,Timber,CRY,COV,MID,5.0,0.715540663105534,0.21282300240276406,0.37220430107526886,71.5,0.5151395372393501,3.373156700203631
11,106,295,McBurnie,HUL,BHA,FWD,5.5,1.8112965309521687,0.0,0.0066236842105263155,77.2,0.12230943422028105,3.3465143833619884
11,104,330,Bogle,LEE,CHE,DEF,4.6,1.1180028665770014,0.2073771920330359,0.17283109756097562,71.9,0.2638500759999686,3.3320696232402747
11,109,31,Konsa,ARS,NEW,DEF,4.6,0.19382618629198,1.205215510678419,0.4005642276422765,65.1,0.0744539859310756,3.3110599105437517
11,106,277,Egan,HUL,BHA,DEF,4.1,0.37739754962524624,0.44422909343800593,0.7934689024390245,76.7,0.09536837538005219,3.290389712899503
11,105,588,Khalaili,CRY,COV,DEF,5.0,0.698596921905319,0.4567585462362528,0.5812341463414634,66.4,0.1504024924730925,3.2859513594792316
11,105,210,Wharton,CRY,COV,MID,5.4,0.5754340231765522,0.22815683363178307,0.2992661290322581,78.9,0.5448658565387194,3.2794599691586948
11,109,449,Hall,NEW,ARS,DEF,5.3,0.3832462917094105,0.05378984283053523,0.7859030487804878,78.4,0.41868160550859534,3.2769316792114713
11,103,87,Ajer,BRE,EVE,DEF,4.5,0.26868391944539194,0.873050271478977,0.5593682926829269,75.4,0.07912989009172859,3.2719299869506546
11,102,486,McAtee,NFO,BOU,MID,5.5,0.8943682248408207,0.22592919023370858,0.2909435483870968,74.0,0.36649674632408646,3.2650274915397146
11,103,88,Kayode,BRE,EVE,DEF,4.6,0.6089704977015805,0.8274431677450007,0.19886341463414636,61.6,0.10137573274067374,3.254715692904076
11,110,401,Marmoush,TOT,IPS,FWD,7.0,1.6410465139805375,0.0,0.0066315789473684215,61.0,0.24525341949527638,3.2462351185141713
11,108,569,Gonzalo,FUL,MCI,FWD,6.0,1.5293473924090404,0.0,0.0066236842105263155,75.2,0.06329556798455016,3.242501673293645
11,104,332,Justin,LEE,CHE,DEF,4.5,0.5984323656816702,0.19211160032052482,0.5691085365853659,77.2,0.273597303749734,3.232271272984752
11,104,200,Lacroix,CHE,LEE,DEF,5.9,0.3683532864850915,0.5604059142991494,0.7933337979094077,70.7,0.07613218729059949,3.2302589706402345
11,106,127,Gomez,BHA,HUL,MID,5.0,0.9743475277684825,0.24938578685486973,0.2926774193548387,74.7,0.13428615760411658,3.2154493074241133
11,105,91,Pinnock,COV,CRY,DEF,4.5,0.38856494799738384,0.8182956102563238,0.7591073170731707,56.7,0.06927960901251237,3.2035078040671543
11,103,226,Pickford,EVE,BRE,GK,5.5,0.005316291999163631,0.7810300587366935,0.0,88.2,0.5696151232562419,3.201693531408367
11,104,28,Martinez,CHE,LEE,GK,5.0,0.06569157794245162,1.282914454101693,0.0,76.4,0.22130282132428095,3.1935702290298016
11,108,155,Enzo,MCI,FUL,MID,6.9,1.4936982019242957,0.2647495780404495,0.08735483870967742,61.4,0.10232364806061467,3.1761299801267677
11,104,336,Okafor,LEE,CHE,MID,5.8,1.32654412260793,0.14195284204702918,0.07852534562211981,53.2,0.18435151737730593,3.163229404963711
11,104,165,João Pedro,CHE,LEE,FWD,7.7,1.8592346817331518,0.0,0.004691729323308271,48.3,0.32820225957180177,3.1569473312753646
11,103,105,Anthony,BRE,EVE,MID,5.9,1.418715537929304,0.22400059260857066,0.09956129032258065,51.6,0.07765495364664445,3.137159493308862
11,102,79,Evanilson,BOU,NFO,FWD,6.0,1.2838917338727915,0.0,0.006971052631578947,78.6,0.13061598224376195,3.1288172344321294
11,109,557,Tzolis,ARS,NEW,MID,6.3,0.8680347130680319,0.4102060973248173,0.09279262672811059,67.1,0.2537026234601638,3.1215204197236144
11,106,290,Slater,HUL,BHA,MID,4.5,1.0270786773524714,0.2080740316349076,0.08119354838709678,76.7,0.18703255096851296,3.065711618449334
11,106,279,Ajayi,HUL,BHA,DEF,4.2,0.7633176064027432,0.44422909343800593,0.1642189024390244,74.9,0.1083135564856919,3.061405609816524
11,103,565,M.Sangaré,BRE,EVE,MID,5.6,0.8332695071443795,0.21703323358497592,0.7033870967741936,52.9,0.11690347612527442,3.055150575121998
11,101,541,Meunier,SUN,AVL,DEF,4.5,0.5981332555947441,0.5242413410290233,0.1642189024390244,71.5,0.10214428601423593,3.0491258669624917
11,105,214,Kamada,CRY,COV,MID,5.0,0.38283823800490346,0.2162598956092683,0.28366129032258064,74.7,0.6127922429173791,3.041445531804781
11,110,502,Robertson,TOT,IPS,DEF,4.4,0.42846432366922405,0.5710130150462978,0.35505714285714285,62.2,0.1968929955176728,3.039427477090338
11,110,619,Palacios,IPS,TOT,MID,5.0,0.5982258412600474,0.20627622032869883,0.5410752688172044,60.5,0.3204793990946637,3.036802018790748
11,106,572,Tzolakis,HUL,BHA,GK,4.6,0.006720623794933333,1.019389536366564,0.0,78.3,0.36665856495618576,3.032814179663138
11,109,445,Thiaw,NEW,ARS,DEF,5.0,0.2786883592825849,0.0575441278897062,0.8407554878048781,84.7,0.06858371211908988,3.017202466711514
11,104,385,Trafford,LEE,CHE,GK,5.0,0.00554180689391665,0.8509501953847003,0.0,78.3,0.4161504747581857,2.991778840673166
11,101,551,N.Angulo,SUN,AVL,MID,5.0,0.8128843237117398,0.22181180001977518,0.10825806451612903,60.9,0.2693415124149501,2.989905339293035
11,102,467,Sels,NFO,BOU,GK,5.0,0.0025095816339440876,1.0303336226011086,0.0,82.8,0.16327658503113043,2.9562512955551696
11,109,13,Rice,ARS,NEW,MID,7.4,0.8540209720461849,0.33100062918820183,0.2347661290322581,60.3,0.23492558511900022,2.954096144833641
11,103,230,Branthwaite,EVE,BRE,DEF,5.5,0.5667626217753835,0.11751128924274762,0.6809268292682927,68.4,0.13915054569103408,2.9343231282944324
11,101,529,Roefs,SUN,AVL,GK,4.9,0.0029157216261755073,0.9200292852796783,0.0,86.3,0.20592310813445228,2.9310932232654143
11,105,186,Mason-Clark,COV,CRY,MID,5.3,0.9186578354706634,0.2934776202152691,0.14148387096774193,51.2,0.13160246998034802,2.916954877670751
11,102,558,Schlager,NFO,BOU,MID,5.0,0.6217075633285006,0.19684652927394633,0.49856221198156686,68.5,0.21847391882110503,2.9129238810225884
11,101,166,N.Jackson,AVL,SUN,FWD,6.5,1.4302076400278987,0.0,0.007694736842105263,58.4,0.17740663139206753,2.9022770752863596
11,109,453,Barnes,NEW,ARS,MID,6.1,0.7913864667278662,0.13892830143784507,0.07722580645161291,73.7,0.2650042276457955,2.897939984221089
11,108,261,Iwobi,FUL,MCI,MID,5.4,0.8302467896306489,0.09637244246307958,0.08351612903225807,75.4,0.15899338805203575,2.8968857321260297
11,108,387,O'Reilly,MCI,FUL,DEF,6.3,1.1391347060201538,0.5187104049411908,0.12432878048780488,39.3,0.017812954928979514,2.8538779422652216
11,108,389,Matheus N.,MCI,FUL,DEF,5.9,0.5562920418753494,0.7225361560012052,0.39438341463414633,53.1,0.04799659178736421,2.8526586040273556
11,106,282,Giles,HUL,BHA,DEF,4.0,0.49788465847228647,0.44422909343800593,0.1642189024390244,77.6,0.1515483908154879,2.8371214537218012
11,103,239,Garner,EVE,BRE,MID,6.0,0.5394882702367804,0.15695058646553336,0.3293364055299539,73.4,0.39865734906620953,2.82475643414444
11,106,138,Kostoulas,BHA,HUL,FWD,5.6,1.1705966423349377,0.0,0.006595488721804511,64.2,0.23837831559661699,2.800709791861991
11,103,233,Mykolenko,EVE,BRE,DEF,4.6,0.1082305350911291,0.14509380019000373,0.6185054878048781,85.0,0.23900478045922727,2.7649639128600834
11,107,412,Lammens,MUN,LIV,GK,4.9,0.0,0.8058479712486342,0.0,86.0,0.07091078716832641,2.7327587584169604
11,107,362,Jacquet,LIV,MUN,DEF,5.0,0.3518997131611525,0.2601934576725593,0.37396890243902436,73.9,0.15216466342454787,2.720314429433348
11,102,483,Ndoye,NFO,BOU,MID,5.5,0.8783430511632853,0.20600218179831592,0.09870967741935484,53.2,0.04662662484360769,2.7167738639851042
11,106,586,Mendy,HUL,BHA,DEF,4.1,0.4048737749447203,0.32986260454335836,0.6935053658536586,45.6,0.04260082159719607,2.702418658757428
11,106,280,Coyle,HUL,BHA,DEF,4.0,0.4223543162752288,0.44422909343800593,0.1876787456445993,65.3,0.05292038863614056,2.6966716934191792
11,102,201,Muñoz,NFO,BOU,DEF,5.4,0.809266148951642,0.400949452941962,0.19228682926829269,52.3,0.05942753336998028,2.6925767650337593
11,110,267,Lukić,IPS,TOT,MID,4.9,0.6008717447907309,0.2675523916616358,0.08535483870967742,74.9,0.29736383145256723,2.686937788781626
11,101,47,Kamara,AVL,SUN,MID,5.0,0.5925945347078223,0.1845538948087448,0.07596774193548388,72.3,0.34039130355254005,2.6716663676692516
11,104,145,Fofana,CHE,LEE,DEF,5.0,0.19102834887231282,0.5443725025821439,0.5669219512195122,59.5,0.06452164626594123,2.658255370034971
11,103,96,Damsgaard,BRE,EVE,MID,5.4,0.9024728180854189,0.2037952514401459,0.07548387096774192,51.6,0.12992421757816325,2.6576761580714705
11,109,447,Botman,NEW,ARS,DEF,5.0,0.19127309354280714,0.05249526177564878,0.7669884146341465,76.2,0.09467377156615435,2.656135177849347
11,105,104,Onyeka,COV,CRY,MID,4.9,0.7046180689285123,0.2850466625893858,0.07852534562211981,60.2,0.19612785112924272,2.6483600272578185
11,106,113,F.Kadıoğlu,BHA,HUL,DEF,4.4,0.25017624575214115,0.6436179239937878,0.1798494773519164,72.6,0.08176065012965428,2.6449645750948383
11,109,459,L.Miley,NEW,ARS,MID,5.5,0.34458654705658165,0.1344018154260857,0.46070967741935487,67.0,0.18372826182674284,2.643845105147568
11,110,516,Bentancur,TOT,IPS,MID,5.5,0.24680122272875912,0.21906752076344982,0.499926267281106,63.3,0.22646958341392165,2.594403710390183
11,101,46,Barkley,AVL,SUN,MID,5.0,1.05738772094766,0.1262489700793579,0.059391705069124424,45.5,0.16063768243945464,2.5943366275832593
11,107,350,A.Becker,LIV,MUN,GK,5.5,0.0,0.7839334851937729,0.0,80.7,0.16422392058313268,2.5888310654505653
11,101,597,Suzuki,AVL,SUN,GK,5.0,0.008740327572513008,0.8152452541563577,0.0,67.9,0.2423373903760051,2.5630063054382095
11,106,129,Ayari,BHA,HUL,MID,5.4,0.784161442192243,0.2056546299182338,0.07697695852534561,62.3,0.1342861315781308,2.5446556183719427
11,101,545,Sadiki,SUN,AVL,MID,4.9,0.3746376227179544,0.2350306200447916,0.08603225806451613,79.0,0.2310096579345606,2.5377572559236135
11,102,64,Smith,BOU,NFO,DEF,4.5,0.2624764054240719,0.8099324655036393,0.14973475609756098,67.4,0.041763257476411755,2.529833421815745
11,101,37,Lindelöf,AVL,SUN,DEF,4.5,0.4318971930156701,0.3404396537098946,0.14719024390243904,70.2,0.058084404757157426,2.5286114953851615
11,108,268,King,FUL,MCI,MID,5.5,0.8708762187550804,0.08621034250463203,0.07470967741935484,65.1,0.07959410547261903,2.5229710165218515
11,106,114,Boscagli,BHA,HUL,DEF,4.5,0.2631728707479915,0.5867810177704557,0.14347134146341464,67.4,0.1796873469900691,2.52287728541634
11,110,496,Kinsky,TOT,IPS,GK,4.5,0.0,0.9460025911134711,0.0,68.8,0.13064114323545367,2.502076634781825
11,110,403,Sávio,TOT,IPS,MID,6.5,0.9493622351058226,0.17872084231451976,0.07716129032258064,50.4,0.14299019603225083,2.4968188778698917
11,105,211,Yeremy,CRY,COV,MID,5.5,0.5460654380580114,0.20119044078074963,0.09819354838709678,56.8,0.18372642172250975,2.488274720796254
11,107,418,Maguire,MUN,LIV,DEF,4.8,0.48671016273921963,0.15112943223291758,0.35569390243902443,75.0,0.06809291200225885,2.4816859863838525
11,109,567,Horníček,NEW,ARS,GK,5.0,0.0034968135426868387,0.6819045411221554,0.0,78.3,0.15353493537350463,2.4789817445838014
11,103,93,Schuster,BRE,EVE,DEF,4.5,0.3703693197727411,0.4875616565846526,0.5661780487804878,42.9,0.038803219029907327,2.4409051152735604
11,106,605,Yalcouyé,BHA,HUL,MID,4.5,0.8684514093297697,0.15187712611777612,0.06632258064516129,46.1,0.11929227634478215,2.3847158350668716
11,102,73,Adams,BOU,NFO,MID,5.0,0.3908203783146751,0.20970711707674047,0.48617204301075273,53.9,0.08727386309682604,2.3792567862883147
11,107,417,Dalot,MUN,LIV,DEF,4.9,0.5518342516752912,0.14620541564387518,0.1726912891986063,69.8,0.050135954451822,2.3775570095777296
11,103,95,O.Dango,BRE,EVE,MID,6.3,0.9819444315973984,0.13656023686245677,0.07587096774193548,36.0,0.03263395491585458,2.3664817352044527
11,104,161,Lavia,CHE,LEE,MID,5.0,0.8191518950084651,0.17994002008553406,0.08038709677419355,46.6,0.09859897631197367,2.3376158067337816
11,107,372,Mac Allister,LIV,MUN,MID,5.4,0.5954504000949534,0.13366548994409633,0.29175268817204303,57.5,0.05555701989967158,2.3346557961614343
11,108,580,Charles,FUL,MCI,MID,5.0,0.444952329769727,0.06722619972511461,0.47901075268817206,56.0,0.05007860760630647,2.3149755259020175
11,104,149,Colwill,CHE,LEE,DEF,4.8,0.3101431593884087,0.5237581160888509,0.15345365853658538,61.5,0.03907059257709184,2.3070906646755183
11,110,306,Greaves,IPS,TOT,DEF,4.0,0.2493284554202174,0.5257783007734281,0.3173609756097561,57.5,0.04840266001564445,2.3025130712567323
11,107,627,Barcola,LIV,MUN,MID,8.0,0.7567557096607538,0.12709872260928334,0.09290322580645162,50.7,0.04624085857749377,2.2787562027471084
11,110,564,Scherpen,IPS,TOT,GK,4.5,0.006771147313888018,0.8945723084482371,0.0,57.9,0.08929212904043107,2.2659855848025563
11,105,194,Thomas-Asante,COV,CRY,FWD,5.0,0.941344949194681,0.0,0.15473684210526317,38.5,0.09336070759541257,2.2599102771864974
11,108,250,Leno,FUL,MCI,GK,4.5,0.0,0.28906348228592277,0.0,88.2,0.10142138054205108,2.250283905890175
11,109,5,J.Timber,ARS,NEW,DEF,6.5,0.5057589036470129,0.6669812840994811,0.1946878048780488,32.8,0.02713588996760501,2.2474808777184485
11,110,525,Fernandes,TOT,IPS,MID,5.7,0.6557756643351257,0.17274355661838198,0.08949677419354839,46.7,0.13345013505874126,2.2443005179762174
11,101,611,Wan-Bissaka,AVL,SUN,DEF,4.5,0.22231230414959086,0.248991768005907,0.49030487804878053,48.3,0.03829730832891273,2.2334240442157167
11,104,598,Elvedi,LEE,CHE,DEF,4.5,0.4177731782782337,0.1413828647835647,0.35777398373983743,56.7,0.06647362207838062,2.2238816890835063
11,101,51,George Hemmings,AVL,SUN,MID,4.5,0.5785926102565561,0.14646761333229044,0.08038709677419355,50.6,0.09994269477387119,2.213960252901376
11,107,432,Mainoo,MUN,LIV,MID,5.5,0.3452190289013529,0.0993340046906513,0.6455299539170507,47.0,0.061619657827875096,2.207353871295833
11,103,242,George,EVE,BRE,MID,5.5,0.5884528317603188,0.11766572246453343,0.06890322580645161,52.7,0.12238431126812101,2.204116923638022
11,108,264,Bobb,FUL,MCI,MID,5.5,0.49776606211789753,0.083306885373647,0.07219354838709677,54.9,0.02604775502314533,2.1857179606731973
11,104,144,Gusto,CHE,LEE,DEF,4.9,0.43522693035806487,0.40541626770142836,0.13857804878048782,46.8,0.03486915824784275,2.152684880419053
11,107,579,Araujo,LIV,MUN,DEF,5.4,0.28416570326576845,0.18669423303799848,0.35777398373983743,55.1,0.055015887679013914,2.1049689600739017
11,107,415,Dorgu,MUN,LIV,MID,5.8,0.792321685121541,0.06770142843964778,0.24343548387096775,35.3,0.023374019336222955,2.1040935169090265
11,105,575,Yirenkyi,COV,CRY,MID,4.8,0.5871368524793178,0.20234298302119783,0.06503225806451612,44.8,0.11539815075706375,2.087343076364832
11,107,371,Gravenberch,LIV,MUN,MID,5.8,0.6025455261756287,0.10061982206568265,0.09193548387096774,44.5,0.05164817067800795,2.084720904797679
11,107,377,Munoz,LIV,MUN,MID,6.5,0.7175881207856135,0.10888123903528607,0.07958709677419355,44.5,0.04518748147490449,2.0782853076549066
11,103,209,Johnson,EVE,BRE,MID,5.9,0.6312162586022885,0.11936554831073054,0.08154838709677419,49.8,0.02700417134672796,2.075841441530247
11,107,358,Kerkez,LIV,MUN,DEF,5.4,0.35778978878472406,0.21584582424326731,0.15569059233449478,62.6,0.04634680882548551,2.071381876315314
11,105,175,van Ewijk,COV,CRY,DEF,4.0,0.2839819763382325,0.6347907807137928,0.2378933797909408,43.4,0.03857955834464986,2.0654480948392724
11,105,656,Mfuni,COV,CRY,DEF,4.0,0.3035107289420122,0.6198385353436606,0.17850731707317075,41.1,0.07706602210383884,2.058618191317074
11,105,203,Canvot,CRY,COV,DEF,4.8,0.043469565694557136,0.38677638867337955,0.31532334494773523,58.6,0.10426356021528334,2.047584174331857
11,107,423,Shaw,MUN,LIV,DEF,4.3,0.2657312956658721,0.1454478746301764,0.1717965156794425,68.7,0.04742631716709422,2.018384789300526
11,106,576,Stroud,HUL,BHA,MID,5.0,0.5702662382828856,0.15450550859183246,0.09646451612903226,45.6,0.0351338000650715,2.017199786459211
11,107,419,Martinez,MUN,LIV,DEF,5.0,0.12039889910148235,0.12631996403428075,0.33977491289198614,63.1,0.03988264584165619,2.002376421869405
11,101,536,Reinildo,SUN,AVL,DEF,4.4,0.19320491673988452,0.400522883908944,0.14338745644599304,59.8,0.06678214656809217,1.9981456233984174
11,109,452,Bruno G.,ARS,NEW,MID,6.7,0.8710791086797118,0.14912140605967733,0.07870967741935483,30.2,0.0581131763462871,1.992932281205666
11,103,649,Maitland-Niles,EVE,BRE,DEF,4.5,0.3272550416170701,0.0979260743689564,0.18790243902439024,54.2,0.1100140960704594,1.9912216654716048
11,104,345,Tanaka,LEE,CHE,MID,4.9,0.574368203678217,0.11296247289657955,0.0729032258064516,44.5,0.07455272383209531,1.9866852225475475
11,110,562,Maeda,IPS,TOT,MID,5.3,0.5993777537568488,0.1334728484479816,0.05677419354838709,40.4,0.07430053831908644,1.9828548822713328
11,108,265,Berge,FUL,MCI,MID,4.9,0.20597114520344306,0.08565198536405798,0.0848294930875576,67.2,0.053797197965065165,1.977969350480669
11,102,491,Igor Jesus,NFO,BOU,FWD,5.8,0.7861289553558697,0.0,0.004938947368421052,41.4,0.04523474024383922,1.9748919204648043
11,109,10,White,ARS,NEW,DEF,5.5,0.20708066039016187,0.7367192735897754,0.10752195121951219,33.5,0.05345946022247195,1.9547813454219216
11,110,514,Tel,TOT,IPS,MID,5.7,0.7305284552087767,0.12612072818850725,0.0544516129032258,36.9,0.06214582944463911,1.9525050555014125
11,104,337,Aaronson,LEE,CHE,MID,5.3,0.5548925486395958,0.0807731664605631,0.07819354838709677,37.1,0.03944998019552797,1.9518740318463335
11,103,244,Armstrong,EVE,BRE,MID,5.0,0.16318597840376803,0.13466398092650456,0.24725,64.2,0.06551969752936557,1.9513965331273866
11,101,32,Cash,AVL,SUN,DEF,4.4,0.4607024741016489,0.25306617875509463,0.14588536585365855,52.6,0.04585139049462107,1.9432805922796619
11,109,464,Wissa,NEW,ARS,FWD,6.2,0.751248454551058,0.0,0.005526315789473684,61.8,0.04688432317642373,1.9242666683872671
11,102,473,Aina,NFO,BOU,DEF,4.4,0.23801648381133672,0.39703138011191025,0.1586731707317073,52.0,0.051948295915310264,1.9149940522673872
11,109,634,Fernandez-Pardo,NEW,ARS,FWD,6.0,0.5873758025072711,0.0,0.009473684210526316,48.8,0.05852051044745124,1.9145170859623595
11,107,429,Rashford,MUN,LIV,MID,7.0,0.613374009229929,0.10569909625335325,0.06060829493087558,46.1,0.03670033931605306,1.9109602082828494
11,105,224,Nketiah,CRY,COV,FWD,5.5,0.8117619679314392,0.0,0.006947368421052632,33.6,0.07791667022579744,1.8977006340561435
11,110,313,Clarke,IPS,TOT,MID,5.4,0.5721147683783078,0.1362029748935085,0.0695225806451613,37.9,0.10202577196322775,1.8641800259986618
11,102,581,Diomande,NFO,BOU,DEF,5.4,0.24571474062637566,0.29320245011553897,0.32021365853658534,40.8,0.026670399964453896,1.8601533582166356
11,110,499,Pedro Porro,TOT,IPS,DEF,5.4,0.3670613606746573,0.3915985956845486,0.14969560975609755,37.6,0.05829255602630433,1.854144022170425
11,103,102,Yarmoliuk,BRE,EVE,MID,4.8,0.32201616565669516,0.1881186936370578,0.10451612903225807,45.7,0.05018521640734511,1.843225081651645
11,105,222,Strand Larsen,CRY,COV,FWD,6.0,0.41013759382729065,0.0,0.0065578947368421054,52.4,0.08741725526203929,1.84241459556854
11,108,650,Affengruber,FUL,MCI,DEF,4.5,0.21800610564203027,-0.24151814269616534,0.6679024390243903,55.0,0.025515478785340228,1.8372939626410596
11,106,642,Thomas,HUL,BHA,MID,5.5,0.5961354252873557,0.08853686447397141,0.06909677419354839,35.3,0.028873070697750657,1.8341230436239577
11,104,142,James,CHE,LEE,DEF,5.4,0.6350148294926921,0.2939458814784367,0.10047560975609757,37.2,0.0432073624432884,1.8275826694525006
11,109,17,Merino,ARS,NEW,MID,5.8,0.7312585992688356,0.03569135292575883,0.018838709677419352,22.3,0.022998004265659386,1.8269400226191548
11,109,19,Zubimendi,ARS,NEW,MID,5.3,0.41673182237253664,0.11245220784828126,0.05935483870967742,34.0,0.03434728586779992,1.8138501277983767
11,101,553,Isidor,SUN,AVL,FWD,5.5,0.7041321996066245,0.0,0.001663157894736842,22.2,0.04444644312402011,1.8133475712329896
11,104,331,Gudmundsson,LEE,CHE,DEF,4.5,0.05384530294752337,0.15876215381011594,0.17641951219512197,60.5,0.07205146296244987,1.7935073283884762
11,101,534,Hume,SUN,AVL,DEF,4.3,0.285509177127269,0.268681497786031,0.13466341463414633,43.6,0.05170189744564888,1.7878742932456153
11,101,501,Danso,SUN,AVL,DEF,5.0,0.0748864076989341,0.3911502735210592,0.16337073170731709,58.5,0.047781640964743737,1.7596524521459158
11,110,526,Solanke,TOT,IPS,FWD,5.8,0.5911125488836015,0.0,0.0052547368421052626,37.2,0.05519767912108518,1.7571868728242452
11,106,116,Dunk,BHA,HUL,DEF,4.5,0.11286140314810582,0.41627029910045976,0.2648919860627178,49.7,0.04734909965767069,1.7540395329656249
11,110,522,Gray,TOT,IPS,MID,4.9,0.4619848493953092,0.14315599242249996,0.05297695852534562,42.4,0.06252954853117845,1.7517646934912763
11,108,258,Castagne,FUL,MCI,DEF,4.5,0.449298921200295,-0.32363431121286157,0.15736829268292685,70.9,0.04310847868909875,1.7476719709289326
11,110,640,Flemming,IPS,TOT,FWD,5.5,0.7086497563362872,0.0,0.0017894736842105263,23.3,0.046643859904182856,1.7438109810811433
11,106,289,Crooks,HUL,BHA,MID,4.4,0.5718459316106232,0.13813734877311507,0.08624516129032259,43.6,0.036201011531437496,1.737992840626065
11,102,474,Jair Cunha,NFO,BOU,DEF,4.5,0.019883888105467144,0.36503378533315434,0.28475888501742164,49.7,0.022849923822396777,1.7350820378339953
11,109,14,Eze,ARS,NEW,MID,6.3,0.6191980558484096,0.07382731906561074,0.03896774193548387,23.9,0.02507228750774223,1.7341107093970343
11,104,136,Welbeck,CHE,LEE,FWD,5.9,0.8303299453350259,0.0,0.004768421052631579,29.6,0.036890561220018395,1.7271316577099434
11,102,167,Delap,NFO,BOU,FWD,5.6,0.6024254236253964,0.0,0.006442105263157895,51.5,0.03697373616450924,1.7150846776991686
11,108,257,Bassey,FUL,MCI,DEF,4.5,0.21036845015839917,-0.34496841381768945,0.1677420731707317,82.0,0.06101261303750633,1.6910024414440599
11,104,148,Hato,CHE,LEE,DEF,4.5,0.04617097918609514,0.43442910795124795,0.1781941463414634,41.5,0.01540313965807067,1.6756083060882194
11,108,254,Robinson,FUL,MCI,DEF,4.5,0.2932746850557024,-0.31598623669414966,0.15364939024390245,70.9,0.054621315833167455,1.671704965086529
11,103,238,Grealish,EVE,BRE,MID,6.5,0.54457514241277,0.058171817847634505,0.05961290322580645,34.5,0.042601274044615965,1.6680699267133716
11,110,512,Kudus,TOT,IPS,MID,6.5,0.55432951457107,0.03915122130970249,0.03380645161290323,24.5,0.04037826620988615,1.6416659400920537
11,101,33,Mings,AVL,SUN,DEF,4.5,0.16571685355618213,0.18923374368448928,0.24842113821138212,42.7,0.04468045372562408,1.639968849706026
11,106,617,Cho,HUL,BHA,MID,5.0,0.5675833710301506,0.014136138025255941,0.014709677419354838,21.6,0.019422977837866746,1.6323178390456135
11,104,157,Estêvão,CHE,LEE,MID,6.3,0.7039917889894823,0.024839232307152372,0.022193548387096772,18.5,0.02065545747221479,1.6250829956734023
11,109,460,Willock,NEW,ARS,MID,5.0,0.28955846044215294,0.08600323422342789,0.06374193548387097,40.8,0.05336257297725864,1.60414193128205
11,104,662,Nicoll-Jazuli,CHE,LEE,MID,4.5,0.42838402273311876,0.03697002017808725,0.03303225806451613,26.5,0.03255439776488611,1.6028918542569064
11,106,639,Andrés,BHA,HUL,MID,5.5,0.49986200319007273,0.10548664207012855,0.06909677419354839,35.1,0.04059517059270278,1.5939275138090934
11,110,592,Ouattara,IPS,TOT,DEF,4.0,0.1947188118329053,0.22533355747432635,0.10452073170731709,33.3,0.04290595769110461,1.5916047503811959
11,110,519,Gallagher,TOT,IPS,MID,5.3,0.3904832276232652,0.1252241353340866,0.08109677419354838,34.9,0.0719499804023213,1.585701640698873
11,108,570,Palacios,FUL,MCI,MID,5.4,0.4983165634383993,0.04913542837051566,0.05677419354838709,37.4,0.01976264933273965,1.5730895222340628
11,104,583,Chavarria,CHE,LEE,DEF,4.9,0.2115382504149536,0.20385337754478597,0.10452073170731709,33.3,0.021227474427478916,1.5699878810387724
11,105,190,Tchaouna,COV,CRY,MID,5.4,0.445170088041877,0.11642751007172096,0.05612903225806451,27.5,0.041129963985385605,1.5494449420089478
11,109,457,J.Murphy,NEW,ARS,MID,5.9,0.32978491750296174,0.08147674821166853,0.09058064516129033,39.9,0.036515833870932234,1.5491239138892676
11,104,151,Acheampong,CHE,LEE,DEF,4.5,0.25046451642815515,0.21377882289340855,0.1996878048780488,29.5,0.019440733472070662,1.5365104120442645
11,104,347,Nmecha,LEE,CHE,FWD,5.4,0.5526050969726708,0.0,0.0015368421052631579,19.6,0.02732884333950525,1.527470782417439
11,108,393,Khusanov,MCI,FUL,DEF,5.4,0.012152281138109197,0.5683602673788866,0.11352439024390244,40.4,0.020120706602967428,1.5233160195754984
11,106,585,Herrington,HUL,BHA,DEF,4.0,0.2135291656519263,0.1413696876614393,0.10452073170731709,33.3,0.015179241360771367,1.5028326650711272
11,102,75,Christie,BOU,NFO,MID,5.0,0.45816750468741446,0.08546165655009554,0.048193548387096774,25.8,0.024983116877904336,1.496238542516501
11,101,54,Gomes,AVL,SUN,MID,5.5,0.37863273871874237,0.08816268860290355,0.26008064516129037,29.3,0.04138745359265433,1.4919642051600452
11,109,462,Steur,NEW,ARS,MID,4.9,0.22481532387259742,0.06528585593883696,0.05806451612903226,34.7,0.039228440407876576,1.4621634712653115
11,101,646,Fofana,SUN,AVL,MID,5.5,0.36474112585435087,0.017713218833521976,0.01729032258064516,22.3,0.03342160126911611,1.4574813721245083
11,104,327,Bijol,LEE,CHE,DEF,5.0,0.23759586068583344,0.08102506370486681,0.30755487804878046,30.2,0.026581612354061413,1.437679506473049
11,105,199,Benitez,CRY,COV,GK,4.5,0.0034589012888797,0.42230562425594426,0.0,41.1,0.07355076503803978,1.4167527905828636
11,109,25,Gyökeres,ARS,NEW,FWD,7.1,0.688385532529544,0.0,0.003726315789473684,21.0,0.019641806169253297,1.412806200202686
11,109,7,Lewis-Skelly,ARS,NEW,MID,5.4,0.09351574284046352,0.2561954648369538,0.06761290322580646,41.1,0.029830879669504786,1.4093664057092925
11,103,247,Hackney,EVE,BRE,MID,5.4,0.28830167473318613,0.029841387077682635,0.03058064516129032,26.3,0.02742466010638346,1.375532668341757
11,101,56,Abraham,AVL,SUN,FWD,5.5,0.45085345168683455,0.0,0.0010526315789473684,18.9,0.02624644352781697,1.3633146818488353
11,103,90,Hickey,BRE,EVE,DEF,4.5,0.017016173354315017,0.23129316893659468,0.08338170731707317,26.1,0.01536220331941678,1.3520575945722868
11,108,635,Larsson,FUL,MCI,MID,5.0,0.2725617301254235,0.007481985683692158,0.01729032258064516,22.3,0.008884588766458947,1.3288322530697803
11,104,568,Barco,CHE,LEE,MID,5.4,0.42295396143021413,0.07711715146522888,0.05167741935483871,28.7,0.03629812791339359,1.3269074812889259
11,101,596,Ruggeri,AVL,SUN,DEF,4.5,0.18879507308140034,0.12087418555923121,0.23802073170731708,28.3,0.02866325975860369,1.3242923161374092
11,101,53,Manzambi,AVL,SUN,MID,5.9,0.4812832116252229,0.06277183428526734,0.05167741935483871,25.2,0.051859000560584845,1.3182286002449601
11,106,637,Vaz,HUL,BHA,FWD,5.0,0.503879225737761,0.0,0.0014105263157894738,17.8,0.012824182309849984,1.2913156129300805
11,105,195,Simms,COV,CRY,FWD,4.9,0.5687234118098092,0.0,0.002494736842105263,20.0,0.035551397154512665,1.2877931692228224
11,107,357,Frimpong,LIV,MUN,DEF,5.3,0.39252563547098207,0.088695266858584,0.08956682926829268,26.4,0.014634200970252796,1.2804136408015763
11,105,633,Ahanor,CRY,COV,DEF,4.5,0.14074590334529846,0.1937006146829526,0.2763536585365854,28.0,0.03675607152897412,1.2464729502817171
11,109,405,N.Gonzalez,NEW,ARS,MID,5.5,0.08755415317849695,0.09314115447274074,0.08283870967741937,37.0,0.039656230882145795,1.2445468887675555
11,108,400,Doku,MCI,FUL,MID,7.4,0.6340547575746295,0.05122923888227309,0.03380645161290323,15.3,0.008217502198463938,1.2343079502682697
11,102,71,Cook,BOU,NFO,MID,5.0,0.09293247526057713,0.08923707109648531,0.04025806451612904,31.3,0.030888770528355095,1.2259232876196915
11,106,119,Costinha,BHA,HUL,DEF,4.5,0.1602101979540602,0.04002599029812112,0.02609756097560976,21.2,0.01166824039970599,1.220902099732154
11,102,488,I.Sangaré,NFO,BOU,MID,4.9,0.21761802515355672,0.07055238121720102,0.05070967741935484,30.0,0.023653339658055744,1.2069538791409626
11,102,490,Wood,NFO,BOU,FWD,5.8,0.2546917104709495,0.0,0.001663157894736842,19.8,0.01497774975076284,1.201332618116449
11,102,72,Gannon-Doak,BOU,NFO,MID,4.9,0.2858183448724982,0.01716097521086256,0.012903225806451613,18.4,0.01992503469555906,1.1925251622776354
11,110,520,Bergvall,TOT,IPS,MID,5.3,0.34010055703182746,0.05110579270197807,0.04412903225806452,18.1,0.024088146697929563,1.1923019915576893
11,105,577,Tomiyasu,CRY,COV,DEF,4.4,0.11103347737207274,0.18557768568011912,0.11626463414634146,25.1,0.02937947850207626,1.1824283999264258
11,102,74,Brooks,BOU,NFO,MID,5.0,0.2595852919112798,0.03157619438798711,0.023741935483870966,20.4,0.01648956683847634,1.1535654827941084
11,106,589,Gourna-Douath,HUL,BHA,MID,5.0,0.33636511446930273,0.05034449156363081,0.03929032258064516,23.8,0.016466249618801644,1.1290478203094843
11,108,263,Kevin,FUL,MCI,MID,5.3,0.2129449738420423,0.00792867139615139,0.018322580645161287,18.4,0.006022602161971026,1.1211679096730338
11,103,232,O'Brien,EVE,BRE,DEF,4.8,0.13243511781739958,0.0385175892517895,0.12318048780487804,28.5,0.014369423576196881,1.1202379819234367
11,107,439,Šeško,MUN,LIV,FWD,7.0,0.4624716774751911,0.0,0.0018736842105263156,15.9,0.011477891581591215,1.1177210303368645
11,101,631,Mbaye,AVL,SUN,MID,6.0,0.284102107338356,0.015751733697052104,0.01729032258064516,17.8,0.02681852682149284,1.1172858817528497
11,110,309,Núñez,IPS,TOT,MID,4.9,0.27729858343561703,0.08706069887402434,0.15923870967741938,23.3,0.040377527872594396,1.1166234457462616
11,107,369,Ngumoha,LIV,MUN,MID,5.7,0.4162537436629189,0.027749887769693532,0.02535483870967742,15.6,0.01261619903591743,1.0919746691782073
11,105,208,Sarr,CRY,COV,MID,6.2,0.423929231527285,0.04335772968205379,0.04232258064516129,18.9,0.030056213041737098,1.0875243949411146
11,109,9,Hincapie,ARS,NEW,DEF,5.2,0.14446070817384102,0.2664348829244576,0.07777073170731708,18.4,0.015037034824435422,1.0702622503322006
11,110,320,Akpom,IPS,TOT,FWD,5.0,0.4173538320857964,0.0,0.0010526315789473684,14.0,0.025651343118897482,1.0665442945443384
11,109,11,Mosquera,ARS,NEW,DEF,5.3,0.0011807229561817938,0.4756488513953405,0.08330341463414635,22.5,0.02240361805843823,1.0619178770272606
11,106,125,Georginio,BHA,HUL,FWD,5.3,0.3560402170061914,0.0,0.0036315789473684214,23.7,0.013970743715051304,1.032263405876434
11,101,612,Methalie,SUN,AVL,DEF,4.5,0.16621329810723914,0.18807704845022172,0.11783048780487805,27.2,0.02180942439514166,1.031846166279701
11,108,269,Sessegnon,FUL,MCI,DEF,4.3,0.2951824932051397,-0.05554917282011802,0.07202926829268294,19.9,0.006659661089806281,1.0253222497675107
11,108,262,Smith Rowe,FUL,MCI,MID,5.4,0.16706839574852042,0.016862385645336056,0.03896774193548387,20.5,0.0069025118039946045,1.0247684268908268
11,108,271,Muniz,FUL,MCI,FWD,5.4,0.15746909874794587,0.0,0.0015368421052631579,19.4,0.004495720296382665,1.0152110668142353
11,102,608,Jebbison,BOU,NFO,FWD,5.0,0.34899297298825316,0.0,0.0010526315789473684,14.6,0.014503243893153198,1.0127518359218524
11,103,620,Diouf,BRE,EVE,DEF,4.5,0.14581759836464536,0.10858834222375337,0.05219512195121952,18.6,0.011603966637692214,1.0097412813745004
11,106,328,Struijk,BHA,HUL,DEF,4.9,0.059829175577130606,0.19372579304290624,0.09473414634146342,26.2,0.014899657895016806,0.9923451762252213
11,110,506,Udogie,TOT,IPS,DEF,4.4,0.08762611376004363,0.18678761467798552,0.08925365853658537,22.4,0.020855881859854975,0.9888448397143201
11,110,515,Maddison,TOT,IPS,MID,6.3,0.23642140338416628,0.014943214240344463,0.012903225806451613,15.2,0.026481949716553724,0.973606583217086
11,108,253,Andersen,FUL,MCI,DEF,5.0,0.046837204711916956,-0.18556643963822037,0.1443717073170732,45.9,0.010926788778793826,0.9622241336420665
11,107,381,Koumas,LIV,MUN,MID,5.0,0.26518162200059747,0.010591560217440281,0.012903225806451613,14.6,0.00886961300834787,0.9447102572983384
11,110,498,Senesi,TOT,IPS,DEF,5.8,0.1287292778641681,0.1802336632857755,0.1961219512195122,20.9,0.02636911395359835,0.9418669364586121
11,103,108,Wilson,BRE,EVE,FWD,5.4,0.38086553155375247,0.0,0.0007157894736842105,11.0,0.011862590590366658,0.9317393650308942
11,107,375,Nyoni,LIV,MUN,MID,4.9,0.21979847135983732,0.010591560217440281,0.012903225806451613,15.0,0.008578929749678147,0.923067536201779
11,107,364,Tsimikas,LIV,MUN,DEF,4.9,0.14127867196153795,0.0719486080810891,0.12109268292682927,19.4,0.007474083931001576,0.9141038821736719
11,104,101,Henderson,CHE,LEE,MID,4.9,0.21938868947853568,0.08404903024862023,0.05632258064516128,25.6,0.022780370937438205,0.9136463003745681
11,105,643,Chilwell,CRY,COV,DEF,4.5,0.13229251480312235,0.04186432639921879,0.03497073170731708,15.9,0.02743445432151856,0.9127315355048562
11,109,461,Touré,NEW,ARS,MID,5.8,0.15403895628622993,0.008704780791844929,0.012903225806451613,15.6,0.016810804653527557,0.8980913747109008
11,105,213,Lerma,CRY,COV,MID,4.8,0.18479067758725728,0.033047050062541,0.03225806451612903,18.8,0.029781952315212606,0.8742393473865091
11,105,188,Torp,COV,CRY,MID,5.3,0.22897002264801367,0.02007370863305534,0.012903225806451613,13.3,0.028349074926291837,0.8705377100833123
11,101,535,Alderete,SUN,AVL,DEF,4.8,0.0759588937283738,0.1349655895855412,0.11274146341463415,21.7,0.02157805489969021,0.8525958090392501
11,109,16,Madueke,ARS,NEW,MID,6.2,0.2313449982068711,0.05475933599568479,0.02890322580645161,12.8,0.012907626664308055,0.8509151866733156
11,109,559,Bamba,NEW,ARS,MID,4.9,0.12911334406007524,0.008704780791844929,0.012903225806451613,15.2,0.015206646227051257,0.8471400202569793
11,110,300,Walton,IPS,TOT,GK,4.4,0.004026268202928725,0.2606328368525786,0.0,24.1,0.028918953078081663,0.8378399628954939
11,105,584,Hamer,COV,CRY,MID,5.4,0.21719942380887383,0.02007370863305534,0.012903225806451613,12.7,0.027070277977535657,0.8227473331223372
11,104,343,James,LEE,CHE,MID,4.9,0.048107347884389605,0.009396878276352636,0.012129032258064516,14.3,0.013306441342389175,0.814939699761196
11,106,240,Iroegbunam,HUL,BHA,MID,5.0,0.1351678676942749,0.01264812349628163,0.013161290322580644,15.5,0.008946974403526403,0.7989045327294322
11,110,318,Philogene,IPS,TOT,MID,5.4,0.1795661453797613,0.01516736914181609,0.012903225806451613,12.9,0.022565879641848613,0.7871767823261381
11,102,478,Netz,NFO,BOU,DEF,4.4,0.08156986299952206,0.03265060691709788,0.02609756097560976,14.0,0.011277920529191588,0.7767718970813695
11,106,126,O'Riley,BHA,HUL,MID,5.4,0.18287164850170978,0.014774039505620246,0.012903225806451613,12.9,0.010321904165879659,0.7759339163703999
11,106,600,Osman,BHA,HUL,MID,5.0,0.15777367465066214,0.014774039505620246,0.012903225806451613,13.3,0.010692746527483041,0.7758080228612747
11,110,323,McAteer,IPS,TOT,MID,4.4,0.17535641838094407,0.01516736914181609,0.012903225806451613,12.7,0.022711639684608393,0.7720774822659724
11,101,52,Alysson,AVL,SUN,MID,5.0,0.1761688111455253,0.008933819111760893,0.009806451612903225,12.4,0.021359910465723515,0.766779264089537
11,101,160,Garnacho,AVL,SUN,MID,5.8,0.18338404605371447,0.010109321626466274,0.011096774193548386,11.5,0.016989634857985127,0.7653305194080713
11,107,422,Mazraoui,MUN,LIV,DEF,4.4,0.04345901222090157,0.032384878335625214,0.06694024390243904,18.7,0.010096626306531398,0.7492038929630263
11,108,621,McAidoo,MCI,FUL,MID,4.5,0.21352122543217644,0.022290584857172262,0.014709677419354838,11.9,0.005135940789551831,0.7368537563823537
11,104,339,Longstaff,LEE,CHE,MID,4.9,0.21904695239740138,0.014595151365398774,0.018838709677419352,12.5,0.017357808960629287,0.7353665839706847
11,102,482,Hudson-Odoi,NFO,BOU,MID,5.8,0.203851768055155,0.03904616517745857,0.03741935483870967,13.9,0.013061875433291684,0.730379163504615
11,102,81,Rodríguez,BOU,NFO,FWD,6.0,0.2639202299606523,0.0,0.0010526315789473684,11.0,0.011843685671448561,0.7302917606912066
11,108,616,Bouaddi,MCI,FUL,MID,5.5,0.20533927571017657,0.022290584857172262,0.014709677419354838,11.9,0.005067837840395227,0.729089184838021
11,107,440,Zirkzee,MUN,LIV,FWD,5.3,0.20240040048707,0.0,0.0008421052631578948,11.7,0.007716326574219775,0.7211986534588322
11,108,395,Lewis,MCI,FUL,DEF,4.4,0.12144210202381828,0.20643890171463006,0.08246829268292684,12.4,0.00391016889810644,0.7210275188604649
11,107,162,Andrey Santos,MUN,LIV,MID,4.8,0.07599403657001437,0.02951087906343621,0.02961290322580645,16.6,0.00919868515795815,0.713088515043034
11,110,571,Florentino,IPS,TOT,MID,4.8,0.046719552996986206,0.023964443244069423,0.020387096774193546,14.9,0.021555296134172536,0.6982955620817525
11,103,231,Keane,EVE,BRE,DEF,4.8,0.1501039610053101,0.03215239441780736,0.10282439024390244,18.6,0.012309259865275111,0.6962029885307495
11,104,648,Bahoya,LEE,CHE,MID,5.0,0.17353910766537195,0.013395549883311207,0.01729032258064516,12.3,0.014591918008661504,0.6957055998837298
11,105,212,Hughes,CRY,COV,MID,4.4,0.03289780546536237,0.034633308465542974,0.03380645161290323,16.7,0.025167853574644985,0.6913887501986212
11,104,164,Quenda,CHE,LEE,MID,5.3,0.1795531290567482,0.014441414132065334,0.012903225806451613,11.3,0.013383542496921417,0.6903928814986724
11,107,420,Yoro,MUN,LIV,DEF,4.8,0.028521901771375216,0.0236731566780886,0.06524390243902439,16.3,0.005744637993484537,0.6821304649466058
11,102,76,Tóth.A,BOU,NFO,MID,4.9,0.15672409970388174,0.01716097521086256,0.012903225806451613,11.3,0.0124547821787735,0.6689437295672539
11,106,638,Norton-Cuffy,HUL,BHA,DEF,4.0,0.09966285975968638,0.026473724281168416,0.02609756097560976,11.9,0.007644819164941556,0.6469834014824724
11,106,594,David,BHA,HUL,FWD,5.9,0.23271083085380007,0.0,0.0010526315789473684,10.4,0.008164828680981506,0.6446514012552607
11,105,241,McNeil,CRY,COV,MID,5.4,0.09899554568565123,0.04124271847805117,0.030193548387096772,14.2,0.023917453904326855,0.6417648895916794
11,105,595,Gozo,CRY,COV,MID,5.0,0.12783149990151216,0.013218820025016401,0.012903225806451613,11.0,0.024789956402129852,0.6325019562873058
11,101,549,Talbi,SUN,AVL,MID,5.3,0.20300493068153924,0.029610156856036737,0.02890322580645161,11.5,0.015610567877529844,0.6291288812215574
11,107,430,Mount,MUN,LIV,MID,5.4,0.16472377701853905,0.016587814375526238,0.022193548387096772,10.8,0.006459043354679539,0.6159668834058686
11,105,42,Guessand,CRY,COV,MID,5.4,0.13659466075241883,0.01744884243302165,0.01703225806451613,9.8,0.01976556517296244,0.6068413264229191
11,101,548,Rigg,SUN,AVL,MID,4.9,0.11864293657331755,0.020885735639525914,0.020387096774193546,10.4,0.01626372870809912,0.6008779340034786
11,109,446,Schär,NEW,ARS,DEF,4.9,0.0005285548821509656,0.005113595166801786,0.04123414634146342,14.1,0.011289552930865126,0.5857910961581131
11,103,100,Carvalho,BRE,EVE,MID,5.0,0.18636204916659327,0.01741839755898683,0.012903225806451613,9.0,0.010700373548307657,0.5713485894632329
11,105,599,Cherif,COV,CRY,FWD,5.0,0.2412022841833049,0.0,0.0010526315789473684,8.3,0.02057495511736446,0.5684302456063987
11,103,89,Henry,BRE,EVE,DEF,4.4,0.06233499677901201,0.10750245880151583,0.051673170731707324,11.0,0.00815348010601102,0.5630840616465428
11,104,641,Bard,LEE,CHE,DEF,4.5,0.07347834494987317,0.015735302226742257,0.03497073170731708,11.3,0.010895028184663522,0.5613600012106664
11,105,207,Mingueza,CRY,COV,DEF,4.4,0.0586918353234802,0.03124203462628268,0.02609756097560976,10.4,0.02018491002605153,0.5609258882751115
11,105,647,Osorio,CRY,COV,MID,5.5,0.12689064631460473,0.017713218833521976,0.01729032258064516,10.4,0.02421156109201171,0.5600279031423849
11,108,406,Kovačić,MCI,FUL,MID,5.4,0.15008439748737923,0.019553144611554617,0.012903225806451613,9.4,0.004394855951595044,0.5563864108625105
11,103,660,Fredrick,BRE,EVE,DEF,4.0,0.08429218066403751,0.13899307804640432,0.06680975609756098,11.2,0.009007575820386199,0.5439303849827455
11,106,340,Gelhardt,HUL,BHA,MID,5.0,0.1648030196456682,0.012400121074785914,0.012903225806451613,9.0,0.008270045267643293,0.542480154128939
11,105,179,Latibeaudiere,COV,CRY,DEF,4.0,0.07668649373240058,0.06796475168241892,0.02609756097560976,9.0,0.019160970470155927,0.5375320175131751
11,109,20,Dowman,ARS,NEW,MID,5.3,0.14337586866478685,0.02444613214093071,0.012903225806451613,9.0,0.010484883040274501,0.5353826908125736
11,108,256,Tete,FUL,MCI,DEF,4.4,0.04548717314615817,-0.05836688448490662,0.07568292682926829,16.5,0.005177587712427412,0.5153322163533554
11,103,245,Dibling,EVE,BRE,MID,5.4,0.12937559546964106,0.00944347692331729,0.012903225806451613,9.0,0.009941000494321887,0.5063366090783262
11,102,487,Dominguez,NFO,BOU,MID,4.9,0.06906371618362454,0.03177549993751801,0.030451612903225803,10.1,0.010908598398423954,0.5033055981365898
11,107,421,Heaven,MUN,LIV,DEF,4.4,0.061523550189013024,0.032384878335625214,0.06694024390243904,15.1,0.006889082896202535,0.49160110936054696
11,109,450,Livramento,NEW,ARS,DEF,4.9,0.018506819798727737,0.004789949903080154,0.03862439024390244,12.0,0.01157165238590623,0.4820218213576999
11,106,120,Svoboda,BHA,HUL,DEF,5.0,0.05069220658392262,0.04002599029812112,0.02609756097560976,9.0,0.00706914617857147,0.4715919485087453
11,108,622,Braithwaite,MCI,FUL,DEF,4.0,0.06556032401597736,0.07447479365654376,0.029751219512195125,8.1,0.0035387754673865336,0.45448512923943357
11,101,539,O'Nien,SUN,AVL,DEF,3.9,0.06256960792363095,0.08185413072086065,0.051281707317073176,11.5,0.015204475530562034,0.4447958118510742
11,106,574,Hjertø-Dahl,HUL,BHA,MID,4.9,0.1283750849967335,0.012400121074785914,0.012903225806451613,7.6,0.007610343010231422,0.432361053402502
11,109,442,Pope,NEW,ARS,GK,4.9,0.01534124277061808,0.03200554931168754,0.0,17.5,0.013436553215877518,0.4252965903312958
11,109,664,Salia,NEW,ARS,FWD,4.5,0.17063378061321835,0.0,0.0026947368421052632,11.2,0.011296325779209398,0.4252658053621045
11,105,185,Sakamoto,COV,CRY,MID,4.8,0.12340659886397996,0.02007370863305534,0.012903225806451613,7.1,0.020116502548116127,0.42021955406605527
11,103,661,Balcombe,BRE,EVE,GK,4.0,0.001627784802354007,0.145104842519621,0.0,11.2,0.009484323355091742,0.4171058395659556
11,109,665,Mills,NEW,ARS,MID,4.5,0.09989295566753187,0.022284238827123017,0.03303225806451613,11.2,0.011729057818794702,0.4071183389864855
11,109,666,Thompson,NEW,ARS,MID,4.5,0.09989295566753187,0.022284238827123017,0.03303225806451613,11.2,0.011729057818794702,0.4071183389864855
11,104,159,Caicedo,CHE,LEE,MID,5.3,0.0889757055882844,0.031193454525261118,0.027870967741935482,11.0,0.012826011371076765,0.4046073712112841
11,108,396,Vitor Reis,MCI,FUL,DEF,4.5,0.057466456853511025,0.06532876636538927,0.02609756097560976,7.1,0.003406084483268118,0.39816752519259907
11,110,321,Walle Egeli,IPS,TOT,FWD,4.5,0.16130680219719945,0.0,0.0010526315789473684,6.7,0.015796710001675315,0.39743650107937306
11,103,243,Alcaraz,EVE,BRE,MID,4.9,0.04329202913401946,0.008876868307918253,0.012129032258064516,8.8,0.008965233283798469,0.3877510364080214
11,102,62,Diakité,BOU,NFO,DEF,4.9,0.0,0.11116720114755835,0.05480487804878049,9.4,0.008880258408672636,0.3844797885854036
11,108,392,Aït-Nouri,MCI,FUL,DEF,5.3,0.058404372102138245,0.11236547814846953,0.044887804878048776,7.0,0.0039799859883337604,0.38221951547332395
11,109,663,Pivas,NEW,ARS,DEF,4.0,0.047485440458978685,0.00828531875127378,0.06680975609756098,11.2,0.009601586290146041,0.37700989595231593
11,110,308,Furlong,IPS,TOT,DEF,3.9,0.04697201376741304,0.04219729540717722,0.02609756097560976,7.1,0.014343666234124582,0.37582766955222063
11,102,493,Kalimuendo,NFO,BOU,FWD,5.4,0.1443460983068427,0.0,0.0010526315789473684,6.7,0.009344248633058074,0.37379509777181114
11,105,655,Gboho,COV,CRY,MID,5.5,0.1346838533644787,0.03412530467619408,0.021935483870967745,7.5,0.02048469854427198,0.3712783328276891
11,108,255,J.Cuenca,FUL,MCI,DEF,4.5,0.0019255960952036372,-0.06883267066840713,0.15244024390243904,15.6,0.004719013355335421,0.35644622393743575
11,104,344,Gruev,LEE,CHE,MID,5.0,0.090663592689364,0.020993025936532485,0.027096774193548386,8.9,0.010949055121978721,0.3464444813253386
11,101,667,Wright,AVL,SUN,GK,4.0,0.0016245916825795982,0.06405893957277321,0.0,11.2,0.01601708326526939,0.3425895034095111
11,103,657,Nunes,BRE,EVE,MID,4.5,0.11874215395972058,0.029611275850277615,0.021935483870967745,7.5,0.008985800315525129,0.3393237063682677
11,106,285,McNair,HUL,BHA,DEF,4.0,0.05208728120788226,0.026473724281168416,0.02609756097560976,6.7,0.0063609727718411755,0.333077300464111
11,107,435,Lacey,MUN,LIV,MID,4.9,0.08201833758244431,0.009644078125305953,0.012903225806451613,6.7,0.0054346870022529,0.3290098447349003
11,110,147,Tosin,TOT,IPS,DEF,4.4,0.0,0.02130034202468256,0.013570731707317074,6.2,0.014585451603569966,0.3118648520714705
11,110,497,Dubravka,TOT,IPS,GK,4.0,0.0,0.08779615176957183,0.0,9.8,0.01566556420231262,0.3103506048607733
11,106,658,Ibrahim,BHA,HUL,MID,4.5,0.08952400082021966,0.02511586715955442,0.021935483870967745,7.5,0.007510077560776473,0.3041344217832949
11,101,35,Bogarde,AVL,SUN,MID,4.9,0.0,0.018572939732345015,0.020387096774193546,8.9,0.013090201203908865,0.2995728629883441
11,101,651,J.Angulo,SUN,AVL,FWD,4.5,0.14195478469018286,0.0,0.0014105263157894738,5.9,0.013630656792386179,0.28269076034770424
11,109,659,Miley,NEW,ARS,MID,4.5,0.0668926042416508,0.01479812734613638,0.021935483870967745,7.5,0.009578375558492558,0.27325358338902406
11,108,628,Allan,MCI,FUL,MID,6.0,0.1006435580534606,0.026201213779483187,0.01729032258064516,5.9,0.0035873874588046696,0.2731743558715246
11,108,653,Samba,MCI,FUL,MID,4.5,0.1006435580534606,0.026201213779483187,0.01729032258064516,5.9,0.0035873874588046696,0.2731743558715246
11,106,645,Mouzakitis,HUL,BHA,MID,5.0,0.10113604405736812,0.016616162240213124,0.01729032258064516,5.9,0.006880014610187081,0.2673744174875445
11,106,556,Targett,HUL,BHA,DEF,4.0,0.04036889109086863,0.02012003045368799,0.019834146341463414,5.0,0.006020260841743415,0.25286283147297356
11,101,630,Harwood-Bellis,AVL,SUN,DEF,4.5,0.044316812319220605,0.030331724466174124,0.03497073170731708,5.9,0.012512285986860296,0.25003191043409917
11,105,178,Bidwell,COV,CRY,DEF,4.0,0.03756060281493957,0.06796475168241892,0.02609756097560976,4.4,0.015982555263881298,0.24307353280463243
11,103,654,Graham,EVE,BRE,MID,4.5,0.07413014831219261,0.01265425907724517,0.01729032258064516,5.9,0.008232083044906384,0.23775868701412028
11,104,169,Mheuka,CHE,LEE,FWD,4.5,0.12217329500807271,0.0,0.0010526315789473684,4.4,0.009080162311102558,0.2261293240196686
11,105,189,Shepherd,COV,CRY,MID,4.4,0.07901452730716085,0.02007370863305534,0.012903225806451613,4.4,0.017289227582255588,0.22292276485369902
11,101,613,Ahoka,SUN,AVL,MID,4.5,0.07042678742510147,0.015069454828518698,0.014709677419354838,5.0,0.013234944044801375,0.21980685863229418
11,108,636,Ángel,FUL,MCI,MID,5.0,0.06440347802329846,0.007481985683692158,0.01729032258064516,5.9,0.0035873874588046696,0.2182150477455714
11,106,614,Hadjam,BHA,HUL,DEF,4.5,0.028370946894705658,0.045629628939858086,0.029751219512195125,5.0,0.0059891215106968035,0.21818189647993616
11,107,382,Danns,LIV,MUN,FWD,4.5,0.11788276491723906,0.0,0.0010526315789473684,4.4,0.004709471577061525,0.2174681031947939
11,103,92,Ji-soo,BRE,EVE,DEF,4.4,0.03311478526087189,0.054294171111876684,0.02609756097560976,4.4,0.007009438252113587,0.21598401766825479
11,102,573,Sanchez,BOU,NFO,DEF,4.4,0.029922443763492686,0.052936762451218256,0.02609756097560976,4.4,0.007721643862795455,0.21214647312089902
11,102,66,Soler,BOU,NFO,DEF,4.0,0.029922443763492686,0.052936762451218256,0.02609756097560976,4.4,0.007721643862795455,0.21214647312089902
11,105,623,Bentley,COV,CRY,GK,4.0,0.0008242511877862337,0.07811067092006528,0.0,5.0,0.01672029545063087,0.21126632866959347
11,110,510,Rowswell,TOT,IPS,DEF,4.0,0.033994431721167,0.04096219620131261,0.02609756097560976,4.4,0.013130560239794073,0.2096528112056663
11,110,509,Byfield,TOT,IPS,DEF,4.0,0.033994431721167,0.04096219620131261,0.02609756097560976,4.4,0.013130560239794073,0.2096528112056663
11,110,508,Davies,TOT,IPS,DEF,3.9,0.033994431721167,0.04096219620131261,0.02609756097560976,4.4,0.013130560239794073,0.2096528112056663
11,110,524,Olusesi,TOT,IPS,MID,4.4,0.07151253580134763,0.014943214240344463,0.012903225806451613,4.4,0.014204333397024838,0.2072053847699442
11,110,601,Williams-Barnett,TOT,IPS,MID,4.5,0.07151253580134763,0.014943214240344463,0.012903225806451613,4.4,0.014204333397024838,0.2072053847699442
11,110,303,Kipré,IPS,TOT,DEF,3.9,0.030025824554297312,0.04219729540717722,0.02609756097560976,4.4,0.013130560239794073,0.20691930324466123
11,104,561,Anselmino,CHE,LEE,DEF,4.5,0.03399943847539447,0.03817478980239438,0.02609756097560976,4.4,0.008518379169855997,0.20225823049103753
11,106,292,Ömür,HUL,BHA,MID,4.9,0.07542349048346098,0.012400121074785914,0.012903225806451613,4.4,0.006337404543530392,0.20070631743300454
11,106,294,Zambrano,HUL,BHA,MID,4.5,0.07542349048346098,0.012400121074785914,0.012903225806451613,4.4,0.006337404543530392,0.20070631743300454
11,106,288,Dowell,HUL,BHA,MID,4.5,0.07542349048346098,0.012400121074785914,0.012903225806451613,4.4,0.006337404543530392,0.20070631743300454
11,101,50,Burrowes,AVL,SUN,MID,4.5,0.06952541210840953,0.011755025147053809,0.012903225806451613,4.4,0.0128073499412102,0.20063308852790077
11,109,3,Meslier,ARS,NEW,GK,4.9,0.0006319520798017352,0.08984385866786584,0.0,4.4,0.007624688557781119,0.19987827708322645
11,109,2,Arrizabalaga,ARS,NEW,GK,4.9,0.0006319520798017352,0.08984385866786584,0.0,4.4,0.007624688557781119,0.19987827708322645
11,110,310,Matusiwa,IPS,TOT,MID,4.9,0.06316395788040716,0.01516736914181609,0.012903225806451613,4.4,0.014204333397024838,0.19908096175047535
11,110,324,Mehmeti,IPS,TOT,MID,4.8,0.06316395788040716,0.01516736914181609,0.012903225806451613,4.4,0.014204333397024838,0.19908096175047535
11,101,550,Jocelin.T,SUN,AVL,MID,5.0,0.061975572934089306,0.013218820025016401,0.012903225806451613,4.4,0.0128073499412102,0.19454704423154312
11,106,117,Coppola,BHA,HUL,DEF,4.5,0.024966433267340982,0.04002599029812112,0.02609756097560976,4.4,0.0058580058033967436,0.19241605241225151
11,107,378,McConnell,LIV,MUN,MID,4.4,0.0690112928842393,0.010591560217440281,0.012903225806451613,4.4,0.00477958375811929,0.19092773819102613
11,107,374,Endo,LIV,MUN,MID,4.9,0.0690112928842393,0.010591560217440281,0.012903225806451613,4.4,0.00477958375811929,0.19092773819102613
11,105,218,Doucouré,CRY,COV,MID,4.8,0.05378391995856217,0.013218820025016401,0.012903225806451613,4.4,0.017289227582255588,0.19083726889706143
11,105,221,Drakes-Thomas,CRY,COV,MID,4.5,0.05378391995856217,0.013218820025016401,0.012903225806451613,4.4,0.017289227582255588,0.19083726889706143
11,106,284,McCarthy,HUL,BHA,DEF,4.0,0.035853555865149246,0.026473724281168416,0.02609756097560976,4.4,0.0058580058033967436,0.18975090899310704
11,101,606,Rowe,AVL,SUN,DEF,4.0,0.033049826136367914,0.022635615273264274,0.02609756097560976,4.4,0.01183904973004762,0.18909011418307245
11,101,38,A.García,AVL,SUN,DEF,4.0,0.033049826136367914,0.022635615273264274,0.02609756097560976,4.4,0.01183904973004762,0.18909011418307245
11,102,476,O.Richards,NFO,BOU,DEF,4.0,0.02642907028467765,0.03265060691709788,0.02609756097560976,4.4,0.007721643862795455,0.18836694410796362
11,104,604,Cresswell,LEE,CHE,MID,4.5,0.062193991551739145,0.009996679017396422,0.012903225806451613,4.4,0.00921527843561874,0.18795125033598156
11,105,172,Wilson,COV,CRY,GK,4.4,0.0007253410452518859,0.06840093151657416,0.0,4.4,0.01630949540427747,0.18721354574388127
11,108,626,Zepa,FUL,MCI,MID,4.5,0.05457921866381224,0.006365271402544074,0.014709677419354838,5.0,0.0034148103164207515,0.18543497271664966
11,102,615,Di Gregorio,BOU,NFO,GK,4.5,0.0006566350900980689,0.06097876319649652,0.0,5.0,0.008078334240596403,0.1853248436383021
11,106,134,Oriola,BHA,HUL,MID,4.5,0.05252074714786221,0.014774039505620246,0.012903225806451613,4.4,0.006337404543530392,0.1801774925282401
11,108,272,Kusi-Asare,FUL,MCI,FWD,4.5,0.08204273622632398,0.0,0.0010526315789473684,4.4,0.003255920317495751,0.18017452324431307
11,107,351,Mamardashvili,LIV,MUN,GK,4.9,0.0,0.024096027547115265,0.0,6.7,0.0049126376498164915,0.17900866519693176
11,107,359,Gomez,LIV,MUN,DEF,4.9,0.04514567198643675,0.016436535466800527,0.02766341463414634,3.6,0.004330668217345722,0.1783338660623051
11,107,437,Bendito Mantato,MUN,LIV,MID,4.4,0.05486024791307773,0.009644078125305953,0.012903225806451613,4.4,0.00477958375811929,0.17582921112773023
11,107,438,Fletcher,MUN,LIV,MID,4.4,0.05486024791307773,0.009644078125305953,0.012903225806451613,4.4,0.00477958375811929,0.17582921112773023
11,107,434,J.Fletcher,MUN,LIV,MID,4.9,0.05486024791307773,0.009644078125305953,0.012903225806451613,4.4,0.00477958375811929,0.17582921112773023
11,107,361,Lucky,LIV,MUN,DEF,4.0,0.03280543274901631,0.015506165534717484,0.02609756097560976,4.4,0.004417971116143363,0.17429519244326977
11,104,603,Lienou,LEE,CHE,DEF,4.0,0.029564738204019766,0.0117427628557778,0.02609756097560976,4.4,0.008518379169855997,0.1713915032730462
11,108,587,Rulli,MCI,FUL,GK,5.0,0.0006890043348983517,0.06576494619954451,0.0,4.4,0.0031169313163917946,0.17134865962861243
11,108,386,Bettinelli,MCI,FUL,GK,4.5,0.0006890043348983517,0.06576494619954451,0.0,4.4,0.0031169313163917946,0.17134865962861243
11,103,83,Valdimarsson,BRE,EVE,GK,4.5,0.0006394868866390743,0.05473035094603192,0.0,4.4,0.007152931456258104,0.16430054706670688
11,102,58,Forster,BOU,NFO,GK,4.0,0.0005778388792863007,0.053372942285373495,0.0,4.4,0.007879713399022683,0.16360827234146025
11,108,270,Reed,FUL,MCI,MID,4.4,0.04802971242415477,0.005583571405740416,0.012903225806451613,4.4,0.003304395430138429,0.16346298059126088
11,104,629,Zetterer,LEE,CHE,GK,4.0,0.0007655667675929984,0.01674957832068067,0.0,5.9,0.009250866236978017,0.16312712243636282
11,107,424,Amass,MUN,LIV,DEF,4.0,0.026078545963857027,0.009469262671235445,0.02609756097560976,4.4,0.004417971116143363,0.16153140279462846
11,107,131,Baleba,MUN,LIV,MID,4.9,0.0,0.013115946250416096,0.017548387096774195,4.8,0.0044446471118139725,0.16052817851489734
11,110,301,Palmer,IPS,TOT,GK,4.0,0.0005798352884288976,0.04263347524133246,0.0,4.4,0.013399223255926473,0.15839031156346556
11,110,302,Button,IPS,TOT,GK,4.0,0.0005798352884288976,0.04263347524133246,0.0,4.4,0.013399223255926473,0.15839031156346556
11,110,495,Austin,TOT,IPS,GK,4.0,0.0006564739325101486,0.04139837603546785,0.0,4.4,0.013399223255926473,0.15723185100168222
11,104,158,Gittens,CHE,LEE,MID,5.8,0.03812422393264282,0.011553131305652267,0.01032258064516129,2.4,0.008183229201318327,0.1511831650847747
11,105,555,Matthews,CRY,COV,GK,4.0,0.0004937280023056183,0.03167821446043792,0.0,4.4,0.01630949540427747,0.15025921564479877
11,104,560,Penders,CHE,LEE,GK,4.4,0.0006565706190399831,0.03861096963654962,0.0,4.4,0.008692742388861675,0.149738060422229
11,106,111,Steele,BHA,HUL,GK,4.0,0.000482132272785082,0.04046217013227636,0.0,4.4,0.005977948589792758,0.14870002877263197
11,101,531,Ellborg,SUN,AVL,GK,4.5,0.0005689260998467409,0.03167821446043792,0.0,4.4,0.01208132089440731,0.1461062392324697
11,102,468,John,NFO,BOU,GK,4.5,0.0005103775772655816,0.03308678675125312,0.0,4.4,0.007879713399022683,0.14325465550531916
11,102,590,Benda,NFO,BOU,GK,4.5,0.0005103775772655816,0.03308678675125312,0.0,4.4,0.007879713399022683,0.14325465550531916
11,104,625,Cairns,LEE,CHE,GK,4.0,0.0006487853962652527,0.014017603657694399,0.0,5.0,0.008911835981405339,0.1391893361464761
11,106,273,Phillips,HUL,BHA,GK,4.0,0.0006923758869194836,0.026909904115323655,0.0,4.4,0.005977948589792758,0.13535800636981365
11,107,355,Davies,LIV,MUN,GK,4.0,0.0006335129123818941,0.015942345368872724,0.0,4.4,0.004508443631590984,0.12286207969062339
11,107,352,Woodman,LIV,MUN,GK,4.0,0.0006335129123818941,0.015942345368872724,0.0,4.4,0.004508443631590984,0.12286207969062339
11,103,227,Travers,EVE,BRE,GK,5.0,0.0005074939173615813,0.008596686031568266,0.0,4.4,0.007152931456258105,0.11803488918296573
11,103,228,King,EVE,BRE,GK,4.5,0.0005074939173615813,0.008596686031568266,0.0,4.4,0.007152931456258105,0.11803488918296573
11,109,443,Gillespie,NEW,ARS,GK,4.5,0.00036025069277574075,0.0036726324713715606,0.0,4.4,0.007624688557781119,0.11343534949970621
11,107,325,Darlow,MUN,LIV,GK,4.5,0.0,0.009807660946024086,0.0,4.7,0.0045790562571445745,0.11301297982943131
11,104,152,Palestra,CHE,LEE,DEF,5.3,0.016999719237697233,0.01908739490119719,0.01304878048780488,2.2,0.007854473913488896,0.10522439957407966
11,108,251,Lecomte,FUL,MCI,GK,4.0,0.00044090527400683004,-0.019690332057191874,0.0,4.4,0.0031169313163917946,0.08564528231098453
11,102,489,Yates,NFO,BOU,MID,4.5,0.01694683538738785,0.005385677955511528,0.005161290322580645,1.7,0.007160046326719864,0.06818208919485769
11,109,444,Jaouen,NEW,ARS,GK,4.4,0.00018012534638787037,0.001675730140289944,0.0,2.2,0.006959518371779363,0.060204262747346075
11,105,171,Dovin,COV,CRY,GK,4.0,0.0,0.0,0.0,0.0,0.013589554123768017,0.013589554123768017
11,105,174,Kitching,COV,CRY,DEF,4.0,0.0,0.0,0.0,0.0,0.013589554123768017,0.013589554123768017
11,105,177,Kesler-Hayden,COV,CRY,DEF,3.9,0.0,0.0,0.0,0.0,0.013589554123768017,0.013589554123768017
11,105,180,Woolfenden,COV,CRY,DEF,4.0,0.0,0.0,0.0,0.0,0.013589554123768017,0.013589554123768017
11,105,181,Brau,COV,CRY,DEF,4.0,0.0,0.0,0.0,0.0,0.013589554123768017,0.013589554123768017
11,105,182,Amenda,COV,CRY,DEF,4.0,0.0,0.0,0.0,0.0,0.013589554123768017,0.013589554123768017
11,105,187,Eccles,COV,CRY,MID,4.8,0.0,0.0,0.0,0.0,0.013589554123768017,0.013589554123768017
11,105,191,Borges Rodrigues,COV,CRY,MID,4.5,0.0,0.0,0.0,0.0,0.013589554123768017,0.013589554123768017
11,105,192,Andrews,COV,CRY,MID,4.5,0.0,0.0,0.0,0.0,0.013589554123768017,0.013589554123768017
11,105,193,Wright,COV,CRY,FWD,5.4,0.0,0.0,0.0,0.0,0.013589554123768017,0.013589554123768017
11,105,196,Markelo,COV,CRY,FWD,5.0,0.0,0.0,0.0,0.0,0.013589554123768017,0.013589554123768017
11,105,197,Bassette,COV,CRY,FWD,4.5,0.0,0.0,0.0,0.0,0.013589554123768017,0.013589554123768017
11,105,492,Awoniyi,COV,CRY,FWD,5.4,0.0,0.0,0.0,0.0,0.013589554123768017,0.013589554123768017
11,105,205,Sosa,CRY,COV,DEF,4.5,0.0,0.0,0.0,0.0,0.013589554123768017,0.013589554123768017
11,105,198,Henderson,CRY,COV,GK,5.0,0.0,0.0,0.0,0.0,0.013589554123768017,0.013589554123768017
11,105,225,Uche,CRY,COV,FWD,5.0,0.0,0.0,0.0,0.0,0.013589554123768017,0.013589554123768017
11,105,153,Disasi,CRY,COV,DEF,4.5,0.0,0.0,0.0,0.0,0.013589554123768017,0.013589554123768017
11,105,215,Devenny,CRY,COV,MID,5.0,0.0,0.0,0.0,0.0,0.013589554123768017,0.013589554123768017
11,105,206,Chadi Riad,CRY,COV,DEF,4.3,0.0,0.0,0.0,0.0,0.013589554123768017,0.013589554123768017
11,105,216,Esse,CRY,COV,MID,5.0,0.0,0.0,0.0,0.0,0.013589554123768017,0.013589554123768017
11,105,223,Mateta,CRY,COV,FWD,6.3,0.0,0.0,0.0,0.0,0.013589554123768017,0.013589554123768017
11,105,217,M.França,CRY,COV,MID,4.9,0.0,0.0,0.0,0.0,0.013589554123768017,0.013589554123768017
11,105,219,J.Rak-Sakyi,CRY,COV,MID,4.9,0.0,0.0,0.0,0.0,0.013589554123768017,0.013589554123768017
11,105,220,Cardines,CRY,COV,DEF,4.5,0.0,0.0,0.0,0.0,0.013589554123768017,0.013589554123768017
11,110,311,Burns,IPS,TOT,MID,5.0,0.0,0.0,0.0,0.0,0.01116418982150624,0.01116418982150624
11,110,312,Taylor,IPS,TOT,MID,4.4,0.0,0.0,0.0,0.0,0.01116418982150624,0.01116418982150624
11,110,314,Ogbene,IPS,TOT,MID,4.9,0.0,0.0,0.0,0.0,0.01116418982150624,0.01116418982150624
11,110,315,Fatawu,IPS,TOT,MID,5.4,0.0,0.0,0.0,0.0,0.01116418982150624,0.01116418982150624
11,110,317,Hirst,IPS,TOT,FWD,5.0,0.0,0.0,0.0,0.0,0.01116418982150624,0.01116418982150624
11,110,319,Szmodics,IPS,TOT,MID,5.0,0.0,0.0,0.0,0.0,0.01116418982150624,0.01116418982150624
11,110,322,Al-Hamadi,IPS,TOT,FWD,5.0,0.0,0.0,0.0,0.0,0.01116418982150624,0.01116418982150624
11,110,554,Van Oevelen,IPS,TOT,GK,4.5,0.0,0.0,0.0,0.0,0.01116418982150624,0.01116418982150624
11,110,602,Humphreys,IPS,TOT,MID,4.5,0.0,0.0,0.0,0.0,0.01116418982150624,0.01116418982150624
11,110,307,Johnson,IPS,TOT,DEF,4.0,0.0,0.0,0.0,0.0,0.01116418982150624,0.01116418982150624
11,110,518,P.M.Sarr,TOT,IPS,MID,4.9,0.0,0.0,0.0,0.0,0.011164189821506238,0.011164189821506238
11,110,521,Kulusevski,TOT,IPS,MID,6.5,0.0,0.0,0.0,0.0,0.011164189821506238,0.011164189821506238
11,110,517,Odobert,TOT,IPS,MID,5.5,0.0,0.0,0.0,0.0,0.011164189821506238,0.011164189821506238
11,110,528,Scarlett,TOT,IPS,FWD,4.5,0.0,0.0,0.0,0.0,0.011164189821506238,0.011164189821506238
11,110,578,Mudryk,TOT,IPS,MID,5.3,0.0,0.0,0.0,0.0,0.011164189821506238,0.011164189821506238
11,110,523,Moore,TOT,IPS,MID,5.0,0.0,0.0,0.0,0.0,0.011164189821506238,0.011164189821506238
11,110,527,Richarlison,TOT,IPS,FWD,5.9,0.0,0.0,0.0,0.0,0.011164189821506238,0.011164189821506238
11,110,511,Souza,TOT,IPS,DEF,4.0,0.0,0.0,0.0,0.0,0.011164189821506238,0.011164189821506238
11,110,513,Xavi,TOT,IPS,MID,5.9,0.0,0.0,0.0,0.0,0.011164189821506238,0.011164189821506238
11,110,494,Vicario,TOT,IPS,GK,4.5,0.0,0.0,0.0,0.0,0.011164189821506238,0.011164189821506238
11,110,500,Romero,TOT,IPS,DEF,5.0,0.0,0.0,0.0,0.0,0.011164189821506238,0.011164189821506238
11,110,505,Spence,TOT,IPS,DEF,4.5,0.0,0.0,0.0,0.0,0.011164189821506238,0.011164189821506238
11,110,507,Phillips,TOT,IPS,DEF,4.5,0.0,0.0,0.0,0.0,0.011164189821506238,0.011164189821506238
11,101,39,Nedeljkovic,AVL,SUN,DEF,4.0,0.0,0.0,0.0,0.0,0.010065885045757492,0.010065885045757492
11,101,44,Bailey,AVL,SUN,MID,5.4,0.0,0.0,0.0,0.0,0.010065885045757492,0.010065885045757492
11,101,48,Onana,AVL,SUN,MID,4.9,0.0,0.0,0.0,0.0,0.010065885045757492,0.010065885045757492
11,101,49,Iling Jr,AVL,SUN,MID,5.0,0.0,0.0,0.0,0.0,0.010065885045757492,0.010065885045757492
11,101,36,Maatsen,AVL,SUN,DEF,4.4,0.0,0.0,0.0,0.0,0.010065885045757492,0.010065885045757492
11,101,607,Lynch,AVL,SUN,MID,4.5,0.0,0.0,0.0,0.0,0.010065885045757492,0.010065885045757492
11,101,618,Goretzka,AVL,SUN,MID,5.9,0.0,0.0,0.0,0.0,0.010065885045757492,0.010065885045757492
11,101,55,Watkins,AVL,SUN,FWD,7.8,0.0,0.0,0.0,0.0,0.010065885045757492,0.010065885045757492
11,101,582,Madjo,AVL,SUN,FWD,5.4,0.0,0.0,0.0,0.0,0.010065885045757492,0.010065885045757492
11,101,34,Pau,AVL,SUN,DEF,4.5,0.0,0.0,0.0,0.0,0.010065885045757492,0.010065885045757492
11,101,30,Digne,AVL,SUN,DEF,4.5,0.0,0.0,0.0,0.0,0.010065885045757492,0.010065885045757492
11,101,29,M.Bizot,AVL,SUN,GK,4.5,0.0,0.0,0.0,0.0,0.010065885045757492,0.010065885045757492
11,101,543,Diarra,SUN,AVL,MID,5.4,0.0,0.0,0.0,0.0,0.010065885045757492,0.010065885045757492
11,101,530,Patterson,SUN,AVL,GK,4.0,0.0,0.0,0.0,0.0,0.010065885045757492,0.010065885045757492
11,101,537,Seelt,SUN,AVL,DEF,4.5,0.0,0.0,0.0,0.0,0.010065885045757492,0.010065885045757492
11,101,538,Hjelde,SUN,AVL,DEF,4.0,0.0,0.0,0.0,0.0,0.010065885045757492,0.010065885045757492
11,101,540,Masuaku,SUN,AVL,DEF,4.0,0.0,0.0,0.0,0.0,0.010065885045757492,0.010065885045757492
11,101,546,Adingra,SUN,AVL,MID,4.9,0.0,0.0,0.0,0.0,0.010065885045757492,0.010065885045757492
11,101,547,Mundle,SUN,AVL,MID,4.9,0.0,0.0,0.0,0.0,0.010065885045757492,0.010065885045757492
11,104,140,Sánchez,CHE,LEE,GK,4.9,0.0,0.0,0.0,0.0,0.007242283339244213,0.007242283339244213
11,104,163,D.Essugo,CHE,LEE,MID,4.5,0.0,0.0,0.0,0.0,0.007242283339244213,0.007242283339244213
11,104,168,Marc Guiu,CHE,LEE,FWD,5.0,0.0,0.0,0.0,0.0,0.007242283339244213,0.007242283339244213
11,104,170,Emegha,CHE,LEE,FWD,5.0,0.0,0.0,0.0,0.0,0.007242283339244213,0.007242283339244213
11,104,143,Chalobah,CHE,LEE,DEF,5.5,0.0,0.0,0.0,0.0,0.007242283339244213,0.007242283339244213
11,104,146,B.Badiashile,CHE,LEE,DEF,4.5,0.0,0.0,0.0,0.0,0.007242283339244213,0.007242283339244213
11,104,150,M.Sarr,CHE,LEE,DEF,4.5,0.0,0.0,0.0,0.0,0.007242283339244213,0.007242283339244213
11,104,141,Jörgensen,CHE,LEE,GK,5.0,0.0,0.0,0.0,0.0,0.007242283339244213,0.007242283339244213
11,104,342,Harrison,LEE,CHE,MID,5.0,0.0,0.0,0.0,0.0,0.007242283339244213,0.007242283339244213
11,104,341,Gnonto,LEE,CHE,MID,5.0,0.0,0.0,0.0,0.0,0.007242283339244213,0.007242283339244213
11,104,333,Bornauw,LEE,CHE,DEF,4.5,0.0,0.0,0.0,0.0,0.007242283339244213,0.007242283339244213
11,104,329,Rodon,LEE,CHE,DEF,4.3,0.0,0.0,0.0,0.0,0.007242283339244213,0.007242283339244213
11,104,349,Mateo Joseph,LEE,CHE,FWD,4.5,0.0,0.0,0.0,0.0,0.007242283339244213,0.007242283339244213
11,104,348,Piroe,LEE,CHE,FWD,5.0,0.0,0.0,0.0,0.0,0.007242283339244213,0.007242283339244213
11,104,260,Wilson,LEE,CHE,MID,6.2,0.0,0.0,0.0,0.0,0.007242283339244213,0.007242283339244213
11,104,326,Perri,LEE,CHE,GK,4.5,0.0,0.0,0.0,0.0,0.007242283339244213,0.007242283339244213
11,102,59,Dennis,BOU,NFO,GK,4.0,0.0,0.0,0.0,0.0,0.006564813145211478,0.006564813145211478
11,102,63,Milosavljević,BOU,NFO,DEF,4.9,0.0,0.0,0.0,0.0,0.006564813145211478,0.006564813145211478
11,102,65,J.Araujo,BOU,NFO,DEF,4.4,0.0,0.0,0.0,0.0,0.006564813145211478,0.006564813145211478
11,102,70,Kluivert,BOU,NFO,MID,6.0,0.0,0.0,0.0,0.0,0.006564813145211478,0.006564813145211478
11,102,77,Adli,BOU,NFO,MID,4.9,0.0,0.0,0.0,0.0,0.006564813145211478,0.006564813145211478
11,102,78,Kroupi.Jr,BOU,NFO,MID,7.4,0.0,0.0,0.0,0.0,0.006564813145211478,0.006564813145211478
11,102,80,Enes Ünal,BOU,NFO,FWD,5.5,0.0,0.0,0.0,0.0,0.006564813145211478,0.006564813145211478
11,102,470,Morato,NFO,BOU,DEF,5.0,0.0,0.0,0.0,0.0,0.0065648131452114775,0.0065648131452114775
11,102,471,Milenković,NFO,BOU,DEF,5.4,0.0,0.0,0.0,0.0,0.0065648131452114775,0.0065648131452114775
11,102,479,Bindon,NFO,BOU,DEF,4.0,0.0,0.0,0.0,0.0,0.0065648131452114775,0.0065648131452114775
11,102,477,Abbott,NFO,BOU,DEF,4.0,0.0,0.0,0.0,0.0,0.0065648131452114775,0.0065648131452114775
11,102,475,Savona,NFO,BOU,DEF,4.5,0.0,0.0,0.0,0.0,0.0065648131452114775,0.0065648131452114775
11,102,485,Bakwa,NFO,BOU,MID,5.5,0.0,0.0,0.0,0.0,0.0065648131452114775,0.0065648131452114775
11,102,484,Hutchinson,NFO,BOU,MID,5.4,0.0,0.0,0.0,0.0,0.0065648131452114775,0.0065648131452114775
11,109,448,Burn,NEW,ARS,DEF,4.8,0.0,0.0,0.0,0.0,0.006352349059103751,0.006352349059103751
11,109,451,A.Murphy,NEW,ARS,DEF,4.0,0.0,0.0,0.0,0.0,0.006352349059103751,0.006352349059103751
11,109,463,Woltemade,NEW,ARS,FWD,5.9,0.0,0.0,0.0,0.0,0.006352349059103751,0.006352349059103751
11,109,465,Osula,NEW,ARS,FWD,5.8,0.0,0.0,0.0,0.0,0.006352349059103751,0.006352349059103751
11,109,466,Neave,NEW,ARS,FWD,4.5,0.0,0.0,0.0,0.0,0.006352349059103751,0.006352349059103751
11,109,454,Elanga,NEW,ARS,MID,6.1,0.0,0.0,0.0,0.0,0.006352349059103751,0.006352349059103751
11,109,456,J.Ramsey,NEW,ARS,MID,4.9,0.0,0.0,0.0,0.0,0.006352349059103751,0.006352349059103751
11,109,458,Joelinton,NEW,ARS,MID,5.4,0.0,0.0,0.0,0.0,0.006352349059103751,0.006352349059103751
11,109,593,Dedić,NEW,ARS,DEF,4.5,0.0,0.0,0.0,0.0,0.006352349059103751,0.006352349059103751
11,109,609,Shahar,NEW,ARS,DEF,4.0,0.0,0.0,0.0,0.0,0.006352349059103751,0.006352349059103751
11,109,6,Saliba,ARS,NEW,DEF,5.9,0.0,0.0,0.0,0.0,0.006352349059103751,0.006352349059103751
11,109,27,G.Jesus,ARS,NEW,FWD,5.9,0.0,0.0,0.0,0.0,0.006352349059103751,0.006352349059103751
11,109,24,Nelson,ARS,NEW,MID,5.5,0.0,0.0,0.0,0.0,0.006352349059103751,0.006352349059103751
11,109,23,Fábio Vieira,ARS,NEW,MID,5.5,0.0,0.0,0.0,0.0,0.006352349059103751,0.006352349059103751
11,109,22,Nwaneri,ARS,NEW,MID,5.4,0.0,0.0,0.0,0.0,0.006352349059103751,0.006352349059103751
11,109,18,Martinelli,ARS,NEW,MID,6.3,0.0,0.0,0.0,0.0,0.006352349059103751,0.006352349059103751
11,103,234,Patterson,EVE,BRE,DEF,4.5,0.0,0.0,0.0,0.0,0.0059592882428476076,0.0059592882428476076
11,103,246,Röhl,EVE,BRE,MID,4.9,0.0,0.0,0.0,0.0,0.0059592882428476076,0.0059592882428476076
11,103,235,Aznou,EVE,BRE,DEF,4.0,0.0,0.0,0.0,0.0,0.0059592882428476076,0.0059592882428476076
11,103,248,Beto,EVE,BRE,FWD,5.4,0.0,0.0,0.0,0.0,0.0059592882428476076,0.0059592882428476076
11,103,21,Nørgaard,EVE,BRE,MID,4.9,0.0,0.0,0.0,0.0,0.0059592882428476076,0.0059592882428476076
11,103,103,Dasilva,BRE,EVE,MID,4.9,0.0,0.0,0.0,0.0,0.005959288242847607,0.005959288242847607
11,103,107,Furo,BRE,EVE,FWD,4.5,0.0,0.0,0.0,0.0,0.005959288242847607,0.005959288242847607
11,103,99,Milambo,BRE,EVE,MID,5.0,0.0,0.0,0.0,0.0,0.005959288242847607,0.005959288242847607
11,103,84,Collins,BRE,EVE,DEF,5.4,0.0,0.0,0.0,0.0,0.005959288242847607,0.005959288242847607
11,103,85,Van den Berg,BRE,EVE,DEF,4.9,0.0,0.0,0.0,0.0,0.005959288242847607,0.005959288242847607
11,103,97,Jensen,BRE,EVE,MID,5.4,0.0,0.0,0.0,0.0,0.005959288242847607,0.005959288242847607
11,106,298,Destan,HUL,BHA,FWD,4.5,0.0,0.0,0.0,0.0,0.004980234470620912,0.004980234470620912
11,106,297,Gyabi,HUL,BHA,MID,4.4,0.0,0.0,0.0,0.0,0.004980234470620912,0.004980234470620912
11,106,296,Akintola,HUL,BHA,MID,5.0,0.0,0.0,0.0,0.0,0.004980234470620912,0.004980234470620912
11,106,293,Kamara,HUL,BHA,MID,5.0,0.0,0.0,0.0,0.0,0.004980234470620912,0.004980234470620912
11,106,291,Matazo,HUL,BHA,MID,4.5,0.0,0.0,0.0,0.0,0.004980234470620912,0.004980234470620912
11,106,287,Millar,HUL,BHA,MID,5.0,0.0,0.0,0.0,0.0,0.004980234470620912,0.004980234470620912
11,106,299,Burstow,HUL,BHA,FWD,4.5,0.0,0.0,0.0,0.0,0.004980234470620912,0.004980234470620912
11,106,563,Morita,HUL,BHA,MID,5.0,0.0,0.0,0.0,0.0,0.004980234470620912,0.004980234470620912
11,106,632,Ansah,HUL,BHA,FWD,5.0,0.0,0.0,0.0,0.0,0.004980234470620912,0.004980234470620912
11,106,274,Butland,HUL,BHA,GK,4.4,0.0,0.0,0.0,0.0,0.004980234470620912,0.004980234470620912
11,106,275,Cartwright,HUL,BHA,GK,4.0,0.0,0.0,0.0,0.0,0.004980234470620912,0.004980234470620912
11,106,276,Lo-Tutala,HUL,BHA,GK,4.0,0.0,0.0,0.0,0.0,0.004980234470620912,0.004980234470620912
11,106,278,Hughes,HUL,BHA,DEF,3.9,0.0,0.0,0.0,0.0,0.004980234470620912,0.004980234470620912
11,106,281,Drameh,HUL,BHA,DEF,4.0,0.0,0.0,0.0,0.0,0.004980234470620912,0.004980234470620912
11,106,283,Jacob,HUL,BHA,DEF,4.0,0.0,0.0,0.0,0.0,0.004980234470620912,0.004980234470620912
11,106,139,Ferguson,BHA,HUL,FWD,5.0,0.0,0.0,0.0,0.0,0.004980234470620912,0.004980234470620912
11,106,137,Tzimas,BHA,HUL,FWD,5.4,0.0,0.0,0.0,0.0,0.004980234470620912,0.004980234470620912
11,106,135,Yohanna,BHA,HUL,MID,4.9,0.0,0.0,0.0,0.0,0.004980234470620912,0.004980234470620912
11,106,133,Watson,BHA,HUL,MID,5.0,0.0,0.0,0.0,0.0,0.004980234470620912,0.004980234470620912
11,106,132,Howell,BHA,HUL,MID,4.5,0.0,0.0,0.0,0.0,0.004980234470620912,0.004980234470620912
11,106,624,Cozier-Duberry,BHA,HUL,MID,5.0,0.0,0.0,0.0,0.0,0.004980234470620912,0.004980234470620912
11,106,652,Azeez,BHA,HUL,MID,5.5,0.0,0.0,0.0,0.0,0.004980234470620912,0.004980234470620912
11,106,118,Igor,BHA,HUL,DEF,4.5,0.0,0.0,0.0,0.0,0.004980234470620912,0.004980234470620912
11,106,121,Mitoma,BHA,HUL,MID,5.9,0.0,0.0,0.0,0.0,0.004980234470620912,0.004980234470620912
11,106,122,Minteh,BHA,HUL,MID,5.8,0.0,0.0,0.0,0.0,0.004980234470620912,0.004980234470620912
11,106,123,Hinshelwood,BHA,HUL,MID,5.9,0.0,0.0,0.0,0.0,0.004980234470620912,0.004980234470620912
11,106,130,Wieffer,BHA,HUL,DEF,4.9,0.0,0.0,0.0,0.0,0.004980234470620912,0.004980234470620912
11,106,128,Buonanotte,BHA,HUL,MID,5.0,0.0,0.0,0.0,0.0,0.004980234470620912,0.004980234470620912
11,107,353,Pecsi,LIV,MUN,GK,4.0,0.0,0.0,0.0,0.0,0.0037558883037193333,0.0037558883037193333
11,107,354,Jaros,LIV,MUN,GK,4.0,0.0,0.0,0.0,0.0,0.0037558883037193333,0.0037558883037193333
11,107,360,Bradley,LIV,MUN,DEF,5.0,0.0,0.0,0.0,0.0,0.0037558883037193333,0.0037558883037193333
11,107,363,Leoni,LIV,MUN,DEF,4.0,0.0,0.0,0.0,0.0,0.0037558883037193333,0.0037558883037193333
11,107,365,Ramsay,LIV,MUN,DEF,4.0,0.0,0.0,0.0,0.0,0.0037558883037193333,0.0037558883037193333
11,107,370,Chiesa,LIV,MUN,MID,5.3,0.0,0.0,0.0,0.0,0.0037558883037193333,0.0037558883037193333
11,107,373,C.Jones,LIV,MUN,MID,5.5,0.0,0.0,0.0,0.0,0.0037558883037193333,0.0037558883037193333
11,107,376,Bajcetic,LIV,MUN,MID,5.0,0.0,0.0,0.0,0.0,0.0037558883037193333,0.0037558883037193333
11,107,380,Ekitiké,LIV,MUN,FWD,7.4,0.0,0.0,0.0,0.0,0.0037558883037193333,0.0037558883037193333
11,107,383,Elliott,LIV,MUN,MID,5.4,0.0,0.0,0.0,0.0,0.0037558883037193333,0.0037558883037193333
11,107,413,Bayindir,MUN,LIV,GK,4.5,0.0,0.0,0.0,0.0,0.0037558883037193333,0.0037558883037193333
11,107,414,Heaton,MUN,LIV,GK,4.0,0.0,0.0,0.0,0.0,0.0037558883037193333,0.0037558883037193333
11,107,416,De Ligt,MUN,LIV,DEF,5.0,0.0,0.0,0.0,0.0,0.0037558883037193333,0.0037558883037193333
11,107,425,Fredricson,MUN,LIV,DEF,4.0,0.0,0.0,0.0,0.0,0.0037558883037193333,0.0037558883037193333
11,107,431,Amad,MUN,LIV,MID,5.7,0.0,0.0,0.0,0.0,0.0037558883037193333,0.0037558883037193333
11,107,433,Ugarte,MUN,LIV,MID,5.0,0.0,0.0,0.0,0.0,0.0037558883037193333,0.0037558883037193333
11,107,436,Collyer,MUN,LIV,MID,5.0,0.0,0.0,0.0,0.0,0.0037558883037193333,0.0037558883037193333
11,107,441,Obi,MUN,LIV,FWD,4.5,0.0,0.0,0.0,0.0,0.0037558883037193333,0.0037558883037193333
11,108,394,Alleyne,MCI,FUL,DEF,5.0,0.0,0.0,0.0,0.0,0.002596626689159893,0.002596626689159893
11,108,398,Foden,MCI,FUL,MID,6.9,0.0,0.0,0.0,0.0,0.002596626689159893,0.002596626689159893
11,108,410,Monga,MCI,FUL,MID,4.9,0.0,0.0,0.0,0.0,0.002596626689159893,0.002596626689159893
11,108,409,Mukasa,MCI,FUL,MID,4.5,0.0,0.0,0.0,0.0,0.002596626689159893,0.002596626689159893
11,108,408,Phillips,MCI,FUL,MID,5.0,0.0,0.0,0.0,0.0,0.002596626689159893,0.002596626689159893
11,108,407,Echeverri,MCI,FUL,MID,4.9,0.0,0.0,0.0,0.0,0.002596626689159893,0.002596626689159893
11,108,404,Reijnders,MCI,FUL,MID,6.0,0.0,0.0,0.0,0.0,0.002596626689159893,0.002596626689159893
11,108,402,Rodrigo,MCI,FUL,MID,6.5,0.0,0.0,0.0,0.0,0.002596626689159893,0.002596626689159893
11,108,252,McNally,FUL,MCI,GK,4.0,0.0,0.0,0.0,0.0,0.002596626689159893,0.002596626689159893
11,108,266,Cairney,FUL,MCI,MID,4.9,0.0,0.0,0.0,0.0,0.002596626689159893,0.002596626689159893
11,108,610,De Fougerolles,FUL,MCI,DEF,4.0,0.0,0.0,0.0,0.0,0.002596626689159893,0.002596626689159893
