element,fixture,round,was_home,minutes,starts,goals_scored,assists,clean_sheets,goals_conceded,own_goals,penalties_saved,penalties_missed,yellow_cards,red_cards,saves,bonus,bps,total_points,expected_goals,expected_assists,expected_goals_conceded,defensive_contribution,clearances_blocks_interceptions,recoveries,tackles,team,opponent,gw
1,1,1,True,90,1,0,0,1,0,0,0,0,0,0,1,0,24,6,0.0,0.0,0.2,0,1,8,0,1,7,1
1,20,2,False,90,1,0,0,1,0,0,0,0,0,0,0,0,21,6,0.0,0.0,0.33,0,1,11,0,1,2,2
1,29,3,True,0,0,0,0,0,0,0,0,0,0,0,0,0,0,0,0.0,0.0,0.0,0,0,0,0,1,6,3
10,1,1,True,90,1,0,1,1,0,0,0,0,0,0,0,2,37,11,0.18,0.21,0.2,5,4,3,1,1,7,1
10,20,2,False,90,1,0,0,1,0,0,0,0,0,0,0,1,26,7,0.0,0.05,0.33,4,3,2,1,1,2,2
10,29,3,True,0,0,0,0,0,0,0,0,0,0,0,0,0,0,0,0.0,0.0,0.0,0,0,0,0,1,6,3
100,2,1,True,0,0,0,0,0,0,0,0,0,0,0,0,0,0,0,0.0,0.0,0.0,0,0,0,0,4,19,1
100,17,2,False,0,0,0,0,0,0,0,0,0,0,0,0,0,0,0,0.0,0.0,0.0,0,0,0,0,4,13,2
100,22,3,True,0,0,0,0,0,0,0,0,0,0,0,0,0,0,0,0.0,0.0,0.0,0,0,0,0,4,20,3
101,10,1,False,0,0,0,0,0,0,0,0,0,0,0,0,0,0,0,0.0,0.0,0.0,0,0,0,0,6,10,1
101,16,2,True,0,0,0,0,0,0,0,0,0,0,0,0,0,0,0,0.0,0.0,0.0,0,0,0,0,6,5,2
101,29,3,False,0,0,0,0,0,0,0,0,0,0,0,0,0,0,0,0.0,0.0,0.0,0,0,0,0,6,1,3
102,2,1,True,23,0,0,0,0,0,0,0,0,0,0,0,0,7,1,0.04,0.0,0.1,6,1,3,2,4,19,1
102,17,2,False,21,0,0,0,0,1,0,0,0,0,0,0,0,4,1,0.0,0.01,1.32,0,0,0,0,4,13,2
102,22,3,True,0,0,0,0,0,0,0,0,0,0,0,0,0,0,0,0.0,0.0,0.0,0,0,0,0,4,20,3
103,2,1,True,0,0,0,0,0,0,0,0,0,0,0,0,0,0,0,0.0,0.0,0.0,0,0,0,0,4,19,1
103,17,2,False,0,0,0,0,0,0,0,0,0,0,0,0,0,0,0,0.0,0.0,0.0,0,0,0,0,4,13,2
103,22,3,True,0,0,0,0,0,0,0,0,0,0,0,0,0,0,0,0.0,0.0,0.0,0,0,0,0,4,20,3
104,1,1,False,90,1,0,0,0,3,0,0,0,0,0,0,0,8,2,0.0,0.01,1.88,9,3,5,1,7,1,1
104,13,2,True,0,0,0,0,0,0,0,0,0,0,0,0,0,0,0,0.0,0.0,0.0,0,0,0,0,7,11,2
104,26,3,False,0,0,0,0,0,0,0,0,0,0,0,0,0,0,0,0.0,0.0,0.0,0,0,0,0,7,15,3
105,2,1,True,23,0,0,0,0,0,0,0,0,0,0,0,0,9,1,0.03,0.35,0.1,8,0,6,2,4,19,1
105,17,2,False,60,1,0,0,1,0,0,0,0,1,0,0,0,4,2,0.11,0.06,0.09,1,0,1,0,4,13,2
105,22,3,True,0,0,0,0,0,0,0,0,0,0,0,0,0,0,0,0.0,0.0,0.0,0,0,0,0,4,20,3
106,2,1,True,82,1,0,0,1,0,0,0,1,0,0,0,0,-3,0,1.0,0.08,0.5,5,1,4,0,4,19,1
106,17,2,False,90,1,0,0,0,1,0,0,0,0,0,0,0,2,2,0.8,0.01,1.46,4,0,3,1,4,13,2
106,22,3,True,0,0,0,0,0,0,0,0,0,0,0,0,0,0,0,0.0,0.0,0.0,0,0,0,0,4,20,3
107,2,1,True,0,0,0,0,0,0,0,0,0,0,0,0,0,0,0,0.0,0.0,0.0,0,0,0,0,4,19,1
107,17,2,False,0,0,0,0,0,0,0,0,0,0,0,0,0,0,0,0.0,0.0,0.0,0,0,0,0,4,13,2
107,22,3,True,0,0,0,0,0,0,0,0,0,0,0,0,0,0,0,0.0,0.0,0.0,0,0,0,0,4,20,3
108,2,1,True,7,0,0,0,0,0,0,0,0,0,0,0,0,4,1,0.03,0.04,0.07,0,0,0,0,4,19,1
108,17,2,False,2,0,0,0,0,0,0,0,0,0,0,0,0,3,1,0.04,0.0,0.0,1,0,1,0,4,13,2
108,22,3,True,0,0,0,0,0,0,0,0,0,0,0,0,0,0,0,0.0,0.0,0.0,0,0,0,0,4,20,3
109,7,1,True,90,1,0,0,1,0,0,0,0,0,0,0,0,25,6,0.0,0.0,0.29,0,0,4,0,5,2,1
109,16,2,False,90,1,0,0,0,4,0,0,0,0,0,1,0,-1,0,0.0,0.0,2.93,0,0,14,0,5,6,2
109,23,3,True,0,0,0,0,0,0,0,0,0,0,0,0,0,0,0,0.0,0.0,0.0,0,0,0,0,5,13,3
11,1,1,True,90,1,0,0,1,0,0,0,0,0,0,0,0,27,6,0.0,0.0,0.2,6,6,3,0,1,7,1
11,20,2,False,78,1,0,0,1,0,0,0,0,0,0,0,0,25,6,0.0,0.01,0.33,4,4,0,0,1,2,2
11,29,3,True,0,0,0,0,0,0,0,0,0,0,0,0,0,0,0,0.0,0.0,0.0,0,0,0,0,1,6,3
110,1,1,False,90,1,0,0,0,3,0,0,0,0,0,2,0,0,1,0.0,0.01,1.88,0,1,7,0,7,1,1
110,13,2,True,90,1,0,0,0,1,0,0,0,0,0,1,0,10,2,0.0,0.0,0.72,0,1,13,0,7,11,2
110,26,3,False,0,0,0,0,0,0,0,0,0,0,0,0,0,0,0,0.0,0.0,0.0,0,0,0,0,7,15,3
111,7,1,True,0,0,0,0,0,0,0,0,0,0,0,0,0,0,0,0.0,0.0,0.0,0,0,0,0,5,2,1
111,16,2,False,0,0,0,0,0,0,0,0,0,0,0,0,0,0,0,0.0,0.0,0.0,0,0,0,0,5,6,2
111,23,3,True,0,0,0,0,0,0,0,0,0,0,0,0,0,0,0,0.0,0.0,0.0,0,0,0,0,5,13,3
112,2,1,False,90,1,0,0,0,3,0,0,0,0,0,0,0,3,1,0.0,0.03,3.87,9,7,3,2,19,4,1
112,15,2,True,90,1,0,0,0,2,0,0,0,0,0,0,0,9,1,0.11,0.03,0.72,8,6,4,2,19,17,2
112,28,3,False,0,0,0,0,0,0,0,0,0,0,0,0,0,0,0,0.0,0.0,0.0,0,0,0,0,19,18,3
113,7,1,True,0,0,0,0,0,0,0,0,0,0,0,0,0,0,0,0.0,0.0,0.0,0,0,0,0,5,2,1
113,16,2,False,90,1,0,0,0,4,0,0,0,0,0,0,0,-4,0,0.02,0.01,2.93,0,0,2,0,5,6,2
113,23,3,True,0,0,0,0,0,0,0,0,0,0,0,0,0,0,0,0.0,0.0,0.0,0,0,0,0,5,13,3
114,7,1,True,90,1,0,0,1,0,0,0,0,0,0,0,0,29,6,0.0,0.04,0.29,6,5,4,1,5,2,1
114,16,2,False,90,1,0,0,0,4,0,0,0,1,0,0,0,-2,-1,0.05,0.11,2.93,3,3,2,0,5,6,2
114,23,3,True,0,0,0,0,0,0,0,0,0,0,0,0,0,0,0,0.0,0.0,0.0,0,0,0,0,5,13,3
115,7,1,True,77,1,1,1,1,0,0,0,0,0,0,0,2,46,17,1.47,0.21,0.29,4,1,3,3,5,2,1
115,16,2,False,90,1,0,0,0,4,0,0,0,0,0,0,0,-2,0,0.03,0.05,2.93,2,2,3,0,5,6,2
115,23,3,True,0,0,0,0,0,0,0,0,0,0,0,0,0,0,0,0.0,0.0,0.0,0,0,0,0,5,13,3
116,7,1,True,90,1,0,0,1,0,0,0,0,0,0,0,0,24,6,0.0,0.04,0.29,2,1,2,1,5,2,1
116,16,2,False,90,1,0,0,0,4,0,0,0,1,0,0,0,-4,-1,0.0,0.01,2.93,3,2,4,1,5,6,2
116,23,3,True,0,0,0,0,0,0,0,0,0,0,0,0,0,0,0,0.0,0.0,0.0,0,0,0,0,5,13,3
117,7,1,True,0,0,0,0,0,0,0,0,0,0,0,0,0,0,0,0.0,0.0,0.0,0,0,0,0,5,2,1
117,16,2,False,0,0,0,0,0,0,0,0,0,0,0,0,0,0,0,0.0,0.0,0.0,0,0,0,0,5,6,2
117,23,3,True,0,0,0,0,0,0,0,0,0,0,0,0,0,0,0,0.0,0.0,0.0,0,0,0,0,5,13,3
118,7,1,True,0,0,0,0,0,0,0,0,0,0,0,0,0,0,0,0.0,0.0,0.0,0,0,0,0,5,2,1
118,16,2,False,0,0,0,0,0,0,0,0,0,0,0,0,0,0,0,0.0,0.0,0.0,0,0,0,0,5,6,2
118,23,3,True,0,0,0,0,0,0,0,0,0,0,0,0,0,0,0,0.0,0.0,0.0,0,0,0,0,5,13,3
119,7,1,True,26,0,0,0,0,0,0,0,0,0,0,0,0,7,1,0.12,0.0,0.1,4,3,0,1,5,2,1
119,16,2,False,10,0,0,0,0,0,0,0,0,1,0,0,0,-1,0,0.0,0.0,0.04,0,0,0,0,5,6,2
119,23,3,True,0,0,0,0,0,0,0,0,0,0,0,0,0,0,0,0.0,0.0,0.0,0,0,0,0,5,13,3
12,1,1,True,67,1,1,0,1,0,0,0,0,0,0,0,1,36,9,0.64,0.08,0.06,7,2,4,1,1,7,1
12,20,2,False,90,1,1,0,1,0,0,0,0,0,0,0,3,46,11,0.63,0.04,0.33,11,3,6,2,1,2,2
12,29,3,True,0,0,0,0,0,0,0,0,0,0,0,0,0,0,0,0.0,0.0,0.0,0,0,0,0,1,6,3
120,7,1,True,0,0,0,0,0,0,0,0,0,0,0,0,0,0,0,0.0,0.0,0.0,0,0,0,0,5,2,1
120,16,2,False,0,0,0,0,0,0,0,0,0,0,0,0,0,0,0,0.0,0.0,0.0,0,0,0,0,5,6,2
120,23,3,True,0,0,0,0,0,0,0,0,0,0,0,0,0,0,0,0.0,0.0,0.0,0,0,0,0,5,13,3
121,7,1,True,0,0,0,0,0,0,0,0,0,0,0,0,0,0,0,0.0,0.0,0.0,0,0,0,0,5,2,1
121,16,2,False,0,0,0,0,0,0,0,0,0,0,0,0,0,0,0,0.0,0.0,0.0,0,0,0,0,5,6,2
121,23,3,True,0,0,0,0,0,0,0,0,0,0,0,0,0,0,0,0.0,0.0,0.0,0,0,0,0,5,13,3
122,7,1,True,0,0,0,0,0,0,0,0,0,0,0,0,0,0,0,0.0,0.0,0.0,0,0,0,0,5,2,1
122,16,2,False,0,0,0,0,0,0,0,0,0,0,0,0,0,0,0,0.0,0.0,0.0,0,0,0,0,5,6,2
122,23,3,True,0,0,0,0,0,0,0,0,0,0,0,0,0,0,0,0.0,0.0,0.0,0,0,0,0,5,13,3
123,7,1,True,63,1,2,0,1,0,0,0,0,0,0,0,3,54,16,1.41,0.02,0.19,3,0,1,2,5,2,1
123,16,2,False,0,0,0,0,0,0,0,0,0,0,0,0,0,0,0,0.0,0.0,0.0,0,0,0,0,5,6,2
123,23,3,True,0,0,0,0,0,0,0,0,0,0,0,0,0,0,0,0.0,0.0,0.0,0,0,0,0,5,13,3
124,7,1,True,90,1,0,0,1,0,0,0,0,1,0,0,0,18,2,0.0,0.27,0.29,5,0,2,3,5,2,1
124,16,2,False,90,1,1,1,0,4,0,0,0,0,0,0,3,46,13,0.05,0.11,2.93,6,2,3,1,5,6,2
124,23,3,True,0,0,0,0,0,0,0,0,0,0,0,0,0,0,0,0.0,0.0,0.0,0,0,0,0,5,13,3
125,7,1,True,90,1,0,1,1,0,0,0,0,0,0,0,0,22,5,0.08,0.44,0.29,7,1,4,2,5,2,1
125,16,2,False,0,0,0,0,0,0,0,0,0,0,0,0,0,0,0,0.0,0.0,0.0,0,0,0,0,5,6,2
125,23,3,True,0,0,0,0,0,0,0,0,0,0,0,0,0,0,0,0.0,0.0,0.0,0,0,0,0,5,13,3
126,7,1,True,0,0,0,0,0,0,0,0,0,0,0,0,0,0,0,0.0,0.0,0.0,0,0,0,0,5,2,1
126,16,2,False,0,0,0,0,0,0,0,0,0,0,0,0,0,0,0,0.0,0.0,0.0,0,0,0,0,5,6,2
126,23,3,True,0,0,0,0,0,0,0,0,0,0,0,0,0,0,0,0.0,0.0,0.0,0,0,0,0,5,13,3
127,7,1,True,85,1,0,1,1,0,0,0,0,0,0,0,0,27,6,0.18,0.48,0.29,6,2,1,3,5,2,1
127,16,2,False,90,1,0,1,0,4,0,0,0,0,0,0,0,15,5,0.38,0.17,2.93,5,1,2,2,5,6,2
127,23,3,True,0,0,0,0,0,0,0,0,0,0,0,0,0,0,0,0.0,0.0,0.0,0,0,0,0,5,13,3
128,7,1,True,0,0,0,0,0,0,0,0,0,0,0,0,0,0,0,0.0,0.0,0.0,0,0,0,0,5,2,1
128,16,2,False,0,0,0,0,0,0,0,0,0,0,0,0,0,0,0,0.0,0.0,0.0,0,0,0,0,5,6,2
128,23,3,True,0,0,0,0,0,0,0,0,0,0,0,0,0,0,0,0.0,0.0,0.0,0,0,0,0,5,13,3
129,7,1,True,63,1,0,0,1,0,0,0,0,1,0,0,0,8,2,0.11,0.03,0.19,4,1,3,0,5,2,1
129,16,2,False,0,0,0,0,0,0,0,0,0,0,0,0,0,0,0,0.0,0.0,0.0,0,0,0,0,5,6,2
129,23,3,True,0,0,0,0,0,0,0,0,0,0,0,0,0,0,0,0.0,0.0,0.0,0,0,0,0,5,13,3
13,1,1,True,67,1,0,0,1,0,0,0,0,0,0,0,0,10,3,0.07,0.08,0.06,6,3,3,0,1,7,1
13,20,2,False,84,1,0,0,1,0,0,0,0,0,0,0,0,19,5,0.0,0.1,0.33,12,2,7,3,1,2,2
13,29,3,True,0,0,0,0,0,0,0,0,0,0,0,0,0,0,0,0.0,0.0,0.0,0,0,0,0,1,6,3
130,7,1,True,77,1,0,0,1,0,0,0,0,0,0,0,1,32,7,0.09,0.05,0.29,8,4,5,4,5,2,1
130,16,2,False,79,1,0,0,0,4,0,0,0,0,0,0,0,6,0,0.03,0.08,2.89,7,7,4,0,5,6,2
130,23,3,True,0,0,0,0,0,0,0,0,0,0,0,0,0,0,0,0.0,0.0,0.0,0,0,0,0,5,13,3
131,7,1,True,0,0,0,0,0,0,0,0,0,0,0,0,0,0,0,0.0,0.0,0.0,0,0,0,0,5,2,1
131,18,2,True,0,0,0,0,0,0,0,0,0,0,0,0,0,0,0,0.0,0.0,0.0,0,0,0,0,16,12,2
131,30,3,False,0,0,0,0,0,0,0,0,0,0,0,0,0,0,0,0.0,0.0,0.0,0,0,0,0,16,9,3
132,7,1,True,0,0,0,0,0,0,0,0,0,0,0,0,0,0,0,0.0,0.0,0.0,0,0,0,0,5,2,1
132,16,2,False,0,0,0,0,0,0,0,0,0,0,0,0,0,0,0,0.0,0.0,0.0,0,0,0,0,5,6,2
132,23,3,True,0,0,0,0,0,0,0,0,0,0,0,0,0,0,0,0.0,0.0,0.0,0,0,0,0,5,13,3
133,7,1,True,0,0,0,0,0,0,0,0,0,0,0,0,0,0,0,0.0,0.0,0.0,0,0,0,0,5,2,1
133,16,2,False,0,0,0,0,0,0,0,0,0,0,0,0,0,0,0,0.0,0.0,0.0,0,0,0,0,5,6,2
133,23,3,True,0,0,0,0,0,0,0,0,0,0,0,0,0,0,0,0.0,0.0,0.0,0,0,0,0,5,13,3
134,7,1,True,0,0,0,0,0,0,0,0,0,0,0,0,0,0,0,0.0,0.0,0.0,0,0,0,0,5,2,1
134,16,2,False,0,0,0,0,0,0,0,0,0,0,0,0,0,0,0,0.0,0.0,0.0,0,0,0,0,5,6,2
134,23,3,True,0,0,0,0,0,0,0,0,0,0,0,0,0,0,0,0.0,0.0,0.0,0,0,0,0,5,13,3
135,7,1,True,12,0,0,0,0,0,0,0,0,0,0,0,0,3,1,0.0,0.03,0.0,0,0,0,0,5,2,1
135,16,2,False,0,0,0,0,0,0,0,0,0,0,0,0,0,0,0,0.0,0.0,0.0,0,0,0,0,5,6,2
135,23,3,True,0,0,0,0,0,0,0,0,0,0,0,0,0,0,0,0.0,0.0,0.0,0,0,0,0,5,13,3
136,10,1,False,0,0,0,0,0,0,0,0,0,0,0,0,0,0,0,0.0,0.0,0.0,0,0,0,0,6,10,1
136,16,2,True,0,0,0,0,0,0,0,0,0,0,0,0,0,0,0,0.0,0.0,0.0,0,0,0,0,6,5,2
136,29,3,False,0,0,0,0,0,0,0,0,0,0,0,0,0,0,0,0.0,0.0,0.0,0,0,0,0,6,1,3
137,7,1,True,0,0,0,0,0,0,0,0,0,0,0,0,0,0,0,0.0,0.0,0.0,0,0,0,0,5,2,1
137,16,2,False,0,0,0,0,0,0,0,0,0,0,0,0,0,0,0,0.0,0.0,0.0,0,0,0,0,5,6,2
137,23,3,True,0,0,0,0,0,0,0,0,0,0,0,0,0,0,0,0.0,0.0,0.0,0,0,0,0,5,13,3
138,7,1,True,26,0,0,0,0,0,0,0,0,0,0,0,0,-1,1,0.18,0.0,0.1,2,0,1,1,5,2,1
138,16,2,False,79,1,0,1,0,4,0,0,0,0,0,0,0,17,5,0.17,0.02,2.89,6,0,6,0,5,6,2
138,23,3,True,0,0,0,0,0,0,0,0,0,0,0,0,0,0,0,0.0,0.0,0.0,0,0,0,0,5,13,3
139,7,1,True,0,0,0,0,0,0,0,0,0,0,0,0,0,0,0,0.0,0.0,0.0,0,0,0,0,5,2,1
139,16,2,False,0,0,0,0,0,0,0,0,0,0,0,0,0,0,0,0.0,0.0,0.0,0,0,0,0,5,6,2
139,23,3,True,0,0,0,0,0,0,0,0,0,0,0,0,0,0,0,0.0,0.0,0.0,0,0,0,0,5,13,3
14,1,1,True,14,0,0,0,0,0,0,0,0,0,0,0,0,4,1,0.04,0.0,0.15,2,0,2,0,1,7,1
14,20,2,False,45,0,0,0,0,0,0,0,0,0,0,0,0,6,1,0.0,0.07,0.24,3,0,3,0,1,2,2
14,29,3,True,0,0,0,0,0,0,0,0,0,0,0,0,0,0,0,0.0,0.0,0.0,0,0,0,0,1,6,3
140,10,1,False,90,1,0,0,0,2,0,0,0,0,0,4,0,6,2,0.0,0.01,1.33,0,1,5,0,6,10,1
140,16,2,True,0,0,0,0,0,0,0,0,0,0,0,0,0,0,0,0.0,0.0,0.0,0,0,0,0,6,5,2
140,29,3,False,0,0,0,0,0,0,0,0,0,0,0,0,0,0,0,0.0,0.0,0.0,0,0,0,0,6,1,3
141,10,1,False,0,0,0,0,0,0,0,0,0,0,0,0,0,0,0,0.0,0.0,0.0,0,0,0,0,6,10,1
141,16,2,True,0,0,0,0,0,0,0,0,0,0,0,0,0,0,0,0.0,0.0,0.0,0,0,0,0,6,5,2
141,29,3,False,0,0,0,0,0,0,0,0,0,0,0,0,0,0,0,0.0,0.0,0.0,0,0,0,0,6,1,3
142,10,1,False,90,1,0,0,0,2,0,0,0,1,0,0,0,5,0,0.1,0.07,1.33,6,6,4,0,6,10,1
142,16,2,True,22,0,0,0,0,1,0,0,0,0,0,0,0,-1,1,0.0,0.0,0.14,0,0,1,0,6,5,2
142,29,3,False,0,0,0,0,0,0,0,0,0,0,0,0,0,0,0,0.0,0.0,0.0,0,0,0,0,6,1,3
143,10,1,False,0,0,0,0,0,0,0,0,0,0,0,0,0,0,0,0.0,0.0,0.0,0,0,0,0,6,10,1
143,16,2,True,0,0,0,0,0,0,0,0,0,0,0,0,0,0,0,0.0,0.0,0.0,0,0,0,0,6,5,2
143,29,3,False,0,0,0,0,0,0,0,0,0,0,0,0,0,0,0,0.0,0.0,0.0,0,0,0,0,6,1,3
144,10,1,False,75,1,0,0,0,2,0,0,0,0,0,0,0,2,1,0.0,0.03,1.11,3,2,4,1,6,10,1
144,16,2,True,90,1,0,0,0,3,0,0,0,0,0,0,0,-1,1,0.0,0.01,1.41,5,4,3,1,6,5,2
144,29,3,False,0,0,0,0,0,0,0,0,0,0,0,0,0,0,0,0.0,0.0,0.0,0,0,0,0,6,1,3
145,10,1,False,0,0,0,0,0,0,0,0,0,0,0,0,0,0,0,0.0,0.0,0.0,0,0,0,0,6,10,1
145,16,2,True,67,1,0,0,0,2,0,0,0,1,0,0,0,-2,0,0.0,0.01,1.26,9,9,0,0,6,5,2
145,29,3,False,0,0,0,0,0,0,0,0,0,0,0,0,0,0,0,0.0,0.0,0.0,0,0,0,0,6,1,3
146,10,1,False,0,0,0,0,0,0,0,0,0,0,0,0,0,0,0,0.0,0.0,0.0,0,0,0,0,6,10,1
146,16,2,True,0,0,0,0,0,0,0,0,0,0,0,0,0,0,0,0.0,0.0,0.0,0,0,0,0,6,5,2
146,29,3,False,0,0,0,0,0,0,0,0,0,0,0,0,0,0,0,0.0,0.0,0.0,0,0,0,0,6,1,3
147,10,1,False,0,0,0,0,0,0,0,0,0,0,0,0,0,0,0,0.0,0.0,0.0,0,0,0,0,6,10,1
147,16,2,True,0,0,0,0,0,0,0,0,0,0,0,0,0,0,0,0.0,0.0,0.0,0,0,0,0,6,5,2
147,28,3,False,0,0,0,0,0,0,0,0,0,0,0,0,0,0,0,0.0,0.0,0.0,0,0,0,0,19,18,3
148,10,1,False,64,1,0,0,0,2,0,0,0,0,0,0,0,5,1,0.01,0.03,1.05,3,1,2,2,6,10,1
148,16,2,True,90,1,0,1,0,3,0,0,0,0,0,0,0,12,4,0.0,0.06,1.41,6,4,3,2,6,5,2
148,29,3,False,0,0,0,0,0,0,0,0,0,0,0,0,0,0,0,0.0,0.0,0.0,0,0,0,0,6,1,3
149,10,1,False,90,1,0,0,0,2,0,0,0,1,0,0,0,6,0,0.01,0.03,1.33,4,2,3,2,6,10,1
149,16,2,True,71,1,0,0,0,2,0,0,0,0,0,0,0,2,1,0.0,0.0,1.31,9,8,2,1,6,5,2
149,29,3,False,0,0,0,0,0,0,0,0,0,0,0,0,0,0,0,0.0,0.0,0.0,0,0,0,0,6,1,3
15,1,1,True,75,1,1,0,1,0,0,0,0,0,0,0,3,41,11,0.21,0.1,0.06,8,1,4,3,1,7,1
15,20,2,False,70,1,0,0,1,0,0,0,0,0,0,0,0,13,3,0.08,0.07,0.33,5,2,1,2,1,2,2
15,29,3,True,0,0,0,0,0,0,0,0,0,0,0,0,0,0,0,0.0,0.0,0.0,0,0,0,0,1,6,3
150,10,1,False,0,0,0,0,0,0,0,0,0,0,0,0,0,0,0,0.0,0.0,0.0,0,0,0,0,6,10,1
150,16,2,True,0,0,0,0,0,0,0,0,0,0,0,0,0,0,0,0.0,0.0,0.0,0,0,0,0,6,5,2
150,29,3,False,0,0,0,0,0,0,0,0,0,0,0,0,0,0,0,0.0,0.0,0.0,0,0,0,0,6,1,3
151,10,1,False,90,1,0,0,0,2,0,0,0,0,0,0,0,13,3,0.0,0.01,1.33,15,10,6,5,6,10,1
151,16,2,True,22,0,0,0,0,1,0,0,0,0,0,0,0,-1,1,0.0,0.0,0.14,3,2,0,1,6,5,2
151,29,3,False,0,0,0,0,0,0,0,0,0,0,0,0,0,0,0,0.0,0.0,0.0,0,0,0,0,6,1,3
152,10,1,False,0,0,0,0,0,0,0,0,0,0,0,0,0,0,0,0.0,0.0,0.0,0,0,0,0,6,10,1
152,16,2,True,0,0,0,0,0,0,0,0,0,0,0,0,0,0,0,0.0,0.0,0.0,0,0,0,0,6,5,2
152,29,3,False,0,0,0,0,0,0,0,0,0,0,0,0,0,0,0,0.0,0.0,0.0,0,0,0,0,6,1,3
153,10,1,False,0,0,0,0,0,0,0,0,0,0,0,0,0,0,0,0.0,0.0,0.0,0,0,0,0,6,10,1
153,11,2,True,16,0,0,0,0,1,0,0,0,0,0,0,0,-2,1,0.0,0.0,0.2,1,0,1,1,8,15,2
153,24,3,False,0,0,0,0,0,0,0,0,0,0,0,0,0,0,0,0.0,0.0,0.0,0,0,0,0,8,10,3
154,10,1,False,82,1,1,1,0,2,0,0,0,0,0,0,3,60,13,0.28,0.19,1.24,9,0,7,2,6,10,1
154,16,2,True,90,1,1,0,0,3,0,0,0,0,0,0,0,28,7,0.66,0.13,1.41,8,2,4,2,6,5,2
154,29,3,False,0,0,0,0,0,0,0,0,0,0,0,0,0,0,0,0.0,0.0,0.0,0,0,0,0,6,1,3
155,10,1,False,25,0,0,0,0,0,0,0,0,0,0,0,0,6,1,0.0,0.02,0.28,3,0,3,0,6,10,1
155,16,2,True,0,0,0,0,0,0,0,0,0,0,0,0,0,0,0,0.0,0.0,0.0,0,0,0,0,6,5,2
155,26,3,True,0,0,0,0,0,0,0,0,0,0,0,0,0,0,0,0.0,0.0,0.0,0,0,0,0,15,7,3
156,10,1,False,14,0,0,0,0,0,0,0,0,0,0,0,0,9,1,0.03,0.07,0.22,4,0,3,1,6,10,1
156,16,2,True,67,1,1,0,0,2,0,0,0,0,0,0,0,32,7,0.41,0.33,1.26,4,3,1,0,6,5,2
156,29,3,False,0,0,0,0,0,0,0,0,0,0,0,0,0,0,0,0.0,0.0,0.0,0,0,0,0,6,1,3
157,10,1,False,7,0,0,0,0,0,0,0,0,0,0,0,0,3,1,0.0,0.0,0.09,1,0,1,0,6,10,1
157,16,2,True,0,0,0,0,0,0,0,0,0,0,0,0,0,0,0,0.0,0.0,0.0,0,0,0,0,6,5,2
157,29,3,False,0,0,0,0,0,0,0,0,0,0,0,0,0,0,0,0.0,0.0,0.0,0,0,0,0,6,1,3
158,10,1,False,0,0,0,0,0,0,0,0,0,0,0,0,0,0,0,0.0,0.0,0.0,0,0,0,0,6,10,1
158,16,2,True,0,0,0,0,0,0,0,0,0,0,0,0,0,0,0,0.0,0.0,0.0,0,0,0,0,6,5,2
158,29,3,False,0,0,0,0,0,0,0,0,0,0,0,0,0,0,0,0.0,0.0,0.0,0,0,0,0,6,1,3
159,10,1,False,0,0,0,0,0,0,0,0,0,0,0,0,0,0,0,0.0,0.0,0.0,0,0,0,0,6,10,1
159,16,2,True,13,0,0,0,0,0,0,0,0,0,0,0,0,3,1,0.0,0.0,0.07,0,0,0,0,6,5,2
159,29,3,False,0,0,0,0,0,0,0,0,0,0,0,0,0,0,0,0.0,0.0,0.0,0,0,0,0,6,1,3
16,1,1,True,22,0,0,0,0,0,0,0,0,0,0,0,0,8,1,0.0,0.04,0.15,2,0,2,0,1,7,1
16,20,2,False,0,0,0,0,0,0,0,0,0,0,0,0,0,0,0,0.0,0.0,0.0,0,0,0,0,1,2,2
16,29,3,True,0,0,0,0,0,0,0,0,0,0,0,0,0,0,0,0.0,0.0,0.0,0,0,0,0,1,6,3
160,7,1,False,4,0,0,0,0,0,0,0,0,0,0,0,0,2,1,0.0,0.0,0.14,0,0,0,0,2,5,1
160,20,2,True,12,0,0,0,0,0,0,0,0,0,0,0,0,3,1,0.0,0.0,0.0,2,0,2,0,2,1,2
160,25,3,False,0,0,0,0,0,0,0,0,0,0,0,0,0,0,0,0.0,0.0,0.0,0,0,0,0,2,11,3
161,10,1,False,64,1,0,0,0,2,0,0,0,1,0,0,0,8,1,0.21,0.03,1.05,9,2,4,3,6,10,1
161,16,2,True,67,1,1,0,0,2,0,0,0,0,0,0,0,32,7,0.54,0.0,1.26,7,3,3,1,6,5,2
161,29,3,False,0,0,0,0,0,0,0,0,0,0,0,0,0,0,0,0.0,0.0,0.0,0,0,0,0,6,1,3
162,4,1,False,66,1,0,0,0,2,0,0,0,0,0,0,0,17,2,0.0,0.23,0.94,9,3,5,1,16,11,1
162,18,2,True,10,0,0,0,0,1,0,0,0,0,0,0,0,2,1,0.0,0.0,1.0,5,0,2,3,16,12,2
162,30,3,False,0,0,0,0,0,0,0,0,0,0,0,0,0,0,0,0.0,0.0,0.0,0,0,0,0,16,9,3
163,10,1,False,0,0,0,0,0,0,0,0,0,0,0,0,0,0,0,0.0,0.0,0.0,0,0,0,0,6,10,1
163,16,2,True,0,0,0,0,0,0,0,0,0,0,0,0,0,0,0,0.0,0.0,0.0,0,0,0,0,6,5,2
163,29,3,False,0,0,0,0,0,0,0,0,0,0,0,0,0,0,0,0.0,0.0,0.0,0,0,0,0,6,1,3
164,10,1,False,8,0,0,0,0,0,0,0,0,0,0,0,0,2,1,0.0,0.0,0.09,1,1,0,0,6,10,1
164,16,2,True,0,0,0,0,0,0,0,0,0,0,0,0,0,0,0,0.0,0.0,0.0,0,0,0,0,6,5,2
164,29,3,False,0,0,0,0,0,0,0,0,0,0,0,0,0,0,0,0.0,0.0,0.0,0,0,0,0,6,1,3
165,10,1,False,90,1,1,1,0,2,0,0,0,0,0,0,2,45,11,0.63,0.06,1.33,3,1,2,0,6,10,1
165,16,2,True,90,1,1,1,0,3,1,0,0,0,0,0,2,44,9,1.23,0.04,1.41,3,0,2,1,6,5,2
165,29,3,False,0,0,0,0,0,0,0,0,0,0,0,0,0,0,0,0.0,0.0,0.0,0,0,0,0,6,1,3
166,10,1,False,0,0,0,0,0,0,0,0,0,0,0,0,0,0,0,0.0,0.0,0.0,0,0,0,0,6,10,1
166,20,2,True,70,1,0,0,0,1,0,0,0,0,0,0,0,11,2,0.0,0.1,1.01,3,0,3,0,2,1,2
166,25,3,False,0,0,0,0,0,0,0,0,0,0,0,0,0,0,0,0.0,0.0,0.0,0,0,0,0,2,11,3
167,10,1,False,0,0,0,0,0,0,0,0,0,0,0,0,0,0,0,0.0,0.0,0.0,0,0,0,0,6,10,1
167,14,2,False,24,0,0,0,0,1,0,0,0,0,0,0,0,9,1,0.07,0.0,0.33,0,0,0,0,18,14,2
167,28,3,True,0,0,0,0,0,0,0,0,0,0,0,0,0,0,0,0.0,0.0,0.0,0,0,0,0,18,19,3
168,10,1,False,0,0,0,0,0,0,0,0,0,0,0,0,0,0,0,0.0,0.0,0.0,0,0,0,0,6,10,1
168,16,2,True,0,0,0,0,0,0,0,0,0,0,0,0,0,0,0,0.0,0.0,0.0,0,0,0,0,6,5,2
168,29,3,False,0,0,0,0,0,0,0,0,0,0,0,0,0,0,0,0.0,0.0,0.0,0,0,0,0,6,1,3
169,10,1,False,0,0,0,0,0,0,0,0,0,0,0,0,0,0,0,0.0,0.0,0.0,0,0,0,0,6,10,1
169,16,2,True,0,0,0,0,0,0,0,0,0,0,0,0,0,0,0,0.0,0.0,0.0,0,0,0,0,6,5,2
169,29,3,False,0,0,0,0,0,0,0,0,0,0,0,0,0,0,0,0.0,0.0,0.0,0,0,0,0,6,1,3
17,1,1,True,14,0,0,0,0,0,0,0,0,0,0,0,0,5,1,0.14,0.02,0.15,2,0,2,0,1,7,1
17,20,2,False,19,0,0,0,0,0,0,0,0,0,0,0,0,7,1,0.0,0.0,0.0,4,0,4,0,1,2,2
17,29,3,True,0,0,0,0,0,0,0,0,0,0,0,0,0,0,0,0.0,0.0,0.0,0,0,0,0,1,6,3
170,10,1,False,0,0,0,0,0,0,0,0,0,0,0,0,0,0,0,0.0,0.0,0.0,0,0,0,0,6,10,1
170,16,2,True,0,0,0,0,0,0,0,0,0,0,0,0,0,0,0,0.0,0.0,0.0,0,0,0,0,6,5,2
170,29,3,False,0,0,0,0,0,0,0,0,0,0,0,0,0,0,0,0.0,0.0,0.0,0,0,0,0,6,1,3
171,1,1,False,0,0,0,0,0,0,0,0,0,0,0,0,0,0,0,0.0,0.0,0.0,0,0,0,0,7,1,1
171,13,2,True,0,0,0,0,0,0,0,0,0,0,0,0,0,0,0,0.0,0.0,0.0,0,0,0,0,7,11,2
171,26,3,False,0,0,0,0,0,0,0,0,0,0,0,0,0,0,0,0.0,0.0,0.0,0,0,0,0,7,15,3
172,1,1,False,0,0,0,0,0,0,0,0,0,0,0,0,0,0,0,0.0,0.0,0.0,0,0,0,0,7,1,1
172,13,2,True,0,0,0,0,0,0,0,0,0,0,0,0,0,0,0,0.0,0.0,0.0,0,0,0,0,7,11,2
172,26,3,False,0,0,0,0,0,0,0,0,0,0,0,0,0,0,0,0.0,0.0,0.0,0,0,0,0,7,15,3
173,1,1,False,90,1,0,0,0,3,0,0,0,0,0,0,0,11,3,0.02,0.01,1.88,10,9,2,1,7,1,1
173,13,2,True,77,1,0,0,1,0,0,0,0,0,0,0,2,28,8,0.0,0.01,0.18,9,9,6,0,7,11,2
173,26,3,False,0,0,0,0,0,0,0,0,0,0,0,0,0,0,0,0.0,0.0,0.0,0,0,0,0,7,15,3
174,1,1,False,0,0,0,0,0,0,0,0,0,0,0,0,0,0,0,0.0,0.0,0.0,0,0,0,0,7,1,1
174,13,2,True,0,0,0,0,0,0,0,0,0,0,0,0,0,0,0,0.0,0.0,0.0,0,0,0,0,7,11,2
174,26,3,False,0,0,0,0,0,0,0,0,0,0,0,0,0,0,0,0.0,0.0,0.0,0,0,0,0,7,15,3
175,1,1,False,90,1,0,0,0,3,0,0,0,0,0,0,0,-8,1,0.0,0.01,1.88,7,6,3,1,7,1,1
175,13,2,True,90,1,0,0,0,1,0,0,0,0,0,0,0,15,2,0.0,0.19,0.72,2,1,3,1,7,11,2
175,26,3,False,0,0,0,0,0,0,0,0,0,0,0,0,0,0,0,0.0,0.0,0.0,0,0,0,0,7,15,3
176,1,1,False,90,1,0,0,0,3,0,0,0,0,0,0,0,-4,1,0.0,0.02,1.88,6,6,1,0,7,1,1
176,13,2,True,90,1,0,0,0,1,0,0,0,0,0,0,0,15,2,0.18,0.05,0.72,3,1,3,2,7,11,2
176,26,3,False,0,0,0,0,0,0,0,0,0,0,0,0,0,0,0,0.0,0.0,0.0,0,0,0,0,7,15,3
177,1,1,False,0,0,0,0,0,0,0,0,0,0,0,0,0,0,0,0.0,0.0,0.0,0,0,0,0,7,1,1
177,13,2,True,0,0,0,0,0,0,0,0,0,0,0,0,0,0,0,0.0,0.0,0.0,0,0,0,0,7,11,2
177,26,3,False,0,0,0,0,0,0,0,0,0,0,0,0,0,0,0,0.0,0.0,0.0,0,0,0,0,7,15,3
178,1,1,False,0,0,0,0,0,0,0,0,0,0,0,0,0,0,0,0.0,0.0,0.0,0,0,0,0,7,1,1
178,13,2,True,0,0,0,0,0,0,0,0,0,0,0,0,0,0,0,0.0,0.0,0.0,0,0,0,0,7,11,2
178,26,3,False,0,0,0,0,0,0,0,0,0,0,0,0,0,0,0,0.0,0.0,0.0,0,0,0,0,7,15,3
179,1,1,False,0,0,0,0,0,0,0,0,0,0,0,0,0,0,0,0.0,0.0,0.0,0,0,0,0,7,1,1
179,13,2,True,0,0,0,0,0,0,0,0,0,0,0,0,0,0,0,0.0,0.0,0.0,0,0,0,0,7,11,2
179,26,3,False,0,0,0,0,0,0,0,0,0,0,0,0,0,0,0,0.0,0.0,0.0,0,0,0,0,7,15,3
18,1,1,True,0,0,0,0,0,0,0,0,0,0,0,0,0,0,0,0.0,0.0,0.0,0,0,0,0,1,7,1
18,20,2,False,0,0,0,0,0,0,0,0,0,0,0,0,0,0,0,0.0,0.0,0.0,0,0,0,0,1,2,2
18,29,3,True,0,0,0,0,0,0,0,0,0,0,0,0,0,0,0,0.0,0.0,0.0,0,0,0,0,1,6,3
180,1,1,False,0,0,0,0,0,0,0,0,0,0,0,0,0,0,0,0.0,0.0,0.0,0,0,0,0,7,1,1
180,13,2,True,0,0,0,0,0,0,0,0,0,0,0,0,0,0,0,0.0,0.0,0.0,0,0,0,0,7,11,2
180,26,3,False,0,0,0,0,0,0,0,0,0,0,0,0,0,0,0,0.0,0.0,0.0,0,0,0,0,7,15,3
181,1,1,False,0,0,0,0,0,0,0,0,0,0,0,0,0,0,0,0.0,0.0,0.0,0,0,0,0,7,1,1
181,13,2,True,0,0,0,0,0,0,0,0,0,0,0,0,0,0,0,0.0,0.0,0.0,0,0,0,0,7,11,2
181,26,3,False,0,0,0,0,0,0,0,0,0,0,0,0,0,0,0,0.0,0.0,0.0,0,0,0,0,7,15,3
182,1,1,False,90,1,0,0,0,3,0,0,0,0,0,0,0,1,1,0.0,0.01,1.88,9,9,4,0,7,1,1
182,13,2,True,90,1,0,0,0,1,0,0,0,1,0,0,0,4,1,0.02,0.04,0.72,4,4,1,0,7,11,2
182,26,3,False,0,0,0,0,0,0,0,0,0,0,0,0,0,0,0,0.0,0.0,0.0,0,0,0,0,7,15,3
183,1,1,False,20,0,0,0,0,0,0,0,0,0,0,0,0,3,1,0.15,0.0,0.29,5,0,4,1,7,1,1
183,13,2,True,70,1,0,0,1,0,0,0,0,0,0,0,0,12,3,0.06,0.09,0.02,6,1,4,1,7,11,2
183,26,3,False,0,0,0,0,0,0,0,0,0,0,0,0,0,0,0,0.0,0.0,0.0,0,0,0,0,7,15,3
184,1,1,False,90,1,0,0,0,3,0,0,0,0,0,0,0,14,2,0.0,0.01,1.88,7,4,3,0,7,1,1
184,13,2,True,90,1,0,0,0,1,0,0,0,0,0,0,0,14,2,0.01,0.04,0.72,10,1,9,0,7,11,2
184,26,3,False,0,0,0,0,0,0,0,0,0,0,0,0,0,0,0,0.0,0.0,0.0,0,0,0,0,7,15,3
185,1,1,False,0,0,0,0,0,0,0,0,0,0,0,0,0,0,0,0.0,0.0,0.0,0,0,0,0,7,1,1
185,13,2,True,31,0,0,0,0,1,0,0,0,0,0,0,0,8,1,0.02,0.02,0.69,4,0,2,2,7,11,2
185,26,3,False,0,0,0,0,0,0,0,0,0,0,0,0,0,0,0,0.0,0.0,0.0,0,0,0,0,7,15,3
186,1,1,False,0,0,0,0,0,0,0,0,0,0,0,0,0,0,0,0.0,0.0,0.0,0,0,0,0,7,1,1
186,13,2,True,57,1,0,0,0,0,0,0,0,0,0,0,0,4,1,0.0,0.06,0.02,4,2,2,0,7,11,2
186,26,3,False,0,0,0,0,0,0,0,0,0,0,0,0,0,0,0,0.0,0.0,0.0,0,0,0,0,7,15,3
187,1,1,False,0,0,0,0,0,0,0,0,0,0,0,0,0,0,0,0.0,0.0,0.0,0,0,0,0,7,1,1
187,13,2,True,0,0,0,0,0,0,0,0,0,0,0,0,0,0,0,0.0,0.0,0.0,0,0,0,0,7,11,2
187,26,3,False,0,0,0,0,0,0,0,0,0,0,0,0,0,0,0,0.0,0.0,0.0,0,0,0,0,7,15,3
188,1,1,False,28,0,0,0,0,0,0,0,0,0,0,0,0,8,1,0.0,0.11,0.32,1,1,0,0,7,1,1
188,13,2,True,19,0,0,0,0,1,0,0,0,0,0,0,0,2,1,0.0,0.01,0.69,2,0,2,0,7,11,2
188,26,3,False,0,0,0,0,0,0,0,0,0,0,0,0,0,0,0,0.0,0.0,0.0,0,0,0,0,7,15,3
189,1,1,False,0,0,0,0,0,0,0,0,0,0,0,0,0,0,0,0.0,0.0,0.0,0,0,0,0,7,1,1
189,13,2,True,0,0,0,0,0,0,0,0,0,0,0,0,0,0,0,0.0,0.0,0.0,0,0,0,0,7,11,2
189,26,3,False,0,0,0,0,0,0,0,0,0,0,0,0,0,0,0,0.0,0.0,0.0,0,0,0,0,7,15,3
19,1,1,True,22,0,0,0,0,0,0,0,0,0,0,0,0,3,1,0.0,0.02,0.15,3,0,2,1,1,7,1
19,20,2,False,5,0,0,0,0,0,0,0,0,0,0,0,0,5,1,0.0,0.0,0.0,2,0,0,2,1,2,2
19,29,3,True,0,0,0,0,0,0,0,0,0,0,0,0,0,0,0,0.0,0.0,0.0,0,0,0,0,1,6,3
190,1,1,False,81,1,0,0,0,3,0,0,0,0,0,0,0,11,2,0.04,0.02,1.76,8,3,5,0,7,1,1
190,13,2,True,58,1,0,0,0,0,0,0,0,0,0,0,0,7,1,0.05,0.13,0.02,6,2,3,1,7,11,2
190,26,3,False,0,0,0,0,0,0,0,0,0,0,0,0,0,0,0,0.0,0.0,0.0,0,0,0,0,7,15,3
191,1,1,False,0,0,0,0,0,0,0,0,0,0,0,0,0,0,0,0.0,0.0,0.0,0,0,0,0,7,1,1
191,13,2,True,0,0,0,0,0,0,0,0,0,0,0,0,0,0,0,0.0,0.0,0.0,0,0,0,0,7,11,2
191,26,3,False,0,0,0,0,0,0,0,0,0,0,0,0,0,0,0,0.0,0.0,0.0,0,0,0,0,7,15,3
192,1,1,False,0,0,0,0,0,0,0,0,0,0,0,0,0,0,0,0.0,0.0,0.0,0,0,0,0,7,1,1
192,13,2,True,0,0,0,0,0,0,0,0,0,0,0,0,0,0,0,0.0,0.0,0.0,0,0,0,0,7,11,2
192,26,3,False,0,0,0,0,0,0,0,0,0,0,0,0,0,0,0,0.0,0.0,0.0,0,0,0,0,7,15,3
193,1,1,False,0,0,0,0,0,0,0,0,0,0,0,0,0,0,0,0.0,0.0,0.0,0,0,0,0,7,1,1
193,13,2,True,0,0,0,0,0,0,0,0,0,0,0,0,0,0,0,0.0,0.0,0.0,0,0,0,0,7,11,2
193,26,3,False,0,0,0,0,0,0,0,0,0,0,0,0,0,0,0,0.0,0.0,0.0,0,0,0,0,7,15,3
194,1,1,False,69,1,0,0,0,3,0,0,0,0,0,0,0,9,2,0.0,0.02,1.6,6,5,1,0,7,1,1
194,13,2,True,32,0,0,0,0,1,0,0,0,0,0,0,0,5,1,0.0,0.0,0.69,2,0,2,0,7,11,2
194,26,3,False,0,0,0,0,0,0,0,0,0,0,0,0,0,0,0,0.0,0.0,0.0,0,0,0,0,7,15,3
195,1,1,False,69,1,0,0,0,3,0,0,0,0,0,0,0,7,2,0.0,0.01,1.6,3,1,2,0,7,1,1
195,13,2,True,0,0,0,0,0,0,0,0,0,0,0,0,0,0,0,0.0,0.0,0.0,0,0,0,0,7,11,2
195,26,3,False,0,0,0,0,0,0,0,0,0,0,0,0,0,0,0,0.0,0.0,0.0,0,0,0,0,7,15,3
196,1,1,False,0,0,0,0,0,0,0,0,0,0,0,0,0,0,0,0.0,0.0,0.0,0,0,0,0,7,1,1
196,13,2,True,0,0,0,0,0,0,0,0,0,0,0,0,0,0,0,0.0,0.0,0.0,0,0,0,0,7,11,2
196,26,3,False,0,0,0,0,0,0,0,0,0,0,0,0,0,0,0,0.0,0.0,0.0,0,0,0,0,7,15,3
197,1,1,False,0,0,0,0,0,0,0,0,0,0,0,0,0,0,0,0.0,0.0,0.0,0,0,0,0,7,1,1
197,13,2,True,0,0,0,0,0,0,0,0,0,0,0,0,0,0,0,0.0,0.0,0.0,0,0,0,0,7,11,2
197,26,3,False,0,0,0,0,0,0,0,0,0,0,0,0,0,0,0,0.0,0.0,0.0,0,0,0,0,7,15,3
198,3,1,False,90,1,0,0,0,2,0,0,0,0,0,3,0,14,2,0.0,0.0,1.12,0,3,13,0,8,9,1
198,11,2,True,90,1,0,0,0,4,0,0,0,0,0,4,0,4,1,0.0,0.0,2.21,0,2,11,0,8,15,2
198,24,3,False,0,0,0,0,0,0,0,0,0,0,0,0,0,0,0,0.0,0.0,0.0,0,0,0,0,8,10,3
199,3,1,False,0,0,0,0,0,0,0,0,0,0,0,0,0,0,0,0.0,0.0,0.0,0,0,0,0,8,9,1
199,11,2,True,0,0,0,0,0,0,0,0,0,0,0,0,0,0,0,0.0,0.0,0.0,0,0,0,0,8,15,2
199,24,3,False,0,0,0,0,0,0,0,0,0,0,0,0,0,0,0,0.0,0.0,0.0,0,0,0,0,8,10,3
2,1,1,True,0,0,0,0,0,0,0,0,0,0,0,0,0,0,0,0.0,0.0,0.0,0,0,0,0,1,7,1
2,20,2,False,0,0,0,0,0,0,0,0,0,0,0,0,0,0,0,0.0,0.0,0.0,0,0,0,0,1,2,2
2,29,3,True,0,0,0,0,0,0,0,0,0,0,0,0,0,0,0,0.0,0.0,0.0,0,0,0,0,1,6,3
20,1,1,True,0,0,0,0,0,0,0,0,0,0,0,0,0,0,0,0.0,0.0,0.0,0,0,0,0,1,7,1
20,20,2,False,0,0,0,0,0,0,0,0,0,0,0,0,0,0,0,0.0,0.0,0.0,0,0,0,0,1,2,2
20,29,3,True,0,0,0,0,0,0,0,0,0,0,0,0,0,0,0,0.0,0.0,0.0,0,0,0,0,1,6,3
200,10,1,False,90,1,0,1,0,2,0,0,0,0,0,0,0,25,6,0.0,0.2,1.33,12,7,2,5,6,10,1
200,16,2,True,90,1,0,0,0,3,0,0,0,0,0,0,0,-3,1,0.02,0.0,1.41,9,8,1,1,6,5,2
200,29,3,False,0,0,0,0,0,0,0,0,0,0,0,0,0,0,0,0.0,0.0,0.0,0,0,0,0,6,1,3
201,3,1,False,54,1,0,0,0,2,0,0,0,0,0,0,0,-4,0,0.23,0.01,0.84,4,3,1,1,8,9,1
201,11,2,True,0,0,0,0,0,0,0,0,0,0,0,0,0,0,0,0.0,0.0,0.0,0,0,0,0,8,15,2
201,28,3,True,0,0,0,0,0,0,0,0,0,0,0,0,0,0,0,0.0,0.0,0.0,0,0,0,0,18,19,3
202,3,1,False,90,1,0,0,0,2,0,0,0,0,0,0,0,13,3,0.0,0.0,1.12,16,14,1,2,8,9,1
202,11,2,True,90,1,0,0,0,4,0,0,0,0,0,0,0,-4,0,0.04,0.0,2.21,6,4,2,2,8,15,2
202,24,3,False,0,0,0,0,0,0,0,0,0,0,0,0,0,0,0,0.0,0.0,0.0,0,0,0,0,8,10,3
203,3,1,False,90,1,0,0,0,2,0,0,0,0,0,0,0,9,1,0.05,0.01,1.12,8,4,3,4,8,9,1
203,11,2,True,90,1,0,0,0,4,0,0,0,0,0,0,0,-1,0,0.0,0.0,2.21,7,6,1,1,8,15,2
203,24,3,False,0,0,0,0,0,0,0,0,0,0,0,0,0,0,0,0.0,0.0,0.0,0,0,0,0,8,10,3
204,3,1,False,90,1,0,0,0,2,0,0,0,0,0,0,0,9,1,0.0,0.01,1.12,5,3,4,2,8,9,1
204,11,2,True,90,1,0,0,0,4,0,0,0,0,0,0,0,-8,0,0.11,0.16,2.21,5,3,1,2,8,15,2
204,24,3,False,0,0,0,0,0,0,0,0,0,0,0,0,0,0,0,0.0,0.0,0.0,0,0,0,0,8,10,3
205,3,1,False,0,0,0,0,0,0,0,0,0,0,0,0,0,0,0,0.0,0.0,0.0,0,0,0,0,8,9,1
205,11,2,True,0,0,0,0,0,0,0,0,0,0,0,0,0,0,0,0.0,0.0,0.0,0,0,0,0,8,15,2
205,24,3,False,0,0,0,0,0,0,0,0,0,0,0,0,0,0,0,0.0,0.0,0.0,0,0,0,0,8,10,3
206,3,1,False,72,1,0,0,0,2,0,0,0,0,0,0,0,7,1,0.0,0.01,0.98,7,6,3,1,8,9,1
206,11,2,True,0,0,0,0,0,0,0,0,0,0,0,0,0,0,0,0.0,0.0,0.0,0,0,0,0,8,15,2
206,24,3,False,0,0,0,0,0,0,0,0,0,0,0,0,0,0,0,0.0,0.0,0.0,0,0,0,0,8,10,3
207,3,1,False,0,0,0,0,0,0,0,0,0,0,0,0,0,0,0,0.0,0.0,0.0,0,0,0,0,8,9,1
207,11,2,True,15,0,0,0,0,1,0,0,0,0,0,0,0,1,1,0.0,0.0,0.2,1,0,0,1,8,15,2
207,24,3,False,0,0,0,0,0,0,0,0,0,0,0,0,0,0,0,0.0,0.0,0.0,0,0,0,0,8,10,3
208,3,1,False,0,0,0,0,0,0,0,0,0,0,0,0,0,0,0,0.0,0.0,0.0,0,0,0,0,8,9,1
208,11,2,True,0,0,0,0,0,0,0,0,0,0,0,0,0,0,0,0.0,0.0,0.0,0,0,0,0,8,15,2
208,24,3,False,0,0,0,0,0,0,0,0,0,0,0,0,0,0,0,0.0,0.0,0.0,0,0,0,0,8,10,3
209,3,1,True,6,0,0,0,0,0,0,0,0,0,0,0,0,3,1,0.0,0.0,0.29,2,2,0,0,9,8,1
209,12,2,False,28,0,0,0,0,0,0,0,0,0,0,0,0,1,1,0.0,0.0,1.58,2,0,1,1,9,3,2
209,30,3,True,0,0,0,0,0,0,0,0,0,0,0,0,0,0,0,0.0,0.0,0.0,0,0,0,0,9,16,3
21,3,1,True,0,0,0,0,0,0,0,0,0,0,0,0,0,0,0,0.0,0.0,0.0,0,0,0,0,9,8,1
21,12,2,False,0,0,0,0,0,0,0,0,0,0,0,0,0,0,0,0.0,0.0,0.0,0,0,0,0,9,3,2
21,30,3,True,0,0,0,0,0,0,0,0,0,0,0,0,0,0,0,0.0,0.0,0.0,0,0,0,0,9,16,3
210,3,1,False,90,1,0,0,0,2,0,0,0,0,0,0,0,20,4,0.0,0.24,1.12,14,4,8,2,8,9,1
210,11,2,True,90,1,0,0,0,4,0,0,0,0,0,0,0,21,2,0.0,0.07,2.21,7,0,3,4,8,15,2
210,24,3,False,0,0,0,0,0,0,0,0,0,0,0,0,0,0,0,0.0,0.0,0.0,0,0,0,0,8,10,3
211,3,1,False,35,0,0,0,0,0,0,0,0,0,0,0,0,4,1,0.06,0.02,0.27,5,0,3,2,8,9,1
211,11,2,True,67,1,0,1,0,3,0,0,0,0,0,0,0,27,5,0.05,0.07,2.01,10,2,6,2,8,15,2
211,24,3,False,0,0,0,0,0,0,0,0,0,0,0,0,0,0,0,0.0,0.0,0.0,0,0,0,0,8,10,3
212,3,1,False,0,0,0,0,0,0,0,0,0,0,0,0,0,0,0,0.0,0.0,0.0,0,0,0,0,8,9,1
212,11,2,True,0,0,0,0,0,0,0,0,0,0,0,0,0,0,0,0.0,0.0,0.0,0,0,0,0,8,15,2
212,24,3,False,0,0,0,0,0,0,0,0,0,0,0,0,0,0,0,0.0,0.0,0.0,0,0,0,0,8,10,3
213,3,1,False,0,0,0,0,0,0,0,0,0,0,0,0,0,0,0,0.0,0.0,0.0,0,0,0,0,8,9,1
213,11,2,True,0,0,0,0,0,0,0,0,0,0,0,0,0,0,0,0.0,0.0,0.0,0,0,0,0,8,15,2
213,24,3,False,0,0,0,0,0,0,0,0,0,0,0,0,0,0,0,0.0,0.0,0.0,0,0,0,0,8,10,3
214,3,1,False,90,1,0,0,0,2,0,0,0,1,0,0,0,25,3,0.0,0.27,1.12,14,3,8,3,8,9,1
214,11,2,True,90,1,0,0,0,4,0,0,0,0,0,0,0,21,2,0.05,0.02,2.21,9,1,2,6,8,15,2
214,24,3,False,0,0,0,0,0,0,0,0,0,0,0,0,0,0,0,0.0,0.0,0.0,0,0,0,0,8,10,3
215,3,1,False,0,0,0,0,0,0,0,0,0,0,0,0,0,0,0,0.0,0.0,0.0,0,0,0,0,8,9,1
215,11,2,True,0,0,0,0,0,0,0,0,0,0,0,0,0,0,0,0.0,0.0,0.0,0,0,0,0,8,15,2
215,24,3,False,0,0,0,0,0,0,0,0,0,0,0,0,0,0,0,0.0,0.0,0.0,0,0,0,0,8,10,3
216,3,1,False,0,0,0,0,0,0,0,0,0,0,0,0,0,0,0,0.0,0.0,0.0,0,0,0,0,8,9,1
216,11,2,True,0,0,0,0,0,0,0,0,0,0,0,0,0,0,0,0.0,0.0,0.0,0,0,0,0,8,15,2
216,24,3,False,0,0,0,0,0,0,0,0,0,0,0,0,0,0,0,0.0,0.0,0.0,0,0,0,0,8,10,3
217,3,1,False,0,0,0,0,0,0,0,0,0,0,0,0,0,0,0,0.0,0.0,0.0,0,0,0,0,8,9,1
217,11,2,True,0,0,0,0,0,0,0,0,0,0,0,0,0,0,0,0.0,0.0,0.0,0,0,0,0,8,15,2
217,24,3,False,0,0,0,0,0,0,0,0,0,0,0,0,0,0,0,0.0,0.0,0.0,0,0,0,0,8,10,3
218,3,1,False,0,0,0,0,0,0,0,0,0,0,0,0,0,0,0,0.0,0.0,0.0,0,0,0,0,8,9,1
218,11,2,True,0,0,0,0,0,0,0,0,0,0,0,0,0,0,0,0.0,0.0,0.0,0,0,0,0,8,15,2
218,24,3,False,0,0,0,0,0,0,0,0,0,0,0,0,0,0,0,0.0,0.0,0.0,0,0,0,0,8,10,3
219,3,1,False,0,0,0,0,0,0,0,0,0,0,0,0,0,0,0,0.0,0.0,0.0,0,0,0,0,8,9,1
219,11,2,True,0,0,0,0,0,0,0,0,0,0,0,0,0,0,0,0.0,0.0,0.0,0,0,0,0,8,15,2
219,24,3,False,0,0,0,0,0,0,0,0,0,0,0,0,0,0,0,0.0,0.0,0.0,0,0,0,0,8,10,3
22,1,1,True,0,0,0,0,0,0,0,0,0,0,0,0,0,0,0,0.0,0.0,0.0,0,0,0,0,1,7,1
22,20,2,False,0,0,0,0,0,0,0,0,0,0,0,0,0,0,0,0.0,0.0,0.0,0,0,0,0,1,2,2
22,29,3,True,0,0,0,0,0,0,0,0,0,0,0,0,0,0,0,0.0,0.0,0.0,0,0,0,0,1,6,3
220,3,1,False,0,0,0,0,0,0,0,0,0,0,0,0,0,0,0,0.0,0.0,0.0,0,0,0,0,8,9,1
220,11,2,True,0,0,0,0,0,0,0,0,0,0,0,0,0,0,0,0.0,0.0,0.0,0,0,0,0,8,15,2
220,24,3,False,0,0,0,0,0,0,0,0,0,0,0,0,0,0,0,0.0,0.0,0.0,0,0,0,0,8,10,3
221,3,1,False,0,0,0,0,0,0,0,0,0,0,0,0,0,0,0,0.0,0.0,0.0,0,0,0,0,8,9,1
221,11,2,True,0,0,0,0,0,0,0,0,0,0,0,0,0,0,0,0.0,0.0,0.0,0,0,0,0,8,15,2
221,24,3,False,0,0,0,0,0,0,0,0,0,0,0,0,0,0,0,0.0,0.0,0.0,0,0,0,0,8,10,3
222,3,1,False,27,0,0,0,0,0,0,0,0,0,0,0,0,3,1,0.25,0.01,0.14,0,0,0,0,8,9,1
222,11,2,True,62,1,0,0,0,3,0,0,0,0,0,0,0,13,2,0.05,0.0,2.01,4,2,1,1,8,15,2
222,24,3,False,0,0,0,0,0,0,0,0,0,0,0,0,0,0,0,0.0,0.0,0.0,0,0,0,0,8,10,3
223,3,1,False,62,1,0,0,0,2,0,0,0,0,0,0,0,-3,2,0.7,0.02,0.98,5,1,2,2,8,9,1
223,11,2,True,0,0,0,0,0,0,0,0,0,0,0,0,0,0,0,0.0,0.0,0.0,0,0,0,0,8,15,2
223,24,3,False,0,0,0,0,0,0,0,0,0,0,0,0,0,0,0,0.0,0.0,0.0,0,0,0,0,8,10,3
224,3,1,False,55,1,0,0,0,2,0,0,0,0,0,0,0,12,1,0.6,0.58,0.84,3,1,1,1,8,9,1
224,11,2,True,67,1,0,0,0,3,0,0,0,0,0,0,0,8,2,0.36,0.0,2.01,6,1,3,2,8,15,2
224,24,3,False,0,0,0,0,0,0,0,0,0,0,0,0,0,0,0,0.0,0.0,0.0,0,0,0,0,8,10,3
225,3,1,False,0,0,0,0,0,0,0,0,0,0,0,0,0,0,0,0.0,0.0,0.0,0,0,0,0,8,9,1
225,11,2,True,0,0,0,0,0,0,0,0,0,0,0,0,0,0,0,0.0,0.0,0.0,0,0,0,0,8,15,2
225,24,3,False,0,0,0,0,0,0,0,0,0,0,0,0,0,0,0,0.0,0.0,0.0,0,0,0,0,8,10,3
226,3,1,True,90,1,0,0,1,0,0,0,0,0,0,4,0,34,7,0.0,0.02,1.96,0,0,12,0,9,8,1
226,12,2,False,90,1,0,0,0,1,0,0,0,0,0,4,0,22,3,0.0,0.0,2.16,0,4,11,0,9,3,2
226,30,3,True,0,0,0,0,0,0,0,0,0,0,0,0,0,0,0,0.0,0.0,0.0,0,0,0,0,9,16,3
227,3,1,True,0,0,0,0,0,0,0,0,0,0,0,0,0,0,0,0.0,0.0,0.0,0,0,0,0,9,8,1
227,12,2,False,0,0,0,0,0,0,0,0,0,0,0,0,0,0,0,0.0,0.0,0.0,0,0,0,0,9,3,2
227,30,3,True,0,0,0,0,0,0,0,0,0,0,0,0,0,0,0,0.0,0.0,0.0,0,0,0,0,9,16,3
228,3,1,True,0,0,0,0,0,0,0,0,0,0,0,0,0,0,0,0.0,0.0,0.0,0,0,0,0,9,8,1
228,12,2,False,0,0,0,0,0,0,0,0,0,0,0,0,0,0,0,0.0,0.0,0.0,0,0,0,0,9,3,2
228,30,3,True,0,0,0,0,0,0,0,0,0,0,0,0,0,0,0,0.0,0.0,0.0,0,0,0,0,9,16,3
229,3,1,True,90,1,0,0,1,0,0,0,0,0,0,0,0,25,6,0.05,0.0,1.96,9,8,4,1,9,8,1
229,12,2,False,90,1,1,0,0,1,0,0,0,0,0,0,2,27,12,0.1,0.01,2.16,10,9,3,1,9,3,2
229,30,3,True,0,0,0,0,0,0,0,0,0,0,0,0,0,0,0,0.0,0.0,0.0,0,0,0,0,9,16,3
23,1,1,True,0,0,0,0,0,0,0,0,0,0,0,0,0,0,0,0.0,0.0,0.0,0,0,0,0,1,7,1
23,20,2,False,0,0,0,0,0,0,0,0,0,0,0,0,0,0,0,0.0,0.0,0.0,0,0,0,0,1,2,2
23,29,3,True,0,0,0,0,0,0,0,0,0,0,0,0,0,0,0,0.0,0.0,0.0,0,0,0,0,1,6,3
230,3,1,True,90,1,0,0,1,0,0,0,0,0,0,0,0,27,6,0.0,0.01,1.96,8,6,2,2,9,8,1
230,12,2,False,90,1,0,0,0,1,0,0,0,0,0,0,0,6,4,0.09,0.01,2.16,12,11,3,1,9,3,2
230,30,3,True,0,0,0,0,0,0,0,0,0,0,0,0,0,0,0,0.0,0.0,0.0,0,0,0,0,9,16,3
231,3,1,True,0,0,0,0,0,0,0,0,0,0,0,0,0,0,0,0.0,0.0,0.0,0,0,0,0,9,8,1
231,12,2,False,0,0,0,0,0,0,0,0,0,0,0,0,0,0,0,0.0,0.0,0.0,0,0,0,0,9,3,2
231,30,3,True,0,0,0,0,0,0,0,0,0,0,0,0,0,0,0,0.0,0.0,0.0,0,0,0,0,9,16,3
232,3,1,True,0,0,0,0,0,0,0,0,0,0,0,0,0,0,0,0.0,0.0,0.0,0,0,0,0,9,8,1
232,12,2,False,0,0,0,0,0,0,0,0,0,0,0,0,0,0,0,0.0,0.0,0.0,0,0,0,0,9,3,2
232,30,3,True,0,0,0,0,0,0,0,0,0,0,0,0,0,0,0,0.0,0.0,0.0,0,0,0,0,9,16,3
233,3,1,True,90,1,0,0,1,0,0,0,0,0,0,0,0,27,6,0.0,0.05,1.96,4,4,4,0,9,8,1
233,12,2,False,90,1,0,0,0,1,0,0,0,0,0,0,0,7,4,0.0,0.01,2.16,12,11,7,1,9,3,2
233,30,3,True,0,0,0,0,0,0,0,0,0,0,0,0,0,0,0,0.0,0.0,0.0,0,0,0,0,9,16,3
234,3,1,True,0,0,0,0,0,0,0,0,0,0,0,0,0,0,0,0.0,0.0,0.0,0,0,0,0,9,8,1
234,12,2,False,0,0,0,0,0,0,0,0,0,0,0,0,0,0,0,0.0,0.0,0.0,0,0,0,0,9,3,2
234,30,3,True,0,0,0,0,0,0,0,0,0,0,0,0,0,0,0,0.0,0.0,0.0,0,0,0,0,9,16,3
235,3,1,True,0,0,0,0,0,0,0,0,0,0,0,0,0,0,0,0.0,0.0,0.0,0,0,0,0,9,8,1
235,12,2,False,0,0,0,0,0,0,0,0,0,0,0,0,0,0,0,0.0,0.0,0.0,0,0,0,0,9,3,2
235,30,3,True,0,0,0,0,0,0,0,0,0,0,0,0,0,0,0,0.0,0.0,0.0,0,0,0,0,9,16,3
236,3,1,True,90,1,1,0,1,0,0,0,0,0,0,0,3,40,11,0.12,0.17,1.92,8,1,5,2,9,8,1
236,12,2,False,90,1,0,0,0,1,0,0,0,0,0,0,0,24,2,0.06,0.16,2.16,10,0,7,3,9,3,2
236,30,3,True,0,0,0,0,0,0,0,0,0,0,0,0,0,0,0,0.0,0.0,0.0,0,0,0,0,9,16,3
237,3,1,True,90,1,0,1,1,0,0,0,0,0,0,0,1,36,9,0.24,0.32,1.96,12,0,8,4,9,8,1
237,12,2,False,90,1,0,0,0,1,0,0,0,0,0,0,0,16,4,0.02,0.07,2.16,13,5,7,1,9,3,2
237,26,3,True,0,0,0,0,0,0,0,0,0,0,0,0,0,0,0,0.0,0.0,0.0,0,0,0,0,15,7,3
238,8,1,True,8,0,0,0,0,0,0,0,0,0,0,0,0,2,1,0.0,0.0,0.0,1,0,0,1,15,3,1
238,11,2,False,0,0,0,0,0,0,0,0,0,0,0,0,0,0,0,0.0,0.0,0.0,0,0,0,0,15,8,2
238,30,3,True,0,0,0,0,0,0,0,0,0,0,0,0,0,0,0,0.0,0.0,0.0,0,0,0,0,9,16,3
239,3,1,True,11,0,0,0,0,0,0,0,0,0,0,0,0,6,1,0.0,0.03,0.34,1,0,0,1,9,8,1
239,12,2,False,61,1,0,0,0,1,0,0,0,1,0,0,0,9,1,0.0,0.0,0.58,10,0,7,3,9,3,2
239,30,3,True,0,0,0,0,0,0,0,0,0,0,0,0,0,0,0,0.0,0.0,0.0,0,0,0,0,9,16,3
24,1,1,True,0,0,0,0,0,0,0,0,0,0,0,0,0,0,0,0.0,0.0,0.0,0,0,0,0,1,7,1
24,20,2,False,0,0,0,0,0,0,0,0,0,0,0,0,0,0,0,0.0,0.0,0.0,0,0,0,0,1,2,2
24,29,3,True,0,0,0,0,0,0,0,0,0,0,0,0,0,0,0,0.0,0.0,0.0,0,0,0,0,1,6,3
240,3,1,True,0,0,0,0,0,0,0,0,0,0,0,0,0,0,0,0.0,0.0,0.0,0,0,0,0,9,8,1
240,12,2,False,4,0,0,0,0,0,0,0,0,0,0,0,0,2,1,0.0,0.0,0.0,0,0,0,0,9,3,2
240,25,3,True,0,0,0,0,0,0,0,0,0,0,0,0,0,0,0,0.0,0.0,0.0,0,0,0,0,11,2,3
241,3,1,False,62,1,0,0,0,2,0,0,0,0,0,0,0,11,2,0.05,0.02,0.98,5,3,2,0,8,9,1
241,11,2,True,22,0,0,0,0,1,0,0,0,0,0,0,0,2,1,0.0,0.0,0.2,2,1,1,0,8,15,2
241,24,3,False,0,0,0,0,0,0,0,0,0,0,0,0,0,0,0,0.0,0.0,0.0,0,0,0,0,8,10,3
242,3,1,True,83,1,0,0,1,0,0,0,0,0,0,0,0,13,3,0.18,0.08,1.67,7,3,4,0,9,8,1
242,12,2,False,61,1,0,0,0,1,0,0,0,0,0,0,0,12,2,0.05,0.01,0.58,2,0,1,1,9,3,2
242,30,3,True,0,0,0,0,0,0,0,0,0,0,0,0,0,0,0,0.0,0.0,0.0,0,0,0,0,9,16,3
243,3,1,True,1,0,0,0,0,0,0,0,0,0,0,0,0,7,1,0.02,0.0,0.04,3,0,2,1,9,8,1
243,12,2,False,4,0,0,0,0,0,0,0,0,1,0,0,0,-2,0,0.03,0.02,0.0,0,0,0,0,9,3,2
243,30,3,True,0,0,0,0,0,0,0,0,0,0,0,0,0,0,0,0.0,0.0,0.0,0,0,0,0,9,16,3
244,3,1,True,90,1,0,1,1,0,0,0,0,0,0,0,0,25,8,0.0,0.04,1.96,16,3,11,2,9,8,1
244,12,2,False,86,1,0,0,0,1,0,0,0,0,0,0,0,12,2,0.0,0.03,2.16,9,3,3,3,9,3,2
244,30,3,True,0,0,0,0,0,0,0,0,0,0,0,0,0,0,0,0.0,0.0,0.0,0,0,0,0,9,16,3
245,3,1,True,0,0,0,0,0,0,0,0,0,0,0,0,0,0,0,0.0,0.0,0.0,0,0,0,0,9,8,1
245,12,2,False,0,0,0,0,0,0,0,0,0,0,0,0,0,0,0,0.0,0.0,0.0,0,0,0,0,9,3,2
245,30,3,True,0,0,0,0,0,0,0,0,0,0,0,0,0,0,0,0.0,0.0,0.0,0,0,0,0,9,16,3
246,3,1,True,90,1,0,0,1,0,0,0,0,0,0,0,0,12,3,0.0,0.06,1.96,9,2,5,2,9,8,1
246,12,2,False,85,1,0,0,0,1,0,0,0,0,0,0,0,13,2,0.0,0.01,2.16,9,2,4,3,9,3,2
246,30,3,True,0,0,0,0,0,0,0,0,0,0,0,0,0,0,0,0.0,0.0,0.0,0,0,0,0,9,16,3
247,3,1,True,78,1,0,0,1,0,0,0,0,0,0,0,0,16,3,0.01,0.01,1.62,7,1,4,2,9,8,1
247,12,2,False,28,0,0,0,0,0,0,0,0,0,0,0,0,3,1,0.0,0.01,1.58,3,2,1,0,9,3,2
247,30,3,True,0,0,0,0,0,0,0,0,0,0,0,0,0,0,0,0.0,0.0,0.0,0,0,0,0,9,16,3
248,3,1,True,11,0,0,0,0,0,0,0,0,0,0,0,0,3,1,0.05,0.0,0.34,0,0,0,0,9,8,1
248,12,2,False,20,0,0,0,0,0,0,0,0,0,0,0,0,2,1,0.04,0.0,1.58,1,1,0,0,9,3,2
248,30,3,True,0,0,0,0,0,0,0,0,0,0,0,0,0,0,0,0.0,0.0,0.0,0,0,0,0,9,16,3
249,3,1,True,78,1,1,0,1,0,0,0,0,0,0,0,2,37,8,0.45,0.09,1.62,3,0,2,1,9,8,1
249,12,2,False,69,1,0,0,0,1,0,0,0,0,0,0,0,6,2,1.48,0.0,0.58,3,2,1,0,9,3,2
249,30,3,True,0,0,0,0,0,0,0,0,0,0,0,0,0,0,0,0.0,0.0,0.0,0,0,0,0,9,16,3
25,1,1,True,0,0,0,0,0,0,0,0,0,0,0,0,0,0,0,0.0,0.0,0.0,0,0,0,0,1,7,1
25,20,2,False,0,0,0,0,0,0,0,0,0,0,0,0,0,0,0,0.0,0.0,0.0,0,0,0,0,1,2,2
25,29,3,True,0,0,0,0,0,0,0,0,0,0,0,0,0,0,0,0.0,0.0,0.0,0,0,0,0,1,6,3
250,10,1,True,90,1,0,0,0,3,0,0,0,0,0,3,0,11,2,0.0,0.0,2.24,0,1,9,0,10,6,1
250,19,2,False,90,1,0,0,0,1,0,0,0,0,0,3,0,11,3,0.0,0.0,2.02,0,2,8,0,10,20,2
250,24,3,True,0,0,0,0,0,0,0,0,0,0,0,0,0,0,0,0.0,0.0,0.0,0,0,0,0,10,8,3
251,10,1,True,0,0,0,0,0,0,0,0,0,0,0,0,0,0,0,0.0,0.0,0.0,0,0,0,0,10,6,1
251,19,2,False,0,0,0,0,0,0,0,0,0,0,0,0,0,0,0,0.0,0.0,0.0,0,0,0,0,10,20,2
251,24,3,True,0,0,0,0,0,0,0,0,0,0,0,0,0,0,0,0.0,0.0,0.0,0,0,0,0,10,8,3
252,10,1,True,0,0,0,0,0,0,0,0,0,0,0,0,0,0,0,0.0,0.0,0.0,0,0,0,0,10,6,1
252,19,2,False,0,0,0,0,0,0,0,0,0,0,0,0,0,0,0,0.0,0.0,0.0,0,0,0,0,10,20,2
252,24,3,True,0,0,0,0,0,0,0,0,0,0,0,0,0,0,0,0.0,0.0,0.0,0,0,0,0,10,8,3
253,10,1,True,0,0,0,0,0,0,0,0,0,0,0,0,0,0,0,0.0,0.0,0.0,0,0,0,0,10,6,1
253,19,2,False,90,1,0,0,0,1,0,0,0,1,0,0,0,4,1,0.0,0.04,2.02,8,8,2,0,10,20,2
253,24,3,True,0,0,0,0,0,0,0,0,0,0,0,0,0,0,0,0.0,0.0,0.0,0,0,0,0,10,8,3
254,10,1,True,81,1,0,0,0,3,0,0,0,0,0,0,0,4,1,0.13,0.04,2.21,7,4,5,3,10,6,1
254,19,2,False,90,1,0,0,0,1,0,0,0,0,0,0,0,10,2,0.0,0.02,2.02,3,0,2,3,10,20,2
254,24,3,True,0,0,0,0,0,0,0,0,0,0,0,0,0,0,0,0.0,0.0,0.0,0,0,0,0,10,8,3
255,10,1,True,90,1,0,0,0,3,0,0,0,0,0,0,0,7,3,0.0,0.03,2.24,10,9,3,1,10,6,1
255,19,2,False,0,0,0,0,0,0,0,0,0,0,0,0,0,0,0,0.0,0.0,0.0,0,0,0,0,10,20,2
255,24,3,True,0,0,0,0,0,0,0,0,0,0,0,0,0,0,0,0.0,0.0,0.0,0,0,0,0,10,8,3
256,10,1,True,0,0,0,0,0,0,0,0,0,0,0,0,0,0,0,0.0,0.0,0.0,0,0,0,0,10,6,1
256,19,2,False,0,0,0,0,0,0,0,0,0,0,0,0,0,0,0,0.0,0.0,0.0,0,0,0,0,10,20,2
256,24,3,True,0,0,0,0,0,0,0,0,0,0,0,0,0,0,0,0.0,0.0,0.0,0,0,0,0,10,8,3
257,10,1,True,90,1,0,0,0,3,0,0,0,1,0,0,0,1,0,0.02,0.02,2.24,4,3,4,1,10,6,1
257,19,2,False,90,1,0,0,0,1,0,0,0,0,0,0,0,13,2,0.0,0.01,2.02,7,6,6,1,10,20,2
257,24,3,True,0,0,0,0,0,0,0,0,0,0,0,0,0,0,0,0.0,0.0,0.0,0,0,0,0,10,8,3
258,10,1,True,90,1,0,2,0,3,0,0,0,1,0,0,0,21,6,0.09,0.18,2.24,6,5,4,1,10,6,1
258,19,2,False,67,1,0,0,1,0,0,0,0,0,0,0,0,18,6,0.0,0.0,0.26,2,1,2,1,10,20,2
258,24,3,True,0,0,0,0,0,0,0,0,0,0,0,0,0,0,0,0.0,0.0,0.0,0,0,0,0,10,8,3
259,5,1,True,90,1,0,0,0,1,0,0,0,0,0,0,0,7,2,0.0,0.01,0.66,5,4,6,1,12,20,1
259,18,2,False,90,1,0,0,0,5,0,0,0,0,0,0,0,7,2,0.0,0.0,4.77,12,12,4,0,12,16,2
259,21,3,True,90,1,0,0,0,2,0,0,0,0,0,0,0,10,3,0.0,0.01,0.69,11,9,2,2,12,14,3
26,1,1,True,90,1,1,0,1,0,0,0,0,0,0,0,0,34,6,0.26,0.03,0.2,2,2,0,0,1,7,1
26,20,2,False,90,1,0,0,1,0,0,0,0,0,0,0,0,5,2,0.02,0.03,0.33,5,0,5,0,1,2,2
26,29,3,True,0,0,0,0,0,0,0,0,0,0,0,0,0,0,0,0.0,0.0,0.0,0,0,0,0,1,6,3
260,6,1,False,65,1,0,0,1,0,0,0,0,0,0,0,0,8,3,0.0,0.02,0.53,2,0,0,2,13,18,1
260,17,2,True,45,0,0,0,0,0,0,0,0,0,0,0,0,7,1,0.01,0.04,1.13,6,2,3,1,13,4,2
260,23,3,False,0,0,0,0,0,0,0,0,0,0,0,0,0,0,0,0.0,0.0,0.0,0,0,0,0,13,5,3
261,10,1,True,90,1,0,0,0,3,0,0,0,0,0,0,0,17,2,0.0,0.04,2.24,10,3,6,1,10,6,1
261,19,2,False,90,1,0,0,0,1,0,0,0,0,0,0,0,20,2,0.01,0.4,2.02,4,1,2,1,10,20,2
261,24,3,True,0,0,0,0,0,0,0,0,0,0,0,0,0,0,0,0.0,0.0,0.0,0,0,0,0,10,8,3
262,10,1,True,0,0,0,0,0,0,0,0,0,0,0,0,0,0,0,0.0,0.0,0.0,0,0,0,0,10,6,1
262,19,2,False,14,0,0,0,0,0,0,0,0,0,0,0,0,5,1,0.06,0.02,0.41,1,0,1,0,10,20,2
262,24,3,True,0,0,0,0,0,0,0,0,0,0,0,0,0,0,0,0.0,0.0,0.0,0,0,0,0,10,8,3
263,10,1,True,17,0,0,0,0,0,0,0,0,0,0,0,0,2,1,0.0,0.01,0.03,3,0,1,2,10,6,1
263,19,2,False,7,0,0,0,0,0,0,0,0,0,0,0,0,2,1,0.0,0.04,0.17,0,0,0,0,10,20,2
263,24,3,True,0,0,0,0,0,0,0,0,0,0,0,0,0,0,0,0.0,0.0,0.0,0,0,0,0,10,8,3
264,10,1,True,66,1,0,0,0,3,0,0,0,0,0,0,0,10,2,0.0,0.26,2.21,6,1,2,3,10,6,1
264,19,2,False,67,1,0,0,1,0,0,0,0,0,0,0,0,8,3,0.0,0.01,0.26,5,1,2,2,10,20,2
264,24,3,True,0,0,0,0,0,0,0,0,0,0,0,0,0,0,0,0.0,0.0,0.0,0,0,0,0,10,8,3
265,10,1,True,72,1,0,0,0,3,0,0,0,0,0,0,0,14,2,0.03,0.03,2.21,4,1,2,1,10,6,1
265,19,2,False,82,1,0,0,0,1,0,0,0,0,0,0,0,14,2,0.0,0.2,1.85,2,0,2,0,10,20,2
265,24,3,True,0,0,0,0,0,0,0,0,0,0,0,0,0,0,0,0.0,0.0,0.0,0,0,0,0,10,8,3
266,10,1,True,0,0,0,0,0,0,0,0,0,0,0,0,0,0,0,0.0,0.0,0.0,0,0,0,0,10,6,1
266,19,2,False,0,0,0,0,0,0,0,0,0,0,0,0,0,0,0,0.0,0.0,0.0,0,0,0,0,10,20,2
266,24,3,True,0,0,0,0,0,0,0,0,0,0,0,0,0,0,0,0.0,0.0,0.0,0,0,0,0,10,8,3
267,5,1,True,90,1,0,1,0,1,0,0,0,0,0,0,0,22,5,0.0,0.02,0.66,6,2,3,1,12,20,1
267,18,2,False,72,1,0,0,0,4,0,0,0,1,0,0,0,11,1,0.02,0.02,3.91,11,7,1,3,12,16,2
267,21,3,True,90,1,0,0,0,2,0,0,0,0,0,0,0,13,2,0.0,0.02,0.69,4,1,2,1,12,14,3
268,10,1,True,90,1,1,0,0,3,0,0,0,0,0,0,0,34,7,0.17,0.04,2.24,8,2,4,2,10,6,1
268,19,2,False,90,1,0,0,0,1,0,0,0,0,0,0,0,8,2,0.47,0.03,2.02,4,1,1,2,10,20,2
268,24,3,True,0,0,0,0,0,0,0,0,0,0,0,0,0,0,0,0.0,0.0,0.0,0,0,0,0,10,8,3
269,10,1,True,17,0,0,0,0,0,0,0,0,0,0,0,0,7,1,0.03,0.0,0.03,1,1,1,0,10,6,1
269,19,2,False,22,0,0,0,0,1,0,0,0,0,0,0,0,3,1,0.02,0.12,1.77,1,0,1,1,10,20,2
269,24,3,True,0,0,0,0,0,0,0,0,0,0,0,0,0,0,0,0.0,0.0,0.0,0,0,0,0,10,8,3
27,1,1,True,0,0,0,0,0,0,0,0,0,0,0,0,0,0,0,0.0,0.0,0.0,0,0,0,0,1,7,1
27,20,2,False,0,0,0,0,0,0,0,0,0,0,0,0,0,0,0,0.0,0.0,0.0,0,0,0,0,1,2,2
27,29,3,True,0,0,0,0,0,0,0,0,0,0,0,0,0,0,0,0.0,0.0,0.0,0,0,0,0,1,6,3
270,10,1,True,0,0,0,0,0,0,0,0,0,0,0,0,0,0,0,0.0,0.0,0.0,0,0,0,0,10,6,1
270,19,2,False,0,0,0,0,0,0,0,0,0,0,0,0,0,0,0,0.0,0.0,0.0,0,0,0,0,10,20,2
270,24,3,True,0,0,0,0,0,0,0,0,0,0,0,0,0,0,0,0.0,0.0,0.0,0,0,0,0,10,8,3
271,10,1,True,8,0,0,0,0,0,0,0,0,0,0,0,0,6,1,0.02,0.0,0.03,1,1,0,0,10,6,1
271,19,2,False,0,0,0,0,0,0,0,0,0,0,0,0,0,0,0,0.0,0.0,0.0,0,0,0,0,10,20,2
271,24,3,True,0,0,0,0,0,0,0,0,0,0,0,0,0,0,0,0.0,0.0,0.0,0,0,0,0,10,8,3
272,10,1,True,0,0,0,0,0,0,0,0,0,0,0,0,0,0,0,0.0,0.0,0.0,0,0,0,0,10,6,1
272,19,2,False,0,0,0,0,0,0,0,0,0,0,0,0,0,0,0,0.0,0.0,0.0,0,0,0,0,10,20,2
272,24,3,True,0,0,0,0,0,0,0,0,0,0,0,0,0,0,0,0.0,0.0,0.0,0,0,0,0,10,8,3
273,4,1,True,0,0,0,0,0,0,0,0,0,0,0,0,0,0,0,0.0,0.0,0.0,0,0,0,0,11,16,1
273,13,2,False,0,0,0,0,0,0,0,0,0,0,0,0,0,0,0,0.0,0.0,0.0,0,0,0,0,11,7,2
273,25,3,True,0,0,0,0,0,0,0,0,0,0,0,0,0,0,0,0.0,0.0,0.0,0,0,0,0,11,2,3
274,4,1,True,0,0,0,0,0,0,0,0,0,0,0,0,0,0,0,0.0,0.0,0.0,0,0,0,0,11,16,1
274,13,2,False,0,0,0,0,0,0,0,0,0,0,0,0,0,0,0,0.0,0.0,0.0,0,0,0,0,11,7,2
274,25,3,True,0,0,0,0,0,0,0,0,0,0,0,0,0,0,0,0.0,0.0,0.0,0,0,0,0,11,2,3
275,4,1,True,0,0,0,0,0,0,0,0,0,0,0,0,0,0,0,0.0,0.0,0.0,0,0,0,0,11,16,1
275,13,2,False,0,0,0,0,0,0,0,0,0,0,0,0,0,0,0,0.0,0.0,0.0,0,0,0,0,11,7,2
275,25,3,True,0,0,0,0,0,0,0,0,0,0,0,0,0,0,0,0.0,0.0,0.0,0,0,0,0,11,2,3
276,4,1,True,0,0,0,0,0,0,0,0,0,0,0,0,0,0,0,0.0,0.0,0.0,0,0,0,0,11,16,1
276,13,2,False,0,0,0,0,0,0,0,0,0,0,0,0,0,0,0,0.0,0.0,0.0,0,0,0,0,11,7,2
276,25,3,True,0,0,0,0,0,0,0,0,0,0,0,0,0,0,0,0.0,0.0,0.0,0,0,0,0,11,2,3
277,4,1,True,90,1,0,0,1,0,0,0,0,0,0,0,0,27,8,0.0,0.0,1.83,21,20,3,1,11,16,1
277,13,2,False,90,1,0,0,1,0,0,0,0,0,0,0,1,25,9,0.0,0.0,1.29,13,12,1,1,11,7,2
277,25,3,True,0,0,0,0,0,0,0,0,0,0,0,0,0,0,0,0.0,0.0,0.0,0,0,0,0,11,2,3
278,4,1,True,0,0,0,0,0,0,0,0,0,0,0,0,0,0,0,0.0,0.0,0.0,0,0,0,0,11,16,1
278,13,2,False,0,0,0,0,0,0,0,0,0,0,0,0,0,0,0,0.0,0.0,0.0,0,0,0,0,11,7,2
278,25,3,True,0,0,0,0,0,0,0,0,0,0,0,0,0,0,0,0.0,0.0,0.0,0,0,0,0,11,2,3
279,4,1,True,63,1,1,0,1,0,0,0,0,0,0,0,2,39,14,0.52,0.0,0.86,7,7,3,0,11,16,1
279,13,2,False,90,1,0,0,1,0,0,0,0,0,0,0,0,24,6,0.0,0.0,1.29,7,5,5,2,11,7,2
279,25,3,True,0,0,0,0,0,0,0,0,0,0,0,0,0,0,0,0.0,0.0,0.0,0,0,0,0,11,2,3
28,7,1,False,0,0,0,0,0,0,0,0,0,0,0,0,0,0,0,0.0,0.0,0.0,0,0,0,0,2,5,1
28,16,2,True,90,1,0,0,0,3,0,0,0,0,0,4,0,18,2,0.0,0.01,1.41,0,1,13,0,6,5,2
28,29,3,False,0,0,0,0,0,0,0,0,0,0,0,0,0,0,0,0.0,0.0,0.0,0,0,0,0,6,1,3
280,4,1,True,69,1,0,0,1,0,0,0,0,0,0,0,0,23,6,0.0,0.01,1.16,2,1,3,1,11,16,1
280,13,2,False,45,1,0,0,0,0,0,0,0,1,0,0,0,2,0,0.0,0.0,1.09,4,4,1,0,11,7,2
280,25,3,True,0,0,0,0,0,0,0,0,0,0,0,0,0,0,0,0.0,0.0,0.0,0,0,0,0,11,2,3
281,4,1,True,20,0,0,0,0,0,0,0,0,0,0,0,0,4,1,0.05,0.0,0.67,3,2,2,1,11,16,1
281,13,2,False,45,0,0,0,0,0,0,0,0,0,0,0,0,4,1,0.0,0.0,0.2,3,3,2,0,11,7,2
281,25,3,True,0,0,0,0,0,0,0,0,0,0,0,0,0,0,0,0.0,0.0,0.0,0,0,0,0,11,2,3
282,4,1,True,84,1,0,0,1,0,0,0,0,0,0,0,0,24,6,0.02,0.07,1.76,6,5,1,1,11,16,1
282,13,2,False,90,1,0,0,1,0,0,0,0,0,0,0,0,21,6,0.0,0.07,1.29,2,1,4,1,11,7,2
282,25,3,True,0,0,0,0,0,0,0,0,0,0,0,0,0,0,0,0.0,0.0,0.0,0,0,0,0,11,2,3
283,4,1,True,0,0,0,0,0,0,0,0,0,0,0,0,0,0,0,0.0,0.0,0.0,0,0,0,0,11,16,1
283,13,2,False,0,0,0,0,0,0,0,0,0,0,0,0,0,0,0,0.0,0.0,0.0,0,0,0,0,11,7,2
283,25,3,True,0,0,0,0,0,0,0,0,0,0,0,0,0,0,0,0.0,0.0,0.0,0,0,0,0,11,2,3
284,4,1,True,0,0,0,0,0,0,0,0,0,0,0,0,0,0,0,0.0,0.0,0.0,0,0,0,0,11,16,1
284,13,2,False,0,0,0,0,0,0,0,0,0,0,0,0,0,0,0,0.0,0.0,0.0,0,0,0,0,11,7,2
284,25,3,True,0,0,0,0,0,0,0,0,0,0,0,0,0,0,0,0.0,0.0,0.0,0,0,0,0,11,2,3
285,4,1,True,26,0,0,0,0,0,0,0,0,0,0,0,0,3,1,0.0,0.0,0.96,2,2,1,0,11,16,1
285,13,2,False,0,0,0,0,0,0,0,0,0,0,0,0,0,0,0,0.0,0.0,0.0,0,0,0,0,11,7,2
285,25,3,True,0,0,0,0,0,0,0,0,0,0,0,0,0,0,0,0.0,0.0,0.0,0,0,0,0,11,2,3
286,4,1,True,90,1,0,0,1,0,0,0,0,0,0,0,0,8,3,0.05,0.03,1.83,10,3,3,4,11,16,1
286,13,2,False,82,1,0,1,1,0,0,0,0,0,0,0,0,23,6,0.12,0.02,1.11,10,3,5,2,11,7,2
286,25,3,True,0,0,0,0,0,0,0,0,0,0,0,0,0,0,0,0.0,0.0,0.0,0,0,0,0,11,2,3
287,4,1,True,19,0,0,0,0,0,0,0,0,1,0,0,0,2,0,0.0,0.0,0.67,3,1,1,1,11,16,1
287,13,2,False,31,0,1,0,0,0,0,0,0,0,0,0,0,24,6,0.58,0.0,0.2,1,1,0,0,11,7,2
287,25,3,True,0,0,0,0,0,0,0,0,0,0,0,0,0,0,0,0.0,0.0,0.0,0,0,0,0,11,2,3
288,4,1,True,0,0,0,0,0,0,0,0,0,0,0,0,0,0,0,0.0,0.0,0.0,0,0,0,0,11,16,1
288,13,2,False,0,0,0,0,0,0,0,0,0,0,0,0,0,0,0,0.0,0.0,0.0,0,0,0,0,11,7,2
288,25,3,True,0,0,0,0,0,0,0,0,0,0,0,0,0,0,0,0.0,0.0,0.0,0,0,0,0,11,2,3
289,4,1,True,90,1,0,0,1,0,0,0,0,1,0,0,0,9,2,0.0,0.0,1.83,9,4,1,4,11,16,1
289,13,2,False,0,0,0,0,0,0,0,0,0,0,0,0,0,0,0,0.0,0.0,0.0,0,0,0,0,11,7,2
289,25,3,True,0,0,0,0,0,0,0,0,0,0,0,0,0,0,0,0.0,0.0,0.0,0,0,0,0,11,2,3
29,7,1,False,90,1,0,0,0,4,0,0,0,0,0,3,0,1,1,0.0,0.0,3.77,0,2,6,0,2,5,1
29,20,2,True,0,0,0,0,0,0,0,0,0,0,0,0,0,0,0,0.0,0.0,0.0,0,0,0,0,2,1,2
29,25,3,False,0,0,0,0,0,0,0,0,0,0,0,0,0,0,0,0.0,0.0,0.0,0,0,0,0,2,11,3
290,4,1,True,90,1,0,1,1,0,0,0,0,0,0,0,0,20,6,0.0,0.44,1.83,3,0,2,1,11,16,1
290,13,2,False,90,1,0,0,1,0,0,0,0,1,0,0,0,6,2,0.0,0.01,1.29,10,2,4,4,11,7,2
290,25,3,True,0,0,0,0,0,0,0,0,0,0,0,0,0,0,0,0.0,0.0,0.0,0,0,0,0,11,2,3
291,4,1,True,0,0,0,0,0,0,0,0,0,0,0,0,0,0,0,0.0,0.0,0.0,0,0,0,0,11,16,1
291,13,2,False,0,0,0,0,0,0,0,0,0,0,0,0,0,0,0,0.0,0.0,0.0,0,0,0,0,11,7,2
291,25,3,True,0,0,0,0,0,0,0,0,0,0,0,0,0,0,0,0.0,0.0,0.0,0,0,0,0,11,2,3
292,4,1,True,0,0,0,0,0,0,0,0,0,0,0,0,0,0,0,0.0,0.0,0.0,0,0,0,0,11,16,1
292,13,2,False,0,0,0,0,0,0,0,0,0,0,0,0,0,0,0,0.0,0.0,0.0,0,0,0,0,11,7,2
292,25,3,True,0,0,0,0,0,0,0,0,0,0,0,0,0,0,0,0.0,0.0,0.0,0,0,0,0,11,2,3
293,4,1,True,0,0,0,0,0,0,0,0,0,0,0,0,0,0,0,0.0,0.0,0.0,0,0,0,0,11,16,1
293,13,2,False,0,0,0,0,0,0,0,0,0,0,0,0,0,0,0,0.0,0.0,0.0,0,0,0,0,11,7,2
293,25,3,True,0,0,0,0,0,0,0,0,0,0,0,0,0,0,0,0.0,0.0,0.0,0,0,0,0,11,2,3
294,4,1,True,0,0,0,0,0,0,0,0,0,0,0,0,0,0,0,0.0,0.0,0.0,0,0,0,0,11,16,1
294,13,2,False,0,0,0,0,0,0,0,0,0,0,0,0,0,0,0,0.0,0.0,0.0,0,0,0,0,11,7,2
294,25,3,True,0,0,0,0,0,0,0,0,0,0,0,0,0,0,0,0.0,0.0,0.0,0,0,0,0,11,2,3
295,4,1,True,90,1,0,1,1,0,0,0,0,0,0,0,0,21,5,0.16,0.01,1.83,5,3,2,0,11,16,1
295,13,2,False,90,1,0,0,1,0,0,0,0,1,0,0,0,7,1,0.0,0.01,1.29,4,0,4,0,11,7,2
295,25,3,True,0,0,0,0,0,0,0,0,0,0,0,0,0,0,0,0.0,0.0,0.0,0,0,0,0,11,2,3
296,4,1,True,0,0,0,0,0,0,0,0,0,0,0,0,0,0,0,0.0,0.0,0.0,0,0,0,0,11,16,1
296,13,2,False,0,0,0,0,0,0,0,0,0,0,0,0,0,0,0,0.0,0.0,0.0,0,0,0,0,11,7,2
296,25,3,True,0,0,0,0,0,0,0,0,0,0,0,0,0,0,0,0.0,0.0,0.0,0,0,0,0,11,2,3
297,4,1,True,0,0,0,0,0,0,0,0,0,0,0,0,0,0,0,0.0,0.0,0.0,0,0,0,0,11,16,1
297,13,2,False,0,0,0,0,0,0,0,0,0,0,0,0,0,0,0,0.0,0.0,0.0,0,0,0,0,11,7,2
297,25,3,True,0,0,0,0,0,0,0,0,0,0,0,0,0,0,0,0.0,0.0,0.0,0,0,0,0,11,2,3
298,4,1,True,0,0,0,0,0,0,0,0,0,0,0,0,0,0,0,0.0,0.0,0.0,0,0,0,0,11,16,1
298,13,2,False,0,0,0,0,0,0,0,0,0,0,0,0,0,0,0,0.0,0.0,0.0,0,0,0,0,11,7,2
298,25,3,True,0,0,0,0,0,0,0,0,0,0,0,0,0,0,0,0.0,0.0,0.0,0,0,0,0,11,2,3
299,4,1,True,0,0,0,0,0,0,0,0,0,0,0,0,0,0,0,0.0,0.0,0.0,0,0,0,0,11,16,1
299,13,2,False,0,0,0,0,0,0,0,0,0,0,0,0,0,0,0,0.0,0.0,0.0,0,0,0,0,11,7,2
299,25,3,True,0,0,0,0,0,0,0,0,0,0,0,0,0,0,0,0.0,0.0,0.0,0,0,0,0,11,2,3
3,1,1,True,0,0,0,0,0,0,0,0,0,0,0,0,0,0,0,0.0,0.0,0.0,0,0,0,0,1,7,1
3,20,2,False,0,0,0,0,0,0,0,0,0,0,0,0,0,0,0,0.0,0.0,0.0,0,0,0,0,1,2,2
3,29,3,True,0,0,0,0,0,0,0,0,0,0,0,0,0,0,0,0.0,0.0,0.0,0,0,0,0,1,6,3
30,7,1,False,0,0,0,0,0,0,0,0,0,0,0,0,0,0,0,0.0,0.0,0.0,0,0,0,0,2,5,1
30,20,2,True,0,0,0,0,0,0,0,0,0,0,0,0,0,0,0,0.0,0.0,0.0,0,0,0,0,2,1,2
30,25,3,False,0,0,0,0,0,0,0,0,0,0,0,0,0,0,0,0.0,0.0,0.0,0,0,0,0,2,11,3
300,5,1,True,0,0,0,0,0,0,0,0,0,0,0,0,0,0,0,0.0,0.0,0.0,0,0,0,0,12,20,1
300,18,2,False,0,0,0,0,0,0,0,0,0,0,0,0,0,0,0,0.0,0.0,0.0,0,0,0,0,12,16,2
300,21,3,True,0,0,0,0,0,0,0,0,0,0,0,0,0,0,0,0.0,0.0,0.0,0,0,0,0,12,14,3
301,5,1,True,0,0,0,0,0,0,0,0,0,0,0,0,0,0,0,0.0,0.0,0.0,0,0,0,0,12,20,1
301,18,2,False,0,0,0,0,0,0,0,0,0,0,0,0,0,0,0,0.0,0.0,0.0,0,0,0,0,12,16,2
301,21,3,True,0,0,0,0,0,0,0,0,0,0,0,0,0,0,0,0.0,0.0,0.0,0,0,0,0,12,14,3
302,5,1,True,0,0,0,0,0,0,0,0,0,0,0,0,0,0,0,0.0,0.0,0.0,0,0,0,0,12,20,1
302,18,2,False,0,0,0,0,0,0,0,0,0,0,0,0,0,0,0,0.0,0.0,0.0,0,0,0,0,12,16,2
302,21,3,True,0,0,0,0,0,0,0,0,0,0,0,0,0,0,0,0.0,0.0,0.0,0,0,0,0,12,14,3
303,5,1,True,0,0,0,0,0,0,0,0,0,0,0,0,0,0,0,0.0,0.0,0.0,0,0,0,0,12,20,1
303,18,2,False,0,0,0,0,0,0,0,0,0,0,0,0,0,0,0,0.0,0.0,0.0,0,0,0,0,12,16,2
303,21,3,True,0,0,0,0,0,0,0,0,0,0,0,0,0,0,0,0.0,0.0,0.0,0,0,0,0,12,14,3
304,5,1,True,90,1,0,0,0,1,0,0,0,0,0,0,0,16,4,0.0,0.16,0.66,18,16,6,2,12,20,1
304,18,2,False,90,1,0,0,0,5,0,0,0,0,0,0,0,-14,0,0.07,0.01,4.77,1,1,2,0,12,16,2
304,21,3,True,90,1,0,0,0,2,0,0,0,0,0,0,0,5,3,0.0,0.01,0.69,11,8,3,3,12,14,3
305,5,1,True,90,1,0,0,0,1,0,0,0,0,0,0,0,10,2,0.0,0.01,0.66,7,7,4,0,12,20,1
305,18,2,False,90,1,1,0,0,5,0,0,0,0,0,0,0,1,6,0.54,0.12,4.77,4,4,1,0,12,16,2
305,21,3,True,90,1,0,0,0,2,0,0,0,0,0,0,0,4,1,0.11,0.12,0.69,6,4,3,2,12,14,3
306,5,1,True,90,1,0,0,0,1,0,0,0,0,0,0,0,12,2,0.0,0.0,0.66,7,4,1,3,12,20,1
306,18,2,False,90,1,0,0,0,5,1,0,0,1,0,0,0,-13,-1,0.0,0.01,4.77,10,9,4,1,12,16,2
306,21,3,True,90,1,0,0,0,2,0,0,0,0,0,0,0,6,1,0.0,0.04,0.69,7,6,3,1,12,14,3
307,5,1,True,0,0,0,0,0,0,0,0,0,0,0,0,0,0,0,0.0,0.0,0.0,0,0,0,0,12,20,1
307,18,2,False,0,0,0,0,0,0,0,0,0,0,0,0,0,0,0,0.0,0.0,0.0,0,0,0,0,12,16,2
307,21,3,True,0,0,0,0,0,0,0,0,0,0,0,0,0,0,0,0.0,0.0,0.0,0,0,0,0,12,14,3
308,5,1,True,0,0,0,0,0,0,0,0,0,0,0,0,0,0,0,0.0,0.0,0.0,0,0,0,0,12,20,1
308,18,2,False,17,0,0,0,0,1,0,0,0,0,0,0,0,-1,1,0.0,0.0,0.86,3,2,0,1,12,16,2
308,21,3,True,0,0,0,0,0,0,0,0,0,0,0,0,0,0,0,0.0,0.0,0.0,0,0,0,0,12,14,3
309,5,1,True,79,1,0,0,0,1,0,0,0,0,0,0,0,26,4,0.03,0.03,0.63,12,4,6,2,12,20,1
309,18,2,False,61,1,0,0,0,3,0,0,0,0,0,0,0,6,2,0.0,0.02,2.85,9,4,4,1,12,16,2
309,21,3,True,0,0,0,0,0,0,0,0,0,0,0,0,0,0,0,0.0,0.0,0.0,0,0,0,0,12,14,3
31,1,1,True,0,0,0,0,0,0,0,0,0,0,0,0,0,0,0,0.0,0.0,0.0,0,0,0,0,1,7,1
31,20,2,False,11,0,0,0,0,0,0,0,0,0,0,0,0,3,1,0.0,0.0,0.0,1,1,0,0,1,2,2
31,29,3,True,0,0,0,0,0,0,0,0,0,0,0,0,0,0,0,0.0,0.0,0.0,0,0,0,0,1,6,3
310,5,1,True,0,0,0,0,0,0,0,0,0,0,0,0,0,0,0,0.0,0.0,0.0,0,0,0,0,12,20,1
310,18,2,False,0,0,0,0,0,0,0,0,0,0,0,0,0,0,0,0.0,0.0,0.0,0,0,0,0,12,16,2
310,21,3,True,0,0,0,0,0,0,0,0,0,0,0,0,0,0,0,0.0,0.0,0.0,0,0,0,0,12,14,3
311,5,1,True,0,0,0,0,0,0,0,0,0,0,0,0,0,0,0,0.0,0.0,0.0,0,0,0,0,12,20,1
311,18,2,False,0,0,0,0,0,0,0,0,0,0,0,0,0,0,0,0.0,0.0,0.0,0,0,0,0,12,16,2
311,21,3,True,0,0,0,0,0,0,0,0,0,0,0,0,0,0,0,0.0,0.0,0.0,0,0,0,0,12,14,3
312,5,1,True,0,0,0,0,0,0,0,0,0,0,0,0,0,0,0,0.0,0.0,0.0,0,0,0,0,12,20,1
312,18,2,False,0,0,0,0,0,0,0,0,0,0,0,0,0,0,0,0.0,0.0,0.0,0,0,0,0,12,16,2
312,21,3,True,0,0,0,0,0,0,0,0,0,0,0,0,0,0,0,0.0,0.0,0.0,0,0,0,0,12,14,3
313,5,1,True,19,0,1,0,0,0,0,0,0,0,0,0,1,27,7,0.1,0.0,0.03,2,0,1,1,12,20,1
313,18,2,False,0,0,0,0,0,0,0,0,0,0,0,0,0,0,0,0.0,0.0,0.0,0,0,0,0,12,16,2
313,21,3,True,24,0,0,0,0,0,0,0,0,0,0,0,0,3,1,0.05,0.02,0.06,2,1,1,0,12,14,3
314,5,1,True,0,0,0,0,0,0,0,0,0,0,0,0,0,0,0,0.0,0.0,0.0,0,0,0,0,12,20,1
314,18,2,False,0,0,0,0,0,0,0,0,0,0,0,0,0,0,0,0.0,0.0,0.0,0,0,0,0,12,16,2
314,21,3,True,0,0,0,0,0,0,0,0,0,0,0,0,0,0,0,0.0,0.0,0.0,0,0,0,0,12,14,3
315,5,1,True,65,1,0,0,0,1,0,0,0,0,0,0,0,22,2,0.0,0.41,0.63,7,1,2,4,12,20,1
315,18,2,False,82,1,0,1,0,5,0,0,0,1,0,0,0,25,4,0.0,0.22,4.59,4,1,2,1,12,16,2
315,21,3,True,78,1,0,0,0,2,0,0,0,0,0,0,0,14,2,0.03,0.15,0.69,6,2,2,2,12,14,3
316,5,1,True,65,1,1,0,0,1,0,0,0,0,0,0,3,41,9,0.82,0.06,0.63,3,1,1,1,12,20,1
316,18,2,False,45,1,0,0,0,1,0,0,0,0,0,0,0,7,1,0.0,0.0,0.77,1,1,0,0,12,16,2
316,21,3,True,65,1,0,0,0,2,0,0,0,0,0,0,0,8,2,0.22,0.0,0.62,3,1,1,1,12,14,3
317,5,1,True,0,0,0,0,0,0,0,0,0,0,0,0,0,0,0,0.0,0.0,0.0,0,0,0,0,12,20,1
317,18,2,False,0,0,0,0,0,0,0,0,0,0,0,0,0,0,0,0.0,0.0,0.0,0,0,0,0,12,16,2
317,21,3,True,0,0,0,0,0,0,0,0,0,0,0,0,0,0,0,0.0,0.0,0.0,0,0,0,0,12,14,3
318,5,1,True,0,0,0,0,0,0,0,0,0,0,0,0,0,0,0,0.0,0.0,0.0,0,0,0,0,12,20,1
318,18,2,False,0,0,0,0,0,0,0,0,0,0,0,0,0,0,0,0.0,0.0,0.0,0,0,0,0,12,16,2
318,21,3,True,0,0,0,0,0,0,0,0,0,0,0,0,0,0,0,0.0,0.0,0.0,0,0,0,0,12,14,3
319,5,1,True,0,0,0,0,0,0,0,0,0,0,0,0,0,0,0,0.0,0.0,0.0,0,0,0,0,12,20,1
319,18,2,False,0,0,0,0,0,0,0,0,0,0,0,0,0,0,0,0.0,0.0,0.0,0,0,0,0,12,16,2
319,21,3,True,0,0,0,0,0,0,0,0,0,0,0,0,0,0,0,0.0,0.0,0.0,0,0,0,0,12,14,3
32,7,1,False,90,1,0,0,0,4,0,0,0,1,0,0,0,-8,-1,0.0,0.0,3.77,7,5,0,2,2,5,1
32,20,2,True,77,1,0,0,0,1,0,0,0,0,0,0,0,8,2,0.15,0.01,1.04,6,2,1,4,2,1,2
32,25,3,False,0,0,0,0,0,0,0,0,0,0,0,0,0,0,0,0.0,0.0,0.0,0,0,0,0,2,11,3
320,5,1,True,24,0,0,0,0,0,0,0,0,0,0,0,0,3,1,0.0,0.0,0.03,3,0,2,1,12,20,1
320,18,2,False,45,0,1,0,0,4,0,0,0,0,0,0,0,30,5,0.97,0.0,4.01,0,0,0,0,12,16,2
320,21,3,True,0,0,0,0,0,0,0,0,0,0,0,0,0,0,0,0.0,0.0,0.0,0,0,0,0,12,14,3
321,5,1,True,10,0,0,0,0,0,0,0,0,0,0,0,0,3,1,0.0,0.0,0.03,0,0,0,0,12,20,1
321,18,2,False,0,0,0,0,0,0,0,0,0,0,0,0,0,0,0,0.0,0.0,0.0,0,0,0,0,12,16,2
321,21,3,True,0,0,0,0,0,0,0,0,0,0,0,0,0,0,0,0.0,0.0,0.0,0,0,0,0,12,14,3
322,5,1,True,0,0,0,0,0,0,0,0,0,0,0,0,0,0,0,0.0,0.0,0.0,0,0,0,0,12,20,1
322,18,2,False,0,0,0,0,0,0,0,0,0,0,0,0,0,0,0,0.0,0.0,0.0,0,0,0,0,12,16,2
322,21,3,True,0,0,0,0,0,0,0,0,0,0,0,0,0,0,0,0.0,0.0,0.0,0,0,0,0,12,14,3
323,5,1,True,24,0,0,0,0,0,0,0,0,0,0,0,0,4,1,0.0,0.0,0.03,3,0,2,1,12,20,1
323,18,2,False,7,0,0,0,0,0,0,0,0,0,0,0,0,3,1,0.0,0.0,0.18,1,0,1,0,12,16,2
323,21,3,True,11,0,0,0,0,0,0,0,0,0,0,0,0,5,1,0.05,0.0,0.0,1,0,1,0,12,14,3
324,5,1,True,0,0,0,0,0,0,0,0,0,0,0,0,0,0,0,0.0,0.0,0.0,0,0,0,0,12,20,1
324,18,2,False,0,0,0,0,0,0,0,0,0,0,0,0,0,0,0,0.0,0.0,0.0,0,0,0,0,12,16,2
324,21,3,True,0,0,0,0,0,0,0,0,0,0,0,0,0,0,0,0.0,0.0,0.0,0,0,0,0,12,14,3
325,4,1,False,0,0,0,0,0,0,0,0,0,0,0,0,0,0,0,0.0,0.0,0.0,0,0,0,0,16,11,1
325,18,2,True,0,0,0,0,0,0,0,0,0,0,0,0,0,0,0,0.0,0.0,0.0,0,0,0,0,16,12,2
325,30,3,False,0,0,0,0,0,0,0,0,0,0,0,0,0,0,0,0.0,0.0,0.0,0,0,0,0,16,9,3
326,6,1,False,0,0,0,0,0,0,0,0,0,0,0,0,0,0,0,0.0,0.0,0.0,0,0,0,0,13,18,1
326,17,2,True,0,0,0,0,0,0,0,0,0,0,0,0,0,0,0,0.0,0.0,0.0,0,0,0,0,13,4,2
326,23,3,False,0,0,0,0,0,0,0,0,0,0,0,0,0,0,0,0.0,0.0,0.0,0,0,0,0,13,5,3
327,6,1,False,90,1,0,0,1,0,0,0,0,0,0,0,2,28,10,0.11,0.0,0.66,12,11,5,1,13,18,1
327,17,2,True,45,1,0,0,0,1,0,0,0,0,0,0,0,0,1,0.0,0.0,0.55,5,5,2,0,13,4,2
327,23,3,False,0,0,0,0,0,0,0,0,0,0,0,0,0,0,0,0.0,0.0,0.0,0,0,0,0,13,5,3
328,7,1,True,0,0,0,0,0,0,0,0,0,0,0,0,0,0,0,0.0,0.0,0.0,0,0,0,0,5,2,1
328,16,2,False,0,0,0,0,0,0,0,0,0,0,0,0,0,0,0,0.0,0.0,0.0,0,0,0,0,5,6,2
328,23,3,True,0,0,0,0,0,0,0,0,0,0,0,0,0,0,0,0.0,0.0,0.0,0,0,0,0,5,13,3
329,6,1,False,90,1,0,0,1,0,0,0,0,0,0,0,0,21,6,0.03,0.06,0.66,7,6,1,1,13,18,1
329,17,2,True,33,1,0,0,0,0,0,0,0,0,0,0,0,4,1,0.0,0.0,0.35,4,4,1,0,13,4,2
329,23,3,False,0,0,0,0,0,0,0,0,0,0,0,0,0,0,0,0.0,0.0,0.0,0,0,0,0,13,5,3
33,7,1,False,16,0,0,0,0,0,0,0,0,0,0,0,0,5,1,0.0,0.0,0.22,1,0,0,1,2,5,1
33,20,2,True,0,0,0,0,0,0,0,0,0,0,0,0,0,0,0,0.0,0.0,0.0,0,0,0,0,2,1,2
33,25,3,False,0,0,0,0,0,0,0,0,0,0,0,0,0,0,0,0.0,0.0,0.0,0,0,0,0,2,11,3
330,6,1,False,90,1,0,0,1,0,0,0,0,0,0,0,0,24,6,0.0,0.0,0.66,3,2,3,1,13,18,1
330,17,2,True,67,1,0,0,0,1,0,0,0,0,0,0,0,9,2,0.0,0.01,0.74,7,5,5,2,13,4,2
330,23,3,False,0,0,0,0,0,0,0,0,0,0,0,0,0,0,0,0.0,0.0,0.0,0,0,0,0,13,5,3
331,6,1,False,0,0,0,0,0,0,0,0,0,0,0,0,0,0,0,0.0,0.0,0.0,0,0,0,0,13,18,1
331,17,2,True,0,0,0,0,0,0,0,0,0,0,0,0,0,0,0,0.0,0.0,0.0,0,0,0,0,13,4,2
331,23,3,False,0,0,0,0,0,0,0,0,0,0,0,0,0,0,0,0.0,0.0,0.0,0,0,0,0,13,5,3
332,6,1,False,90,1,0,0,1,0,0,0,0,0,0,0,2,28,10,0.0,0.01,0.66,12,6,4,6,13,18,1
332,17,2,True,90,1,0,0,0,1,0,0,0,0,0,0,0,12,2,0.03,0.01,1.67,8,6,3,2,13,4,2
332,23,3,False,0,0,0,0,0,0,0,0,0,0,0,0,0,0,0,0.0,0.0,0.0,0,0,0,0,13,5,3
333,6,1,False,0,0,0,0,0,0,0,0,0,0,0,0,0,0,0,0.0,0.0,0.0,0,0,0,0,13,18,1
333,17,2,True,0,0,0,0,0,0,0,0,0,0,0,0,0,0,0,0.0,0.0,0.0,0,0,0,0,13,4,2
333,23,3,False,0,0,0,0,0,0,0,0,0,0,0,0,0,0,0,0.0,0.0,0.0,0,0,0,0,13,5,3
334,6,1,False,90,1,0,0,1,0,0,0,0,0,0,0,0,25,6,0.09,0.0,0.66,7,7,1,0,13,18,1
334,17,2,True,90,1,0,0,0,1,0,0,0,0,0,0,0,17,4,0.0,0.01,1.67,19,17,3,2,13,4,2
334,23,3,False,0,0,0,0,0,0,0,0,0,0,0,0,0,0,0,0.0,0.0,0.0,0,0,0,0,13,5,3
335,6,1,False,90,1,1,0,1,0,0,0,0,0,0,0,3,37,13,0.1,0.05,0.66,16,8,5,3,13,18,1
335,17,2,True,90,1,0,0,0,1,0,0,0,0,0,0,0,13,4,0.07,0.01,1.67,16,8,4,4,13,4,2
335,23,3,False,0,0,0,0,0,0,0,0,0,0,0,0,0,0,0,0.0,0.0,0.0,0,0,0,0,13,5,3
336,6,1,False,24,0,0,0,0,0,0,0,0,0,0,0,0,10,1,0.0,0.16,0.13,5,1,2,2,13,18,1
336,17,2,True,68,1,0,0,0,1,0,0,0,0,0,0,0,11,2,0.08,0.01,0.74,2,1,0,1,13,4,2
336,23,3,False,0,0,0,0,0,0,0,0,0,0,0,0,0,0,0,0.0,0.0,0.0,0,0,0,0,13,5,3
337,6,1,False,81,1,0,0,1,0,0,0,0,0,0,0,0,16,3,0.01,0.01,0.58,7,0,6,1,13,18,1
337,17,2,True,45,1,0,0,0,1,0,0,0,0,0,0,0,6,1,0.0,0.01,0.55,3,1,1,1,13,4,2
337,23,3,False,0,0,0,0,0,0,0,0,0,0,0,0,0,0,0,0.0,0.0,0.0,0,0,0,0,13,5,3
338,6,1,False,90,1,0,0,1,0,0,0,0,0,0,0,0,18,5,0.0,0.04,0.66,13,6,5,2,13,18,1
338,17,2,True,90,1,0,0,0,1,0,0,0,0,0,0,0,12,2,0.01,0.09,1.67,10,5,3,2,13,4,2
338,23,3,False,0,0,0,0,0,0,0,0,0,0,0,0,0,0,0,0.0,0.0,0.0,0,0,0,0,13,5,3
339,6,1,False,8,0,0,0,0,0,0,0,0,0,0,0,0,3,1,0.0,0.0,0.07,0,0,0,0,13,18,1
339,17,2,True,0,0,0,0,0,0,0,0,0,0,0,0,0,0,0,0.0,0.0,0.0,0,0,0,0,13,4,2
339,23,3,False,0,0,0,0,0,0,0,0,0,0,0,0,0,0,0,0.0,0.0,0.0,0,0,0,0,13,5,3
34,7,1,False,73,1,0,0,0,4,0,0,0,0,0,0,0,-14,0,0.0,0.0,3.55,5,5,1,0,2,5,1
34,20,2,True,90,1,0,0,0,1,0,0,0,0,0,0,0,6,2,0.0,0.01,1.04,4,3,8,1,2,1,2
34,25,3,False,0,0,0,0,0,0,0,0,0,0,0,0,0,0,0,0.0,0.0,0.0,0,0,0,0,2,11,3
340,4,1,True,0,0,0,0,0,0,0,0,0,0,0,0,0,0,0,0.0,0.0,0.0,0,0,0,0,11,16,1
340,13,2,False,0,0,0,0,0,0,0,0,0,0,0,0,0,0,0,0.0,0.0,0.0,0,0,0,0,11,7,2
340,25,3,True,0,0,0,0,0,0,0,0,0,0,0,0,0,0,0,0.0,0.0,0.0,0,0,0,0,11,2,3
341,6,1,False,0,0,0,0,0,0,0,0,0,0,0,0,0,0,0,0.0,0.0,0.0,0,0,0,0,13,18,1
341,17,2,True,0,0,0,0,0,0,0,0,0,0,0,0,0,0,0,0.0,0.0,0.0,0,0,0,0,13,4,2
341,23,3,False,0,0,0,0,0,0,0,0,0,0,0,0,0,0,0,0.0,0.0,0.0,0,0,0,0,13,5,3
342,6,1,False,0,0,0,0,0,0,0,0,0,0,0,0,0,0,0,0.0,0.0,0.0,0,0,0,0,13,18,1
342,17,2,True,0,0,0,0,0,0,0,0,0,0,0,0,0,0,0,0.0,0.0,0.0,0,0,0,0,13,4,2
342,23,3,False,0,0,0,0,0,0,0,0,0,0,0,0,0,0,0,0.0,0.0,0.0,0,0,0,0,13,5,3
343,6,1,False,0,0,0,0,0,0,0,0,0,0,0,0,0,0,0,0.0,0.0,0.0,0,0,0,0,13,18,1
343,17,2,True,22,0,0,0,0,0,0,0,0,0,0,0,0,2,1,0.24,0.01,0.93,2,0,2,0,13,4,2
343,23,3,False,0,0,0,0,0,0,0,0,0,0,0,0,0,0,0,0.0,0.0,0.0,0,0,0,0,13,5,3
344,6,1,False,0,0,0,0,0,0,0,0,0,0,0,0,0,0,0,0.0,0.0,0.0,0,0,0,0,13,18,1
344,17,2,True,0,0,0,0,0,0,0,0,0,0,0,0,0,0,0,0.0,0.0,0.0,0,0,0,0,13,4,2
344,23,3,False,0,0,0,0,0,0,0,0,0,0,0,0,0,0,0,0.0,0.0,0.0,0,0,0,0,13,5,3
345,6,1,False,0,0,0,0,0,0,0,0,0,0,0,0,0,0,0,0.0,0.0,0.0,0,0,0,0,13,18,1
345,17,2,True,45,0,0,0,0,0,0,0,0,0,0,0,0,6,1,0.0,0.01,1.13,11,5,3,3,13,4,2
345,23,3,False,0,0,0,0,0,0,0,0,0,0,0,0,0,0,0,0.0,0.0,0.0,0,0,0,0,13,5,3
346,6,1,False,90,1,0,0,1,0,0,0,0,1,0,0,0,-2,1,0.13,0.0,0.66,2,0,2,0,13,18,1
346,17,2,True,90,1,1,0,0,1,0,0,0,0,0,0,2,31,8,0.92,0.02,1.67,4,3,1,0,13,4,2
346,23,3,False,0,0,0,0,0,0,0,0,0,0,0,0,0,0,0,0.0,0.0,0.0,0,0,0,0,13,5,3
347,6,1,False,0,0,0,0,0,0,0,0,0,0,0,0,0,0,0,0.0,0.0,0.0,0,0,0,0,13,18,1
347,17,2,True,21,0,0,1,0,0,0,0,0,0,0,0,0,18,4,0.1,0.0,0.93,1,0,1,0,13,4,2
347,23,3,False,0,0,0,0,0,0,0,0,0,0,0,0,0,0,0,0.0,0.0,0.0,0,0,0,0,13,5,3
348,6,1,False,0,0,0,0,0,0,0,0,0,0,0,0,0,0,0,0.0,0.0,0.0,0,0,0,0,13,18,1
348,17,2,True,0,0,0,0,0,0,0,0,0,0,0,0,0,0,0,0.0,0.0,0.0,0,0,0,0,13,4,2
348,23,3,False,0,0,0,0,0,0,0,0,0,0,0,0,0,0,0,0.0,0.0,0.0,0,0,0,0,13,5,3
349,6,1,False,0,0,0,0,0,0,0,0,0,0,0,0,0,0,0,0.0,0.0,0.0,0,0,0,0,13,18,1
349,17,2,True,0,0,0,0,0,0,0,0,0,0,0,0,0,0,0,0.0,0.0,0.0,0,0,0,0,13,4,2
349,23,3,False,0,0,0,0,0,0,0,0,0,0,0,0,0,0,0,0.0,0.0,0.0,0,0,0,0,13,5,3
35,7,1,False,16,0,0,0,0,0,0,0,0,0,0,0,0,3,1,0.0,0.0,0.22,1,1,0,0,2,5,1
35,20,2,True,0,0,0,0,0,0,0,0,0,0,0,0,0,0,0,0.0,0.0,0.0,0,0,0,0,2,1,2
35,25,3,False,0,0,0,0,0,0,0,0,0,0,0,0,0,0,0,0.0,0.0,0.0,0,0,0,0,2,11,3
350,9,1,False,90,1,0,0,0,2,0,0,0,0,0,3,0,7,2,0.0,0.0,1.58,0,2,6,0,14,17,1
350,14,2,True,90,1,0,0,0,2,0,0,0,1,0,1,0,-5,0,0.0,0.0,2.3,0,2,4,0,14,18,2
350,21,3,False,90,1,0,0,1,0,0,0,0,0,0,5,1,35,8,0.0,0.0,0.75,0,2,14,0,14,12,3
351,9,1,False,0,0,0,0,0,0,0,0,0,0,0,0,0,0,0,0.0,0.0,0.0,0,0,0,0,14,17,1
351,14,2,True,0,0,0,0,0,0,0,0,0,0,0,0,0,0,0,0.0,0.0,0.0,0,0,0,0,14,18,2
351,21,3,False,0,0,0,0,0,0,0,0,0,0,0,0,0,0,0,0.0,0.0,0.0,0,0,0,0,14,12,3
352,9,1,False,0,0,0,0,0,0,0,0,0,0,0,0,0,0,0,0.0,0.0,0.0,0,0,0,0,14,17,1
352,14,2,True,0,0,0,0,0,0,0,0,0,0,0,0,0,0,0,0.0,0.0,0.0,0,0,0,0,14,18,2
352,21,3,False,0,0,0,0,0,0,0,0,0,0,0,0,0,0,0,0.0,0.0,0.0,0,0,0,0,14,12,3
353,9,1,False,0,0,0,0,0,0,0,0,0,0,0,0,0,0,0,0.0,0.0,0.0,0,0,0,0,14,17,1
353,14,2,True,0,0,0,0,0,0,0,0,0,0,0,0,0,0,0,0.0,0.0,0.0,0,0,0,0,14,18,2
353,21,3,False,0,0,0,0,0,0,0,0,0,0,0,0,0,0,0,0.0,0.0,0.0,0,0,0,0,14,12,3
354,9,1,False,0,0,0,0,0,0,0,0,0,0,0,0,0,0,0,0.0,0.0,0.0,0,0,0,0,14,17,1
354,14,2,True,0,0,0,0,0,0,0,0,0,0,0,0,0,0,0,0.0,0.0,0.0,0,0,0,0,14,18,2
354,21,3,False,0,0,0,0,0,0,0,0,0,0,0,0,0,0,0,0.0,0.0,0.0,0,0,0,0,14,12,3
355,9,1,False,0,0,0,0,0,0,0,0,0,0,0,0,0,0,0,0.0,0.0,0.0,0,0,0,0,14,17,1
355,14,2,True,0,0,0,0,0,0,0,0,0,0,0,0,0,0,0,0.0,0.0,0.0,0,0,0,0,14,18,2
355,21,3,False,0,0,0,0,0,0,0,0,0,0,0,0,0,0,0,0.0,0.0,0.0,0,0,0,0,14,12,3
356,9,1,False,90,1,0,0,0,2,0,0,0,1,0,0,0,8,2,0.25,0.01,1.58,11,9,6,2,14,17,1
356,14,2,True,90,1,0,0,0,2,0,0,0,0,0,0,0,5,1,0.0,0.03,2.3,7,7,5,0,14,18,2
356,21,3,False,90,1,0,0,1,0,0,0,0,0,0,0,0,32,6,0.0,0.02,0.75,7,4,4,3,14,12,3
357,9,1,False,90,1,0,0,0,2,0,0,0,1,0,0,0,3,0,0.01,0.09,1.58,2,1,3,1,14,17,1
357,14,2,True,70,1,0,0,0,2,0,0,0,0,0,0,0,9,1,0.0,0.02,2.23,6,4,3,2,14,18,2
357,21,3,False,0,0,0,0,0,0,0,0,0,0,0,0,0,0,0,0.0,0.0,0.0,0,0,0,0,14,12,3
358,9,1,False,90,1,0,0,0,2,0,0,0,1,0,0,0,3,0,0.02,0.02,1.58,7,4,3,3,14,17,1
358,14,2,True,70,1,0,0,0,2,0,0,0,0,0,0,0,9,1,0.0,0.01,2.23,8,7,4,1,14,18,2
358,21,3,False,90,1,0,0,1,0,0,0,0,1,0,0,0,23,5,0.0,0.03,0.75,5,3,1,2,14,12,3
359,9,1,False,0,0,0,0,0,0,0,0,0,0,0,0,0,0,0,0.0,0.0,0.0,0,0,0,0,14,17,1
359,14,2,True,0,0,0,0,0,0,0,0,0,0,0,0,0,0,0,0.0,0.0,0.0,0,0,0,0,14,18,2
359,21,3,False,0,0,0,0,0,0,0,0,0,0,0,0,0,0,0,0.0,0.0,0.0,0,0,0,0,14,12,3
36,7,1,False,81,1,0,0,0,4,0,0,0,0,0,0,0,-9,0,0.03,0.0,3.62,9,7,2,2,2,5,1
36,20,2,True,90,1,0,0,0,1,0,0,0,1,0,0,0,-5,1,0.07,0.0,1.04,8,5,2,3,2,1,2
36,25,3,False,0,0,0,0,0,0,0,0,0,0,0,0,0,0,0,0.0,0.0,0.0,0,0,0,0,2,11,3
360,9,1,False,0,0,0,0,0,0,0,0,0,0,0,0,0,0,0,0.0,0.0,0.0,0,0,0,0,14,17,1
360,14,2,True,0,0,0,0,0,0,0,0,0,0,0,0,0,0,0,0.0,0.0,0.0,0,0,0,0,14,18,2
360,21,3,False,0,0,0,0,0,0,0,0,0,0,0,0,0,0,0,0.0,0.0,0.0,0,0,0,0,14,12,3
361,9,1,False,0,0,0,0,0,0,0,0,0,0,0,0,0,0,0,0.0,0.0,0.0,0,0,0,0,14,17,1
361,14,2,True,0,0,0,0,0,0,0,0,0,0,0,0,0,0,0,0.0,0.0,0.0,0,0,0,0,14,18,2
361,21,3,False,0,0,0,0,0,0,0,0,0,0,0,0,0,0,0,0.0,0.0,0.0,0,0,0,0,14,12,3
362,9,1,False,69,1,0,0,0,2,0,0,0,0,0,0,0,9,1,0.0,0.02,1.04,3,2,3,1,14,17,1
362,14,2,True,76,1,0,0,0,2,0,0,0,0,0,0,0,13,3,0.0,0.05,2.23,11,8,4,3,14,18,2
362,21,3,False,90,1,0,0,1,0,0,0,0,1,0,0,0,28,5,0.0,0.03,0.75,9,6,3,3,14,12,3
363,9,1,False,0,0,0,0,0,0,0,0,0,0,0,0,0,0,0,0.0,0.0,0.0,0,0,0,0,14,17,1
363,14,2,True,0,0,0,0,0,0,0,0,0,0,0,0,0,0,0,0.0,0.0,0.0,0,0,0,0,14,18,2
363,21,3,False,0,0,0,0,0,0,0,0,0,0,0,0,0,0,0,0.0,0.0,0.0,0,0,0,0,14,12,3
364,9,1,False,0,0,0,0,0,0,0,0,0,0,0,0,0,0,0,0.0,0.0,0.0,0,0,0,0,14,17,1
364,14,2,True,19,0,0,0,0,0,0,0,0,0,0,0,0,4,1,0.04,0.01,0.07,0,0,0,0,14,18,2
364,21,3,False,0,0,0,0,0,0,0,0,0,0,0,0,0,0,0,0.0,0.0,0.0,0,0,0,0,14,12,3
365,9,1,False,0,0,0,0,0,0,0,0,0,0,0,0,0,0,0,0.0,0.0,0.0,0,0,0,0,14,17,1
365,14,2,True,0,0,0,0,0,0,0,0,0,0,0,0,0,0,0,0.0,0.0,0.0,0,0,0,0,14,18,2
365,21,3,False,0,0,0,0,0,0,0,0,0,0,0,0,0,0,0,0.0,0.0,0.0,0,0,0,0,14,12,3
366,9,1,False,62,1,0,0,0,2,0,0,0,0,0,0,0,16,2,0.26,0.04,0.51,5,0,4,1,14,17,1
366,14,2,True,90,1,0,1,0,2,0,0,0,1,0,0,0,23,4,0.23,0.2,2.3,10,0,7,3,14,18,2
366,21,3,False,90,1,0,0,1,0,0,0,0,0,0,0,0,14,3,0.18,0.05,0.65,4,0,4,0,14,12,3
367,9,1,False,90,1,1,0,0,2,0,0,0,0,0,0,3,33,12,0.3,0.15,1.58,12,4,5,3,14,17,1
367,14,2,True,70,1,0,1,0,2,0,0,0,0,0,0,0,21,5,0.0,0.65,2.23,3,1,2,0,14,18,2
367,21,3,False,90,1,0,2,1,0,0,0,0,0,0,0,2,43,11,0.06,0.4,0.75,10,2,5,3,14,12,3
368,9,1,False,90,1,1,0,0,2,0,0,0,0,0,0,1,29,8,0.85,0.27,1.58,7,2,4,1,14,17,1
368,14,2,True,90,1,0,0,0,2,0,0,0,0,0,0,0,24,4,0.16,0.17,2.3,13,3,7,3,14,18,2
368,21,3,False,90,1,0,0,1,0,0,0,0,0,0,0,0,20,3,0.16,0.08,0.75,9,3,6,0,14,12,3
369,9,1,False,62,1,0,0,0,2,0,0,0,0,0,0,0,9,2,0.04,0.02,0.51,3,0,2,1,14,17,1
369,14,2,True,19,0,0,0,0,0,0,0,0,0,0,0,0,5,1,0.0,0.03,0.07,0,0,0,0,14,18,2
369,21,3,False,0,0,0,0,0,0,0,0,0,0,0,0,0,0,0,0.0,0.0,0.0,0,0,0,0,14,12,3
37,7,1,False,90,1,0,0,0,4,1,0,0,0,0,0,0,-13,-2,0.0,0.0,3.77,3,3,1,0,2,5,1
37,20,2,True,90,1,0,0,0,1,0,0,0,0,0,0,0,10,2,0.0,0.08,1.04,7,6,1,1,2,1,2
37,25,3,False,0,0,0,0,0,0,0,0,0,0,0,0,0,0,0,0.0,0.0,0.0,0,0,0,0,2,11,3
370,9,1,False,0,0,0,0,0,0,0,0,0,0,0,0,0,0,0,0.0,0.0,0.0,0,0,0,0,14,17,1
370,14,2,True,0,0,0,0,0,0,0,0,0,0,0,0,0,0,0,0.0,0.0,0.0,0,0,0,0,14,18,2
370,21,3,False,0,0,0,0,0,0,0,0,0,0,0,0,0,0,0,0.0,0.0,0.0,0,0,0,0,14,12,3
371,9,1,False,77,1,0,1,0,2,0,0,0,0,0,0,0,26,5,0.06,0.05,1.1,11,2,8,1,14,17,1
371,14,2,True,19,0,0,0,0,0,0,0,0,0,0,0,0,7,1,0.0,0.01,0.07,1,0,0,1,14,18,2
371,21,3,False,26,0,0,0,0,0,0,0,0,0,0,0,0,2,1,0.0,0.0,0.17,2,1,1,0,14,12,3
372,9,1,False,27,0,0,0,0,0,0,0,0,0,0,0,0,9,1,0.0,0.01,1.07,3,0,1,2,14,17,1
372,14,2,True,76,1,0,0,0,2,0,0,0,0,0,0,0,10,2,0.0,0.39,2.23,10,2,5,3,14,18,2
372,21,3,False,83,1,0,0,1,0,0,0,0,1,0,0,0,14,2,0.08,0.02,0.6,11,3,5,3,14,12,3
373,9,1,False,0,0,0,0,0,0,0,0,0,0,0,0,0,0,0,0.0,0.0,0.0,0,0,0,0,14,17,1
373,14,2,True,0,0,0,0,0,0,0,0,0,0,0,0,0,0,0,0.0,0.0,0.0,0,0,0,0,14,18,2
373,21,3,False,0,0,0,0,0,0,0,0,0,0,0,0,0,0,0,0.0,0.0,0.0,0,0,0,0,14,12,3
374,9,1,False,0,0,0,0,0,0,0,0,0,0,0,0,0,0,0,0.0,0.0,0.0,0,0,0,0,14,17,1
374,14,2,True,0,0,0,0,0,0,0,0,0,0,0,0,0,0,0,0.0,0.0,0.0,0,0,0,0,14,18,2
374,21,3,False,0,0,0,0,0,0,0,0,0,0,0,0,0,0,0,0.0,0.0,0.0,0,0,0,0,14,12,3
375,9,1,False,0,0,0,0,0,0,0,0,0,0,0,0,0,0,0,0.0,0.0,0.0,0,0,0,0,14,17,1
375,14,2,True,13,0,0,0,0,0,0,0,0,0,0,0,0,3,1,0.0,0.0,0.07,5,1,2,2,14,18,2
375,21,3,False,6,0,0,0,0,0,0,0,0,0,0,0,0,3,1,0.0,0.0,0.15,0,0,0,0,14,12,3
376,9,1,False,0,0,0,0,0,0,0,0,0,0,0,0,0,0,0,0.0,0.0,0.0,0,0,0,0,14,17,1
376,14,2,True,0,0,0,0,0,0,0,0,0,0,0,0,0,0,0,0.0,0.0,0.0,0,0,0,0,14,18,2
376,21,3,False,0,0,0,0,0,0,0,0,0,0,0,0,0,0,0,0.0,0.0,0.0,0,0,0,0,14,12,3
377,9,1,False,27,0,0,1,0,0,0,0,0,0,0,0,0,15,4,0.1,0.04,1.07,0,0,0,0,14,17,1
377,14,2,True,90,1,1,0,0,2,0,0,0,1,0,0,0,24,6,0.32,0.19,2.3,7,4,1,2,14,18,2
377,21,3,False,63,1,0,0,1,0,0,0,0,0,0,0,0,9,3,0.0,0.02,0.58,4,0,4,0,14,12,3
378,9,1,False,0,0,0,0,0,0,0,0,0,0,0,0,0,0,0,0.0,0.0,0.0,0,0,0,0,14,17,1
378,14,2,True,0,0,0,0,0,0,0,0,0,0,0,0,0,0,0,0.0,0.0,0.0,0,0,0,0,14,18,2
378,21,3,False,0,0,0,0,0,0,0,0,0,0,0,0,0,0,0,0.0,0.0,0.0,0,0,0,0,14,12,3
379,9,1,False,90,1,0,0,0,2,0,0,0,0,0,0,0,6,2,1.09,0.01,1.58,1,1,0,0,14,17,1
379,14,2,True,90,1,1,0,0,2,0,0,0,0,0,0,2,30,8,0.99,0.0,2.3,1,0,0,1,14,18,2
379,21,3,False,63,1,2,0,1,0,0,0,0,0,0,0,3,61,13,0.21,0.05,0.58,3,1,2,0,14,12,3
38,7,1,False,0,0,0,0,0,0,0,0,0,0,0,0,0,0,0,0.0,0.0,0.0,0,0,0,0,2,5,1
38,20,2,True,0,0,0,0,0,0,0,0,0,0,0,0,0,0,0,0.0,0.0,0.0,0,0,0,0,2,1,2
38,25,3,False,0,0,0,0,0,0,0,0,0,0,0,0,0,0,0,0.0,0.0,0.0,0,0,0,0,2,11,3
380,9,1,False,0,0,0,0,0,0,0,0,0,0,0,0,0,0,0,0.0,0.0,0.0,0,0,0,0,14,17,1
380,14,2,True,0,0,0,0,0,0,0,0,0,0,0,0,0,0,0,0.0,0.0,0.0,0,0,0,0,14,18,2
380,21,3,False,0,0,0,0,0,0,0,0,0,0,0,0,0,0,0,0.0,0.0,0.0,0,0,0,0,14,12,3
381,9,1,False,12,0,0,0,0,0,0,0,0,0,0,0,0,4,1,0.03,0.0,0.48,1,0,1,0,14,17,1
381,14,2,True,0,0,0,0,0,0,0,0,0,0,0,0,0,0,0,0.0,0.0,0.0,0,0,0,0,14,18,2
381,21,3,False,1,0,0,0,0,0,0,0,0,0,0,0,0,3,1,0.0,0.0,0.1,0,0,0,0,14,12,3
382,9,1,False,0,0,0,0,0,0,0,0,0,0,0,0,0,0,0,0.0,0.0,0.0,0,0,0,0,14,17,1
382,14,2,True,0,0,0,0,0,0,0,0,0,0,0,0,0,0,0,0.0,0.0,0.0,0,0,0,0,14,18,2
382,21,3,False,0,0,0,0,0,0,0,0,0,0,0,0,0,0,0,0.0,0.0,0.0,0,0,0,0,14,12,3
383,9,1,False,0,0,0,0,0,0,0,0,0,0,0,0,0,0,0,0.0,0.0,0.0,0,0,0,0,14,17,1
383,14,2,True,0,0,0,0,0,0,0,0,0,0,0,0,0,0,0,0.0,0.0,0.0,0,0,0,0,14,18,2
383,21,3,False,0,0,0,0,0,0,0,0,0,0,0,0,0,0,0,0.0,0.0,0.0,0,0,0,0,14,12,3
384,8,1,True,90,1,0,0,0,1,0,0,0,0,0,3,0,12,3,0.0,0.0,0.65,0,1,4,0,15,3,1
384,11,2,False,90,1,0,0,0,1,1,0,0,0,0,1,0,5,0,0.0,0.0,0.66,0,0,8,0,15,8,2
384,26,3,True,0,0,0,0,0,0,0,0,0,0,0,0,0,0,0,0.0,0.0,0.0,0,0,0,0,15,7,3
385,6,1,False,90,1,0,0,1,0,0,0,0,0,0,3,2,28,9,0.0,0.0,0.66,0,0,9,0,13,18,1
385,17,2,True,90,1,0,0,0,1,0,0,0,0,0,4,0,20,3,0.0,0.0,1.67,0,0,11,0,13,4,2
385,23,3,False,0,0,0,0,0,0,0,0,0,0,0,0,0,0,0,0.0,0.0,0.0,0,0,0,0,13,5,3
386,8,1,True,0,0,0,0,0,0,0,0,0,0,0,0,0,0,0,0.0,0.0,0.0,0,0,0,0,15,3,1
386,11,2,False,0,0,0,0,0,0,0,0,0,0,0,0,0,0,0,0.0,0.0,0.0,0,0,0,0,15,8,2
386,26,3,True,0,0,0,0,0,0,0,0,0,0,0,0,0,0,0,0.0,0.0,0.0,0,0,0,0,15,7,3
387,8,1,True,62,1,0,0,0,1,0,0,0,0,0,0,0,5,2,0.07,0.41,0.55,2,1,5,1,15,3,1
387,11,2,False,88,1,0,0,0,1,0,0,0,0,0,0,0,11,2,0.02,0.02,0.66,1,0,2,1,15,8,2
387,26,3,True,0,0,0,0,0,0,0,0,0,0,0,0,0,0,0,0.0,0.0,0.0,0,0,0,0,15,7,3
388,8,1,True,90,1,1,0,0,1,0,0,0,0,0,0,2,31,10,0.89,0.32,0.65,4,1,4,3,15,3,1
388,11,2,False,90,1,0,0,0,1,0,0,0,0,0,0,0,12,2,0.0,0.04,0.66,5,5,4,0,15,8,2
388,26,3,True,0,0,0,0,0,0,0,0,0,0,0,0,0,0,0,0.0,0.0,0.0,0,0,0,0,15,7,3
389,8,1,True,33,0,0,0,0,0,0,0,0,0,0,0,0,4,1,0.0,0.04,0.1,1,1,2,0,15,3,1
389,11,2,False,0,0,0,0,0,0,0,0,0,0,0,0,0,0,0,0.0,0.0,0.0,0,0,0,0,15,8,2
389,26,3,True,0,0,0,0,0,0,0,0,0,0,0,0,0,0,0,0.0,0.0,0.0,0,0,0,0,15,7,3
39,7,1,False,0,0,0,0,0,0,0,0,0,0,0,0,0,0,0,0.0,0.0,0.0,0,0,0,0,2,5,1
39,20,2,True,0,0,0,0,0,0,0,0,0,0,0,0,0,0,0,0.0,0.0,0.0,0,0,0,0,2,1,2
39,25,3,False,0,0,0,0,0,0,0,0,0,0,0,0,0,0,0,0.0,0.0,0.0,0,0,0,0,2,11,3
390,8,1,True,90,1,0,0,0,1,0,0,0,0,0,0,0,11,2,0.0,0.14,0.65,6,6,8,0,15,3,1
390,11,2,False,90,1,0,0,0,1,0,0,0,0,0,0,0,19,2,0.09,0.57,0.66,6,5,6,1,15,8,2
390,26,3,True,0,0,0,0,0,0,0,0,0,0,0,0,0,0,0,0.0,0.0,0.0,0,0,0,0,15,7,3
391,8,1,True,90,1,1,0,0,1,0,0,0,0,0,0,1,28,9,0.19,0.05,0.65,7,5,5,2,15,3,1
391,11,2,False,74,1,0,1,0,1,0,0,0,0,0,0,0,18,5,0.0,0.04,0.66,2,1,0,1,15,8,2
391,26,3,True,0,0,0,0,0,0,0,0,0,0,0,0,0,0,0,0.0,0.0,0.0,0,0,0,0,15,7,3
392,8,1,True,0,0,0,0,0,0,0,0,0,0,0,0,0,0,0,0.0,0.0,0.0,0,0,0,0,15,3,1
392,11,2,False,0,0,0,0,0,0,0,0,0,0,0,0,0,0,0,0.0,0.0,0.0,0,0,0,0,15,8,2
392,26,3,True,0,0,0,0,0,0,0,0,0,0,0,0,0,0,0,0.0,0.0,0.0,0,0,0,0,15,7,3
393,8,1,True,90,1,0,0,0,1,0,0,0,0,0,0,0,14,2,0.0,0.02,0.65,4,2,6,2,15,3,1
393,11,2,False,88,1,0,0,0,1,0,0,0,0,0,0,0,17,2,0.0,0.02,0.66,7,3,3,4,15,8,2
393,26,3,True,0,0,0,0,0,0,0,0,0,0,0,0,0,0,0,0.0,0.0,0.0,0,0,0,0,15,7,3
394,8,1,True,0,0,0,0,0,0,0,0,0,0,0,0,0,0,0,0.0,0.0,0.0,0,0,0,0,15,3,1
394,11,2,False,0,0,0,0,0,0,0,0,0,0,0,0,0,0,0,0.0,0.0,0.0,0,0,0,0,15,8,2
394,26,3,True,0,0,0,0,0,0,0,0,0,0,0,0,0,0,0,0.0,0.0,0.0,0,0,0,0,15,7,3
395,8,1,True,56,1,0,0,0,1,0,0,0,0,0,0,0,-1,1,0.17,0.02,0.55,2,2,0,0,15,3,1
395,11,2,False,0,0,0,0,0,0,0,0,0,0,0,0,0,0,0,0.0,0.0,0.0,0,0,0,0,15,8,2
395,26,3,True,0,0,0,0,0,0,0,0,0,0,0,0,0,0,0,0.0,0.0,0.0,0,0,0,0,15,7,3
396,8,1,True,0,0,0,0,0,0,0,0,0,0,0,0,0,0,0,0.0,0.0,0.0,0,0,0,0,15,3,1
396,11,2,False,1,0,0,0,0,0,0,0,0,0,0,0,0,3,1,0.0,0.0,0.0,0,0,0,0,15,8,2
396,26,3,True,0,0,0,0,0,0,0,0,0,0,0,0,0,0,0,0.0,0.0,0.0,0,0,0,0,15,7,3
397,8,1,True,90,1,0,0,0,1,0,0,0,0,0,0,0,16,2,0.06,0.02,0.65,5,0,4,1,15,3,1
397,11,2,False,90,1,0,1,0,1,0,0,0,0,0,0,0,33,5,0.06,0.57,0.66,3,0,2,1,15,8,2
397,26,3,True,0,0,0,0,0,0,0,0,0,0,0,0,0,0,0,0.0,0.0,0.0,0,0,0,0,15,7,3
398,8,1,True,81,1,0,0,0,1,0,0,0,1,0,0,0,15,1,0.12,0.4,0.65,6,0,3,3,15,3,1
398,11,2,False,90,1,0,2,0,1,0,0,0,0,0,0,1,38,9,0.87,0.45,0.66,7,2,4,1,15,8,2
398,26,3,True,0,0,0,0,0,0,0,0,0,0,0,0,0,0,0,0.0,0.0,0.0,0,0,0,0,15,7,3
399,8,1,True,27,0,0,2,0,0,0,0,0,0,0,0,1,28,8,0.0,0.5,0.1,0,0,0,0,15,3,1
399,11,2,False,81,1,2,0,0,1,0,0,0,1,0,0,3,60,14,0.35,0.55,0.66,3,0,3,0,15,8,2
399,26,3,True,0,0,0,0,0,0,0,0,0,0,0,0,0,0,0,0.0,0.0,0.0,0,0,0,0,15,7,3
4,1,1,True,90,1,0,0,1,0,0,0,0,1,0,0,0,21,5,0.05,0.01,0.2,4,4,2,0,1,7,1
4,20,2,False,90,1,0,0,1,0,0,0,0,0,0,0,0,23,8,0.13,0.02,0.33,10,8,5,2,1,2,2
4,29,3,True,0,0,0,0,0,0,0,0,0,0,0,0,0,0,0,0.0,0.0,0.0,0,0,0,0,1,6,3
40,10,1,False,81,1,1,0,0,2,0,0,0,0,0,0,1,37,8,0.96,0.1,1.24,7,0,5,2,6,10,1
40,16,2,True,90,1,0,1,0,3,0,0,0,0,0,0,0,28,5,0.14,1.01,1.41,5,1,3,1,6,5,2
40,29,3,False,0,0,0,0,0,0,0,0,0,0,0,0,0,0,0,0.0,0.0,0.0,0,0,0,0,6,1,3
400,8,1,True,0,0,0,0,0,0,0,0,0,0,0,0,0,0,0,0.0,0.0,0.0,0,0,0,0,15,3,1
400,11,2,False,0,0,0,0,0,0,0,0,0,0,0,0,0,0,0,0.0,0.0,0.0,0,0,0,0,15,8,2
400,26,3,True,0,0,0,0,0,0,0,0,0,0,0,0,0,0,0,0.0,0.0,0.0,0,0,0,0,15,7,3
401,8,1,True,0,0,0,0,0,0,0,0,0,0,0,0,0,0,0,0.0,0.0,0.0,0,0,0,0,15,3,1
401,15,2,True,90,1,0,0,0,2,0,0,0,0,0,0,0,14,2,0.17,0.07,0.72,4,0,3,1,19,17,2
401,28,3,False,0,0,0,0,0,0,0,0,0,0,0,0,0,0,0,0.0,0.0,0.0,0,0,0,0,19,18,3
402,8,1,True,0,0,0,0,0,0,0,0,0,0,0,0,0,0,0,0.0,0.0,0.0,0,0,0,0,15,3,1
402,11,2,False,0,0,0,0,0,0,0,0,0,0,0,0,0,0,0,0.0,0.0,0.0,0,0,0,0,15,8,2
402,26,3,True,0,0,0,0,0,0,0,0,0,0,0,0,0,0,0,0.0,0.0,0.0,0,0,0,0,15,7,3
403,8,1,True,0,0,0,0,0,0,0,0,0,0,0,0,0,0,0,0.0,0.0,0.0,0,0,0,0,15,3,1
403,15,2,True,0,0,0,0,0,0,0,0,0,0,0,0,0,0,0,0.0,0.0,0.0,0,0,0,0,19,17,2
403,28,3,False,0,0,0,0,0,0,0,0,0,0,0,0,0,0,0,0.0,0.0,0.0,0,0,0,0,19,18,3
404,8,1,True,0,0,0,0,0,0,0,0,0,0,0,0,0,0,0,0.0,0.0,0.0,0,0,0,0,15,3,1
404,11,2,False,0,0,0,0,0,0,0,0,0,0,0,0,0,0,0,0.0,0.0,0.0,0,0,0,0,15,8,2
404,26,3,True,0,0,0,0,0,0,0,0,0,0,0,0,0,0,0,0.0,0.0,0.0,0,0,0,0,15,7,3
405,8,1,True,0,0,0,0,0,0,0,0,0,0,0,0,0,0,0,0.0,0.0,0.0,0,0,0,0,15,3,1
405,15,2,False,70,1,0,0,1,0,0,0,0,1,0,0,0,9,2,0.0,0.2,0.74,4,2,2,0,17,19,2
405,27,3,True,45,1,0,0,0,2,0,0,0,0,0,0,0,8,1,0.0,0.01,1.42,6,1,5,0,17,3,3
406,8,1,True,27,0,0,0,0,0,0,0,0,0,0,0,0,3,1,0.0,0.01,0.1,2,0,2,0,15,3,1
406,11,2,False,15,0,0,0,0,0,0,0,0,0,0,0,0,9,1,0.0,0.01,0.0,0,0,0,0,15,8,2
406,26,3,True,0,0,0,0,0,0,0,0,0,0,0,0,0,0,0,0.0,0.0,0.0,0,0,0,0,15,7,3
407,8,1,True,0,0,0,0,0,0,0,0,0,0,0,0,0,0,0,0.0,0.0,0.0,0,0,0,0,15,3,1
407,11,2,False,0,0,0,0,0,0,0,0,0,0,0,0,0,0,0,0.0,0.0,0.0,0,0,0,0,15,8,2
407,26,3,True,0,0,0,0,0,0,0,0,0,0,0,0,0,0,0,0.0,0.0,0.0,0,0,0,0,15,7,3
408,8,1,True,0,0,0,0,0,0,0,0,0,0,0,0,0,0,0,0.0,0.0,0.0,0,0,0,0,15,3,1
408,11,2,False,0,0,0,0,0,0,0,0,0,0,0,0,0,0,0,0.0,0.0,0.0,0,0,0,0,15,8,2
408,26,3,True,0,0,0,0,0,0,0,0,0,0,0,0,0,0,0,0.0,0.0,0.0,0,0,0,0,15,7,3
409,8,1,True,0,0,0,0,0,0,0,0,0,0,0,0,0,0,0,0.0,0.0,0.0,0,0,0,0,15,3,1
409,11,2,False,0,0,0,0,0,0,0,0,0,0,0,0,0,0,0,0.0,0.0,0.0,0,0,0,0,15,8,2
409,26,3,True,0,0,0,0,0,0,0,0,0,0,0,0,0,0,0,0.0,0.0,0.0,0,0,0,0,15,7,3
41,7,1,False,85,1,0,0,0,4,0,0,0,0,0,0,0,4,2,0.13,0.09,3.62,7,3,3,1,2,5,1
41,20,2,True,90,1,0,0,0,1,0,0,0,0,0,0,0,9,2,0.04,0.02,1.04,5,0,4,1,2,1,2
41,25,3,False,0,0,0,0,0,0,0,0,0,0,0,0,0,0,0,0.0,0.0,0.0,0,0,0,0,2,11,3
410,8,1,True,0,0,0,0,0,0,0,0,0,0,0,0,0,0,0,0.0,0.0,0.0,0,0,0,0,15,3,1
410,11,2,False,0,0,0,0,0,0,0,0,0,0,0,0,0,0,0,0.0,0.0,0.0,0,0,0,0,15,8,2
410,26,3,True,0,0,0,0,0,0,0,0,0,0,0,0,0,0,0,0.0,0.0,0.0,0,0,0,0,15,7,3
411,8,1,True,90,1,0,0,0,1,0,0,0,0,0,0,0,6,2,0.74,0.02,0.65,3,0,3,0,15,3,1
411,11,2,False,90,1,2,0,0,1,0,0,0,0,0,0,3,60,13,0.66,0.0,0.66,5,3,2,0,15,8,2
411,26,3,True,0,0,0,0,0,0,0,0,0,0,0,0,0,0,0,0.0,0.0,0.0,0,0,0,0,15,7,3
412,4,1,False,90,1,0,0,0,2,0,0,0,0,0,2,0,7,1,0.0,0.0,1.01,0,2,8,0,16,11,1
412,18,2,True,90,1,0,0,0,2,0,0,0,0,0,3,0,11,2,0.0,0.0,2.06,0,1,6,0,16,12,2
412,30,3,False,0,0,0,0,0,0,0,0,0,0,0,0,0,0,0,0.0,0.0,0.0,0,0,0,0,16,9,3
413,4,1,False,0,0,0,0,0,0,0,0,0,0,0,0,0,0,0,0.0,0.0,0.0,0,0,0,0,16,11,1
413,18,2,True,0,0,0,0,0,0,0,0,0,0,0,0,0,0,0,0.0,0.0,0.0,0,0,0,0,16,12,2
413,30,3,False,0,0,0,0,0,0,0,0,0,0,0,0,0,0,0,0.0,0.0,0.0,0,0,0,0,16,9,3
414,4,1,False,0,0,0,0,0,0,0,0,0,0,0,0,0,0,0,0.0,0.0,0.0,0,0,0,0,16,11,1
414,18,2,True,0,0,0,0,0,0,0,0,0,0,0,0,0,0,0,0.0,0.0,0.0,0,0,0,0,16,12,2
414,30,3,False,0,0,0,0,0,0,0,0,0,0,0,0,0,0,0,0.0,0.0,0.0,0,0,0,0,16,9,3
415,4,1,False,45,1,0,0,0,2,0,0,0,1,0,0,0,-11,0,0.47,0.03,0.92,1,1,0,0,16,11,1
415,18,2,True,10,0,0,0,0,1,0,0,0,0,0,0,0,4,1,0.18,0.01,1.0,2,1,0,1,16,12,2
415,30,3,False,0,0,0,0,0,0,0,0,0,0,0,0,0,0,0,0.0,0.0,0.0,0,0,0,0,16,9,3
416,4,1,False,0,0,0,0,0,0,0,0,0,0,0,0,0,0,0,0.0,0.0,0.0,0,0,0,0,16,11,1
416,18,2,True,0,0,0,0,0,0,0,0,0,0,0,0,0,0,0,0.0,0.0,0.0,0,0,0,0,16,12,2
416,30,3,False,0,0,0,0,0,0,0,0,0,0,0,0,0,0,0,0.0,0.0,0.0,0,0,0,0,16,9,3
417,4,1,False,10,0,0,0,0,0,0,0,0,0,0,0,0,6,1,0.0,0.0,0.0,3,1,1,2,16,11,1
417,18,2,True,73,1,0,0,0,1,0,0,0,0,0,0,0,12,2,0.15,0.12,1.06,4,4,1,0,16,12,2
417,30,3,False,0,0,0,0,0,0,0,0,0,0,0,0,0,0,0,0.0,0.0,0.0,0,0,0,0,16,9,3
418,4,1,False,90,1,0,0,0,2,0,0,0,0,0,0,0,15,1,0.04,0.4,1.01,4,4,5,0,16,11,1
418,18,2,True,90,1,0,1,0,2,0,0,0,0,0,0,0,13,4,0.03,0.01,2.06,5,4,4,1,16,12,2
418,30,3,False,0,0,0,0,0,0,0,0,0,0,0,0,0,0,0,0.0,0.0,0.0,0,0,0,0,16,9,3
419,4,1,False,0,0,0,0,0,0,0,0,0,0,0,0,0,0,0,0.0,0.0,0.0,0,0,0,0,16,11,1
419,18,2,True,90,1,0,0,0,2,0,0,0,0,0,0,0,2,1,0.03,0.06,2.06,0,0,6,0,16,12,2
419,30,3,False,0,0,0,0,0,0,0,0,0,0,0,0,0,0,0,0.0,0.0,0.0,0,0,0,0,16,9,3
42,3,1,False,27,0,0,0,0,0,0,0,0,0,0,0,0,3,1,0.03,0.02,0.14,1,0,0,1,8,9,1
42,11,2,True,27,0,0,0,0,1,0,0,0,0,0,0,0,3,1,0.0,0.01,0.2,1,1,0,0,8,15,2
42,24,3,False,0,0,0,0,0,0,0,0,0,0,0,0,0,0,0,0.0,0.0,0.0,0,0,0,0,8,10,3
420,4,1,False,0,0,0,0,0,0,0,0,0,0,0,0,0,0,0,0.0,0.0,0.0,0,0,0,0,16,11,1
420,18,2,True,16,0,0,0,0,1,0,0,0,0,0,0,0,-2,1,0.0,0.01,1.0,2,2,1,0,16,12,2
420,30,3,False,0,0,0,0,0,0,0,0,0,0,0,0,0,0,0,0.0,0.0,0.0,0,0,0,0,16,9,3
421,4,1,False,90,1,0,0,0,2,0,0,0,0,0,0,0,5,1,0.12,0.04,1.01,2,1,4,1,16,11,1
421,18,2,True,0,0,0,0,0,0,0,0,0,0,0,0,0,0,0,0.0,0.0,0.0,0,0,0,0,16,12,2
421,30,3,False,0,0,0,0,0,0,0,0,0,0,0,0,0,0,0,0.0,0.0,0.0,0,0,0,0,16,9,3
422,4,1,False,79,1,0,0,0,2,0,0,0,0,0,0,0,8,1,0.22,0.05,1.01,5,4,3,1,16,11,1
422,18,2,True,17,0,0,0,0,1,0,0,0,0,0,0,0,-1,1,0.0,0.0,1.0,0,0,0,0,16,12,2
422,30,3,False,0,0,0,0,0,0,0,0,0,0,0,0,0,0,0,0.0,0.0,0.0,0,0,0,0,16,9,3
423,4,1,False,90,1,0,0,0,2,0,0,0,0,0,0,0,13,1,0.0,0.26,1.01,4,3,3,1,16,11,1
423,18,2,True,72,1,0,0,0,1,0,0,0,0,0,0,0,12,2,0.0,0.02,1.06,8,4,2,4,16,12,2
423,30,3,False,0,0,0,0,0,0,0,0,0,0,0,0,0,0,0,0.0,0.0,0.0,0,0,0,0,16,9,3
424,4,1,False,0,0,0,0,0,0,0,0,0,0,0,0,0,0,0,0.0,0.0,0.0,0,0,0,0,16,11,1
424,18,2,True,0,0,0,0,0,0,0,0,0,0,0,0,0,0,0,0.0,0.0,0.0,0,0,0,0,16,12,2
424,30,3,False,0,0,0,0,0,0,0,0,0,0,0,0,0,0,0,0.0,0.0,0.0,0,0,0,0,16,9,3
425,4,1,False,0,0,0,0,0,0,0,0,0,0,0,0,0,0,0,0.0,0.0,0.0,0,0,0,0,16,11,1
425,18,2,True,0,0,0,0,0,0,0,0,0,0,0,0,0,0,0,0.0,0.0,0.0,0,0,0,0,16,12,2
425,30,3,False,0,0,0,0,0,0,0,0,0,0,0,0,0,0,0,0.0,0.0,0.0,0,0,0,0,16,9,3
426,4,1,False,90,1,0,0,0,2,0,0,0,0,0,0,0,18,2,0.08,0.26,1.01,6,1,5,0,16,11,1
426,18,2,True,90,1,3,1,0,2,0,0,0,0,0,0,3,87,23,2.02,0.48,2.06,8,1,5,2,16,12,2
426,30,3,False,0,0,0,0,0,0,0,0,0,0,0,0,0,0,0,0.0,0.0,0.0,0,0,0,0,16,9,3
427,4,1,False,90,1,0,0,0,2,0,0,0,0,0,0,0,12,2,0.5,0.23,1.01,4,0,4,0,16,11,1
427,18,2,True,90,1,1,1,0,2,0,0,0,1,0,0,2,37,11,1.76,0.21,2.06,5,0,2,3,16,12,2
427,30,3,False,0,0,0,0,0,0,0,0,0,0,0,0,0,0,0,0.0,0.0,0.0,0,0,0,0,16,9,3
428,4,1,False,79,1,0,0,0,2,0,0,0,0,0,0,0,14,2,0.24,0.21,1.01,3,0,3,0,16,11,1
428,18,2,True,79,1,0,2,0,1,0,0,0,0,0,0,1,31,9,0.11,0.15,1.06,2,0,2,0,16,12,2
428,30,3,False,0,0,0,0,0,0,0,0,0,0,0,0,0,0,0,0.0,0.0,0.0,0,0,0,0,16,9,3
429,4,1,False,45,0,0,0,0,0,0,0,0,0,0,0,0,9,1,0.0,0.1,0.09,1,0,1,0,16,11,1
429,18,2,True,79,1,0,0,0,1,0,0,0,0,0,0,0,17,2,0.26,0.05,1.06,6,0,3,3,16,12,2
429,30,3,False,0,0,0,0,0,0,0,0,0,0,0,0,0,0,0,0.0,0.0,0.0,0,0,0,0,16,9,3
43,4,1,False,66,1,0,0,0,2,0,0,0,0,0,0,0,13,2,0.04,0.11,0.94,5,0,5,0,16,11,1
43,18,2,True,90,1,0,0,0,2,0,0,0,0,0,0,0,26,4,0.47,0.11,2.06,13,4,7,2,16,12,2
43,30,3,False,0,0,0,0,0,0,0,0,0,0,0,0,0,0,0,0.0,0.0,0.0,0,0,0,0,16,9,3
430,4,1,False,0,0,0,0,0,0,0,0,0,0,0,0,0,0,0,0.0,0.0,0.0,0,0,0,0,16,11,1
430,18,2,True,0,0,0,0,0,0,0,0,0,0,0,0,0,0,0,0.0,0.0,0.0,0,0,0,0,16,12,2
430,30,3,False,0,0,0,0,0,0,0,0,0,0,0,0,0,0,0,0.0,0.0,0.0,0,0,0,0,16,9,3
431,4,1,False,0,0,0,0,0,0,0,0,0,0,0,0,0,0,0,0.0,0.0,0.0,0,0,0,0,16,11,1
431,18,2,True,0,0,0,0,0,0,0,0,0,0,0,0,0,0,0,0.0,0.0,0.0,0,0,0,0,16,12,2
431,30,3,False,0,0,0,0,0,0,0,0,0,0,0,0,0,0,0,0.0,0.0,0.0,0,0,0,0,16,9,3
432,4,1,False,23,0,0,0,0,0,0,0,0,0,0,0,0,7,1,0.07,0.01,0.07,1,0,1,0,16,11,1
432,18,2,True,79,1,0,0,0,1,0,0,0,0,0,0,0,25,4,0.14,0.27,1.06,15,2,10,3,16,12,2
432,30,3,False,0,0,0,0,0,0,0,0,0,0,0,0,0,0,0,0.0,0.0,0.0,0,0,0,0,16,9,3
433,4,1,False,0,0,0,0,0,0,0,0,0,0,0,0,0,0,0,0.0,0.0,0.0,0,0,0,0,16,11,1
433,18,2,True,0,0,0,0,0,0,0,0,0,0,0,0,0,0,0,0.0,0.0,0.0,0,0,0,0,16,12,2
433,30,3,False,0,0,0,0,0,0,0,0,0,0,0,0,0,0,0,0.0,0.0,0.0,0,0,0,0,16,9,3
434,4,1,False,0,0,0,0,0,0,0,0,0,0,0,0,0,0,0,0.0,0.0,0.0,0,0,0,0,16,11,1
434,18,2,True,0,0,0,0,0,0,0,0,0,0,0,0,0,0,0,0.0,0.0,0.0,0,0,0,0,16,12,2
434,30,3,False,0,0,0,0,0,0,0,0,0,0,0,0,0,0,0,0.0,0.0,0.0,0,0,0,0,16,9,3
435,4,1,False,10,0,0,0,0,0,0,0,0,0,0,0,0,3,1,0.0,0.0,0.0,1,0,1,0,16,11,1
435,18,2,True,0,0,0,0,0,0,0,0,0,0,0,0,0,0,0,0.0,0.0,0.0,0,0,0,0,16,12,2
435,30,3,False,0,0,0,0,0,0,0,0,0,0,0,0,0,0,0,0.0,0.0,0.0,0,0,0,0,16,9,3
436,4,1,False,0,0,0,0,0,0,0,0,0,0,0,0,0,0,0,0.0,0.0,0.0,0,0,0,0,16,11,1
436,18,2,True,0,0,0,0,0,0,0,0,0,0,0,0,0,0,0,0.0,0.0,0.0,0,0,0,0,16,12,2
436,30,3,False,0,0,0,0,0,0,0,0,0,0,0,0,0,0,0,0.0,0.0,0.0,0,0,0,0,16,9,3
437,4,1,False,0,0,0,0,0,0,0,0,0,0,0,0,0,0,0,0.0,0.0,0.0,0,0,0,0,16,11,1
437,18,2,True,0,0,0,0,0,0,0,0,0,0,0,0,0,0,0,0.0,0.0,0.0,0,0,0,0,16,12,2
437,30,3,False,0,0,0,0,0,0,0,0,0,0,0,0,0,0,0,0.0,0.0,0.0,0,0,0,0,16,9,3
438,4,1,False,0,0,0,0,0,0,0,0,0,0,0,0,0,0,0,0.0,0.0,0.0,0,0,0,0,16,11,1
438,18,2,True,0,0,0,0,0,0,0,0,0,0,0,0,0,0,0,0.0,0.0,0.0,0,0,0,0,16,12,2
438,30,3,False,0,0,0,0,0,0,0,0,0,0,0,0,0,0,0,0.0,0.0,0.0,0,0,0,0,16,9,3
439,4,1,False,23,0,0,0,0,0,0,0,0,0,0,0,0,2,1,0.04,0.0,0.07,0,0,0,0,16,11,1
439,18,2,True,10,0,0,0,0,1,0,0,0,0,0,0,0,5,1,0.0,0.01,1.0,3,0,3,0,16,12,2
439,30,3,False,0,0,0,0,0,0,0,0,0,0,0,0,0,0,0,0.0,0.0,0.0,0,0,0,0,16,9,3
44,7,1,False,0,0,0,0,0,0,0,0,0,0,0,0,0,0,0,0.0,0.0,0.0,0,0,0,0,2,5,1
44,20,2,True,0,0,0,0,0,0,0,0,0,0,0,0,0,0,0,0.0,0.0,0.0,0,0,0,0,2,1,2
44,25,3,False,0,0,0,0,0,0,0,0,0,0,0,0,0,0,0,0.0,0.0,0.0,0,0,0,0,2,11,3
440,4,1,False,0,0,0,0,0,0,0,0,0,0,0,0,0,0,0,0.0,0.0,0.0,0,0,0,0,16,11,1
440,18,2,True,0,0,0,0,0,0,0,0,0,0,0,0,0,0,0,0.0,0.0,0.0,0,0,0,0,16,12,2
440,30,3,False,0,0,0,0,0,0,0,0,0,0,0,0,0,0,0,0.0,0.0,0.0,0,0,0,0,16,9,3
441,4,1,False,0,0,0,0,0,0,0,0,0,0,0,0,0,0,0,0.0,0.0,0.0,0,0,0,0,16,11,1
441,18,2,True,0,0,0,0,0,0,0,0,0,0,0,0,0,0,0,0.0,0.0,0.0,0,0,0,0,16,12,2
441,30,3,False,0,0,0,0,0,0,0,0,0,0,0,0,0,0,0,0.0,0.0,0.0,0,0,0,0,16,9,3
442,9,1,True,0,0,0,0,0,0,0,0,0,0,0,0,0,0,0,0.0,0.0,0.0,0,0,0,0,17,14,1
442,15,2,False,0,0,0,0,0,0,0,0,0,0,0,0,0,0,0,0.0,0.0,0.0,0,0,0,0,17,19,2
442,27,3,True,0,0,0,0,0,0,0,0,0,0,0,0,0,0,0,0.0,0.0,0.0,0,0,0,0,17,3,3
443,9,1,True,0,0,0,0,0,0,0,0,0,0,0,0,0,0,0,0.0,0.0,0.0,0,0,0,0,17,14,1
443,15,2,False,0,0,0,0,0,0,0,0,0,0,0,0,0,0,0,0.0,0.0,0.0,0,0,0,0,17,19,2
443,27,3,True,0,0,0,0,0,0,0,0,0,0,0,0,0,0,0,0.0,0.0,0.0,0,0,0,0,17,3,3
444,9,1,True,0,0,0,0,0,0,0,0,0,0,0,0,0,0,0,0.0,0.0,0.0,0,0,0,0,17,14,1
444,15,2,False,0,0,0,0,0,0,0,0,0,0,0,0,0,0,0,0.0,0.0,0.0,0,0,0,0,17,19,2
444,27,3,True,0,0,0,0,0,0,0,0,0,0,0,0,0,0,0,0.0,0.0,0.0,0,0,0,0,17,3,3
445,9,1,True,90,1,0,0,0,2,0,0,0,0,0,0,0,0,3,0.0,0.0,2.98,15,15,2,0,17,14,1
445,15,2,False,90,1,0,0,1,0,0,0,0,0,0,0,0,25,6,0.0,0.02,1.12,3,3,1,0,17,19,2
445,27,3,True,45,1,0,0,0,2,1,0,0,0,0,0,0,-10,-2,0.0,0.0,1.42,2,2,1,0,17,3,3
446,9,1,True,1,0,0,0,0,1,0,0,0,0,0,0,0,-1,1,0.0,0.0,0.79,0,0,0,0,17,14,1
446,15,2,False,0,0,0,0,0,0,0,0,0,0,0,0,0,0,0,0.0,0.0,0.0,0,0,0,0,17,19,2
446,27,3,True,0,0,0,0,0,0,0,0,0,0,0,0,0,0,0,0.0,0.0,0.0,0,0,0,0,17,3,3
447,9,1,True,90,1,0,0,0,2,0,0,0,0,0,0,0,4,3,0.0,0.01,2.98,10,10,2,0,17,14,1
447,15,2,False,90,1,0,0,1,0,0,0,0,1,0,0,0,22,5,0.01,0.0,1.12,5,4,4,1,17,19,2
447,27,3,True,45,1,0,0,0,2,0,0,0,0,0,0,0,-1,0,0.0,0.0,1.38,5,5,1,0,17,3,3
448,9,1,True,0,0,0,0,0,0,0,0,0,0,0,0,0,0,0,0.0,0.0,0.0,0,0,0,0,17,14,1
448,15,2,False,0,0,0,0,0,0,0,0,0,0,0,0,0,0,0,0.0,0.0,0.0,0,0,0,0,17,19,2
448,27,3,True,0,0,0,0,0,0,0,0,0,0,0,0,0,0,0,0.0,0.0,0.0,0,0,0,0,17,3,3
449,9,1,True,90,1,0,0,0,2,0,0,0,0,0,0,0,8,3,0.0,0.35,2.98,11,6,8,5,17,14,1
449,15,2,False,90,1,0,0,1,0,0,0,0,0,0,0,3,52,11,0.03,0.31,1.12,13,11,6,2,17,19,2
449,27,3,True,45,1,0,1,0,2,0,0,0,0,0,0,0,10,3,0.0,0.01,1.42,4,3,8,1,17,3,3
45,7,1,False,81,1,0,0,0,4,0,0,0,1,0,0,0,8,1,0.04,0.01,3.62,6,2,3,1,2,5,1
45,20,2,True,90,1,0,0,0,1,0,0,0,1,0,0,0,2,1,0.05,0.05,1.04,4,1,2,1,2,1,2
45,25,3,False,0,0,0,0,0,0,0,0,0,0,0,0,0,0,0,0.0,0.0,0.0,0,0,0,0,2,11,3
450,9,1,True,0,0,0,0,0,0,0,0,0,0,0,0,0,0,0,0.0,0.0,0.0,0,0,0,0,17,14,1
450,15,2,False,0,0,0,0,0,0,0,0,0,0,0,0,0,0,0,0.0,0.0,0.0,0,0,0,0,17,19,2
450,27,3,True,0,0,0,0,0,0,0,0,0,0,0,0,0,0,0,0.0,0.0,0.0,0,0,0,0,17,3,3
451,9,1,True,0,0,0,0,0,0,0,0,0,0,0,0,0,0,0,0.0,0.0,0.0,0,0,0,0,17,14,1
451,15,2,False,0,0,0,0,0,0,0,0,0,0,0,0,0,0,0,0.0,0.0,0.0,0,0,0,0,17,19,2
451,27,3,True,0,0,0,0,0,0,0,0,0,0,0,0,0,0,0,0.0,0.0,0.0,0,0,0,0,17,3,3
452,1,1,True,0,0,0,0,0,0,0,0,0,0,0,0,0,0,0,0.0,0.0,0.0,0,0,0,0,1,7,1
452,20,2,False,19,0,0,0,0,0,0,0,0,0,0,0,0,4,1,0.0,0.01,0.0,3,0,3,0,1,2,2
452,29,3,True,0,0,0,0,0,0,0,0,0,0,0,0,0,0,0,0.0,0.0,0.0,0,0,0,0,1,6,3
453,9,1,True,90,1,0,0,0,2,0,0,0,0,0,0,0,12,2,0.07,0.02,2.98,8,3,4,1,17,14,1
453,15,2,False,90,1,0,0,1,0,0,0,0,0,0,0,0,9,3,0.04,0.01,1.12,4,2,0,2,17,19,2
453,27,3,True,45,1,1,0,0,2,0,0,0,0,0,0,1,23,7,0.05,0.0,1.38,2,1,1,0,17,3,3
454,9,1,True,75,1,1,0,0,1,0,0,0,0,0,0,2,31,9,0.22,0.01,1.94,2,1,1,0,17,14,1
454,15,2,False,81,1,1,0,1,0,0,0,0,0,0,0,0,32,8,0.2,0.1,0.74,3,0,1,2,17,19,2
454,27,3,True,45,1,0,0,0,2,0,0,0,1,0,0,0,0,0,0.0,0.04,1.42,4,1,1,2,17,3,3
455,2,1,False,90,1,0,0,0,3,0,0,0,0,0,0,0,14,2,0.04,0.06,3.87,4,0,3,1,19,4,1
455,15,2,True,74,1,0,0,0,2,0,0,0,0,0,0,0,16,2,0.05,0.02,0.72,4,1,3,0,19,17,2
455,28,3,False,0,0,0,0,0,0,0,0,0,0,0,0,0,0,0,0.0,0.0,0.0,0,0,0,0,19,18,3
456,9,1,True,34,0,0,0,0,1,0,0,0,1,0,0,0,1,0,0.06,0.01,1.5,6,3,1,2,17,14,1
456,15,2,False,8,0,0,0,0,0,0,0,0,0,0,0,0,3,1,0.0,0.13,0.38,1,0,1,0,17,19,2
456,27,3,True,0,0,0,0,0,0,0,0,0,0,0,0,0,0,0,0.0,0.0,0.0,0,0,0,0,17,3,3
457,9,1,True,14,0,0,0,0,1,0,0,0,1,0,0,0,-1,0,0.0,0.0,1.04,2,1,1,0,17,14,1
457,15,2,False,8,0,0,0,0,0,0,0,0,0,0,0,0,3,1,0.0,0.2,0.38,3,0,2,1,17,19,2
457,27,3,True,0,0,0,0,0,0,0,0,0,0,0,0,0,0,0,0.0,0.0,0.0,0,0,0,0,17,3,3
458,9,1,True,0,0,0,0,0,0,0,0,0,0,0,0,0,0,0,0.0,0.0,0.0,0,0,0,0,17,14,1
458,15,2,False,0,0,0,0,0,0,0,0,0,0,0,0,0,0,0,0.0,0.0,0.0,0,0,0,0,17,19,2
458,27,3,True,0,0,0,0,0,0,0,0,0,0,0,0,0,0,0,0.0,0.0,0.0,0,0,0,0,17,3,3
459,9,1,True,75,1,0,0,0,1,0,0,0,1,0,0,0,13,3,0.05,0.01,1.94,13,6,6,1,17,14,1
459,15,2,False,90,1,0,0,1,0,0,0,0,0,0,0,0,16,3,0.0,0.04,1.12,9,3,6,0,17,19,2
459,27,3,True,45,1,0,0,0,2,0,0,0,0,0,0,0,3,1,0.0,0.01,1.42,3,1,2,0,17,3,3
46,7,1,False,73,1,0,0,0,4,0,0,0,0,0,0,0,11,2,0.1,0.02,3.55,1,1,0,0,2,5,1
46,20,2,True,77,1,0,0,0,1,0,0,0,0,0,0,0,23,2,0.03,0.02,1.04,10,1,6,3,2,1,2
46,25,3,False,0,0,0,0,0,0,0,0,0,0,0,0,0,0,0,0.0,0.0,0.0,0,0,0,0,2,11,3
460,9,1,True,34,0,1,0,0,1,0,0,0,0,0,0,0,28,6,0.09,0.17,1.5,3,0,1,2,17,14,1
460,15,2,False,70,1,0,0,1,0,0,0,0,0,0,0,0,0,3,0.07,0.02,0.74,2,1,1,0,17,19,2
460,27,3,True,44,1,0,0,0,2,0,0,0,0,0,0,0,7,1,0.02,0.0,1.38,3,1,1,1,17,3,3
461,9,1,True,0,0,0,0,0,0,0,0,0,0,0,0,0,0,0,0.0,0.0,0.0,0,0,0,0,17,14,1
461,15,2,False,1,0,0,0,0,0,0,0,0,0,0,0,0,3,1,0.0,0.0,0.0,0,0,0,0,17,19,2
461,27,3,True,0,0,0,0,0,0,0,0,0,0,0,0,0,0,0,0.0,0.0,0.0,0,0,0,0,17,3,3
462,9,1,True,55,1,0,0,0,1,0,0,0,0,0,0,0,3,1,0.0,0.0,1.48,2,0,2,0,17,14,1
462,15,2,False,19,0,0,0,0,0,0,0,0,0,0,0,0,4,1,0.0,0.0,0.38,3,3,0,0,17,19,2
462,27,3,True,0,0,0,0,0,0,0,0,0,0,0,0,0,0,0,0.0,0.0,0.0,0,0,0,0,17,3,3
463,9,1,True,0,0,0,0,0,0,0,0,0,0,0,0,0,0,0,0.0,0.0,0.0,0,0,0,0,17,14,1
463,15,2,False,19,0,0,1,0,0,0,0,0,0,0,0,0,18,4,0.02,0.01,0.38,0,0,0,0,17,19,2
463,27,3,True,0,0,0,0,0,0,0,0,0,0,0,0,0,0,0,0.0,0.0,0.0,0,0,0,0,17,3,3
464,9,1,True,90,1,0,1,0,1,0,0,0,1,0,0,0,7,4,1.0,0.02,2.19,8,1,3,4,17,14,1
464,15,2,False,81,1,1,0,1,0,0,0,0,0,0,0,2,37,8,0.35,0.0,0.74,6,1,4,1,17,19,2
464,27,3,True,45,1,0,0,0,2,0,0,0,0,0,0,0,2,1,0.0,0.0,1.42,2,0,2,0,17,3,3
465,9,1,True,55,1,0,1,0,1,0,0,0,0,0,0,0,18,4,0.06,0.14,1.48,5,2,2,1,17,14,1
465,15,2,False,0,0,0,0,0,0,0,0,0,0,0,0,0,0,0,0.0,0.0,0.0,0,0,0,0,17,19,2
465,27,3,True,0,0,0,0,0,0,0,0,0,0,0,0,0,0,0,0.0,0.0,0.0,0,0,0,0,17,3,3
466,9,1,True,0,0,0,0,0,0,0,0,0,0,0,0,0,0,0,0.0,0.0,0.0,0,0,0,0,17,14,1
466,15,2,False,0,0,0,0,0,0,0,0,0,0,0,0,0,0,0,0.0,0.0,0.0,0,0,0,0,17,19,2
466,27,3,True,0,0,0,0,0,0,0,0,0,0,0,0,0,0,0,0.0,0.0,0.0,0,0,0,0,17,3,3
467,6,1,True,90,1,0,0,0,1,0,0,0,0,0,2,0,11,2,0.0,0.0,0.47,0,0,9,0,18,13,1
467,14,2,False,90,1,0,0,0,2,0,0,0,0,0,2,0,6,1,0.0,0.01,1.75,0,3,6,0,18,14,2
467,28,3,True,0,0,0,0,0,0,0,0,0,0,0,0,0,0,0,0.0,0.0,0.0,0,0,0,0,18,19,3
468,6,1,True,0,0,0,0,0,0,0,0,0,0,0,0,0,0,0,0.0,0.0,0.0,0,0,0,0,18,13,1
468,14,2,False,0,0,0,0,0,0,0,0,0,0,0,0,0,0,0,0.0,0.0,0.0,0,0,0,0,18,14,2
468,28,3,True,0,0,0,0,0,0,0,0,0,0,0,0,0,0,0,0.0,0.0,0.0,0,0,0,0,18,19,3
469,6,1,True,90,1,0,0,0,1,0,0,0,0,0,0,0,13,2,0.0,0.02,0.47,6,3,10,3,18,13,1
469,14,2,False,90,1,0,1,0,2,0,0,0,0,0,0,0,16,6,0.12,0.15,1.75,12,6,1,6,18,14,2
469,28,3,True,0,0,0,0,0,0,0,0,0,0,0,0,0,0,0,0.0,0.0,0.0,0,0,0,0,18,19,3
47,7,1,False,90,1,0,0,0,4,0,0,0,0,0,0,0,9,2,0.0,0.0,3.77,7,3,2,2,2,5,1
47,20,2,True,90,1,0,0,0,1,0,0,0,0,0,0,0,13,2,0.0,0.03,1.04,8,3,4,1,2,1,2
47,25,3,False,0,0,0,0,0,0,0,0,0,0,0,0,0,0,0,0.0,0.0,0.0,0,0,0,0,2,11,3
470,6,1,True,0,0,0,0,0,0,0,0,0,0,0,0,0,0,0,0.0,0.0,0.0,0,0,0,0,18,13,1
470,14,2,False,0,0,0,0,0,0,0,0,0,0,0,0,0,0,0,0.0,0.0,0.0,0,0,0,0,18,14,2
470,28,3,True,0,0,0,0,0,0,0,0,0,0,0,0,0,0,0,0.0,0.0,0.0,0,0,0,0,18,19,3
471,6,1,True,90,1,0,0,0,1,0,0,0,0,0,0,0,4,2,0.11,0.02,0.47,7,7,6,0,18,13,1
471,14,2,False,90,1,0,0,0,2,0,0,0,0,0,0,0,3,3,0.0,0.0,1.75,13,10,3,3,18,14,2
471,28,3,True,0,0,0,0,0,0,0,0,0,0,0,0,0,0,0,0.0,0.0,0.0,0,0,0,0,18,19,3
472,6,1,True,90,1,0,0,0,1,0,0,0,0,0,0,0,15,4,0.0,0.28,0.47,14,12,3,2,18,13,1
472,14,2,False,90,1,0,0,0,2,0,0,0,0,0,0,0,2,1,0.18,0.0,1.75,6,6,3,0,18,14,2
472,28,3,True,0,0,0,0,0,0,0,0,0,0,0,0,0,0,0,0.0,0.0,0.0,0,0,0,0,18,19,3
473,6,1,True,73,1,0,0,1,0,0,0,0,1,0,0,0,24,5,0.04,0.17,0.34,2,2,4,0,18,13,1
473,14,2,False,85,1,0,0,0,2,0,0,0,1,0,0,0,2,0,0.0,0.35,1.75,5,3,4,2,18,14,2
473,28,3,True,0,0,0,0,0,0,0,0,0,0,0,0,0,0,0,0.0,0.0,0.0,0,0,0,0,18,19,3
474,6,1,True,90,1,0,0,0,1,0,0,0,1,0,0,0,5,1,0.0,0.0,0.47,8,7,0,1,18,13,1
474,14,2,False,90,1,0,0,0,2,0,0,0,0,0,0,0,6,1,0.0,0.0,1.75,8,6,3,2,18,14,2
474,28,3,True,0,0,0,0,0,0,0,0,0,0,0,0,0,0,0,0.0,0.0,0.0,0,0,0,0,18,19,3
475,6,1,True,0,0,0,0,0,0,0,0,0,0,0,0,0,0,0,0.0,0.0,0.0,0,0,0,0,18,13,1
475,14,2,False,0,0,0,0,0,0,0,0,0,0,0,0,0,0,0,0.0,0.0,0.0,0,0,0,0,18,14,2
475,28,3,True,0,0,0,0,0,0,0,0,0,0,0,0,0,0,0,0.0,0.0,0.0,0,0,0,0,18,19,3
476,6,1,True,0,0,0,0,0,0,0,0,0,0,0,0,0,0,0,0.0,0.0,0.0,0,0,0,0,18,13,1
476,14,2,False,0,0,0,0,0,0,0,0,0,0,0,0,0,0,0,0.0,0.0,0.0,0,0,0,0,18,14,2
476,28,3,True,0,0,0,0,0,0,0,0,0,0,0,0,0,0,0,0.0,0.0,0.0,0,0,0,0,18,19,3
477,6,1,True,0,0,0,0,0,0,0,0,0,0,0,0,0,0,0,0.0,0.0,0.0,0,0,0,0,18,13,1
477,14,2,False,0,0,0,0,0,0,0,0,0,0,0,0,0,0,0,0.0,0.0,0.0,0,0,0,0,18,14,2
477,28,3,True,0,0,0,0,0,0,0,0,0,0,0,0,0,0,0,0.0,0.0,0.0,0,0,0,0,18,19,3
478,6,1,True,16,0,0,0,0,1,0,0,0,0,0,0,0,-2,1,0.0,0.0,0.13,0,0,1,0,18,13,1
478,14,2,False,4,0,0,0,0,0,0,0,0,0,0,0,0,5,1,0.0,0.0,0.0,1,0,0,1,18,14,2
478,28,3,True,0,0,0,0,0,0,0,0,0,0,0,0,0,0,0,0.0,0.0,0.0,0,0,0,0,18,19,3
479,6,1,True,0,0,0,0,0,0,0,0,0,0,0,0,0,0,0,0.0,0.0,0.0,0,0,0,0,18,13,1
479,14,2,False,0,0,0,0,0,0,0,0,0,0,0,0,0,0,0,0.0,0.0,0.0,0,0,0,0,18,14,2
479,28,3,True,0,0,0,0,0,0,0,0,0,0,0,0,0,0,0,0.0,0.0,0.0,0,0,0,0,18,19,3
48,7,1,False,0,0,0,0,0,0,0,0,0,0,0,0,0,0,0,0.0,0.0,0.0,0,0,0,0,2,5,1
48,20,2,True,0,0,0,0,0,0,0,0,0,0,0,0,0,0,0,0.0,0.0,0.0,0,0,0,0,2,1,2
48,25,3,False,0,0,0,0,0,0,0,0,0,0,0,0,0,0,0,0.0,0.0,0.0,0,0,0,0,2,11,3
480,6,1,True,90,1,0,0,0,1,0,0,0,0,0,0,0,10,2,0.13,0.06,0.47,3,1,2,0,18,13,1
480,14,2,False,90,1,1,1,0,2,0,0,0,0,0,0,3,36,13,0.79,0.04,1.75,5,1,2,2,18,14,2
480,28,3,True,0,0,0,0,0,0,0,0,0,0,0,0,0,0,0,0.0,0.0,0.0,0,0,0,0,18,19,3
481,8,1,True,62,1,0,0,0,1,0,0,0,0,0,0,0,14,2,0.0,0.25,0.55,6,1,3,2,15,3,1
481,11,2,False,81,1,0,0,0,1,0,0,0,1,0,0,0,25,3,0.07,0.22,0.66,14,4,5,5,15,8,2
481,26,3,True,0,0,0,0,0,0,0,0,0,0,0,0,0,0,0,0.0,0.0,0.0,0,0,0,0,15,7,3
482,6,1,True,0,0,0,0,0,0,0,0,0,0,0,0,0,0,0,0.0,0.0,0.0,0,0,0,0,18,13,1
482,14,2,False,1,0,0,0,0,0,0,0,0,0,0,0,0,2,1,0.0,0.0,0.0,0,0,0,0,18,14,2
482,28,3,True,0,0,0,0,0,0,0,0,0,0,0,0,0,0,0,0.0,0.0,0.0,0,0,0,0,18,19,3
483,6,1,True,61,1,0,0,1,0,0,0,0,0,0,0,0,5,3,0.0,0.0,0.25,3,1,1,1,18,13,1
483,14,2,False,65,1,1,0,0,1,0,0,0,0,0,0,2,30,9,0.35,0.63,1.42,9,1,8,0,18,14,2
483,28,3,True,0,0,0,0,0,0,0,0,0,0,0,0,0,0,0,0.0,0.0,0.0,0,0,0,0,18,19,3
484,6,1,True,0,0,0,0,0,0,0,0,0,0,0,0,0,0,0,0.0,0.0,0.0,0,0,0,0,18,13,1
484,14,2,False,0,0,0,0,0,0,0,0,0,0,0,0,0,0,0,0.0,0.0,0.0,0,0,0,0,18,14,2
484,28,3,True,0,0,0,0,0,0,0,0,0,0,0,0,0,0,0,0.0,0.0,0.0,0,0,0,0,18,19,3
485,6,1,True,0,0,0,0,0,0,0,0,0,0,0,0,0,0,0,0.0,0.0,0.0,0,0,0,0,18,13,1
485,14,2,False,0,0,0,0,0,0,0,0,0,0,0,0,0,0,0,0.0,0.0,0.0,0,0,0,0,18,14,2
485,28,3,True,0,0,0,0,0,0,0,0,0,0,0,0,0,0,0,0.0,0.0,0.0,0,0,0,0,18,19,3
486,6,1,True,73,1,0,0,1,0,0,0,0,0,0,0,0,18,3,0.0,0.16,0.34,8,2,5,1,18,13,1
486,14,2,False,90,1,0,0,0,2,0,0,0,0,0,0,0,16,2,0.0,0.16,1.75,8,2,5,1,18,14,2
486,28,3,True,0,0,0,0,0,0,0,0,0,0,0,0,0,0,0,0.0,0.0,0.0,0,0,0,0,18,19,3
487,6,1,True,0,0,0,0,0,0,0,0,0,0,0,0,0,0,0,0.0,0.0,0.0,0,0,0,0,18,13,1
487,14,2,False,1,0,0,0,0,0,0,0,0,0,0,0,0,3,1,0.0,0.0,0.0,0,0,0,0,18,14,2
487,28,3,True,0,0,0,0,0,0,0,0,0,0,0,0,0,0,0,0.0,0.0,0.0,0,0,0,0,18,19,3
488,6,1,True,90,1,0,0,0,1,0,0,0,0,0,0,0,10,2,0.03,0.01,0.47,6,3,3,0,18,13,1
488,14,2,False,0,0,0,0,0,0,0,0,0,0,0,0,0,0,0,0.0,0.0,0.0,0,0,0,0,18,14,2
488,28,3,True,0,0,0,0,0,0,0,0,0,0,0,0,0,0,0,0.0,0.0,0.0,0,0,0,0,18,19,3
489,6,1,True,0,0,0,0,0,0,0,0,0,0,0,0,0,0,0,0.0,0.0,0.0,0,0,0,0,18,13,1
489,14,2,False,0,0,0,0,0,0,0,0,0,0,0,0,0,0,0,0.0,0.0,0.0,0,0,0,0,18,14,2
489,28,3,True,0,0,0,0,0,0,0,0,0,0,0,0,0,0,0,0.0,0.0,0.0,0,0,0,0,18,19,3
49,7,1,False,0,0,0,0,0,0,0,0,0,0,0,0,0,0,0,0.0,0.0,0.0,0,0,0,0,2,5,1
49,20,2,True,0,0,0,0,0,0,0,0,0,0,0,0,0,0,0,0.0,0.0,0.0,0,0,0,0,2,1,2
49,25,3,False,0,0,0,0,0,0,0,0,0,0,0,0,0,0,0,0.0,0.0,0.0,0,0,0,0,2,11,3
490,6,1,True,28,0,0,0,0,1,0,0,0,0,0,0,0,3,1,0.12,0.01,0.22,1,0,1,0,18,13,1
490,14,2,False,0,0,0,0,0,0,0,0,0,0,0,0,0,0,0,0.0,0.0,0.0,0,0,0,0,18,14,2
490,28,3,True,0,0,0,0,0,0,0,0,0,0,0,0,0,0,0,0.0,0.0,0.0,0,0,0,0,18,19,3
491,6,1,True,90,1,0,0,0,1,0,0,0,0,0,0,0,8,2,0.22,0.02,0.47,3,2,1,0,18,13,1
491,14,2,False,90,1,0,0,0,2,0,0,0,1,0,0,0,4,1,0.74,0.04,1.75,5,3,1,1,18,14,2
491,28,3,True,0,0,0,0,0,0,0,0,0,0,0,0,0,0,0,0.0,0.0,0.0,0,0,0,0,18,19,3
492,1,1,False,20,0,0,0,0,0,0,0,0,0,0,0,0,4,1,0.0,0.0,0.29,1,0,1,0,7,1,1
492,13,2,True,90,1,0,0,0,1,0,0,0,0,0,0,0,6,2,0.93,0.03,0.72,3,1,2,0,7,11,2
492,26,3,False,0,0,0,0,0,0,0,0,0,0,0,0,0,0,0,0.0,0.0,0.0,0,0,0,0,7,15,3
493,6,1,True,1,0,0,0,0,0,0,0,0,0,0,0,0,3,1,0.0,0.0,0.0,0,0,0,0,18,13,1
493,14,2,False,0,0,0,0,0,0,0,0,0,0,0,0,0,0,0,0.0,0.0,0.0,0,0,0,0,18,14,2
493,28,3,True,0,0,0,0,0,0,0,0,0,0,0,0,0,0,0,0.0,0.0,0.0,0,0,0,0,18,19,3
494,2,1,False,0,0,0,0,0,0,0,0,0,0,0,0,0,0,0,0.0,0.0,0.0,0,0,0,0,19,4,1
494,15,2,True,0,0,0,0,0,0,0,0,0,0,0,0,0,0,0,0.0,0.0,0.0,0,0,0,0,19,17,2
494,28,3,False,0,0,0,0,0,0,0,0,0,0,0,0,0,0,0,0.0,0.0,0.0,0,0,0,0,19,18,3
495,2,1,False,0,0,0,0,0,0,0,0,0,0,0,0,0,0,0,0.0,0.0,0.0,0,0,0,0,19,4,1
495,15,2,True,0,0,0,0,0,0,0,0,0,0,0,0,0,0,0,0.0,0.0,0.0,0,0,0,0,19,17,2
495,28,3,False,0,0,0,0,0,0,0,0,0,0,0,0,0,0,0,0.0,0.0,0.0,0,0,0,0,19,18,3
496,2,1,False,90,1,0,0,0,3,0,0,0,0,0,5,0,15,2,0.0,0.0,3.87,0,4,12,0,19,4,1
496,15,2,True,90,1,0,0,0,2,0,0,0,0,0,0,0,4,1,0.0,0.0,0.72,0,0,6,0,19,17,2
496,28,3,False,0,0,0,0,0,0,0,0,0,0,0,0,0,0,0,0.0,0.0,0.0,0,0,0,0,19,18,3
497,2,1,False,0,0,0,0,0,0,0,0,0,0,0,0,0,0,0,0.0,0.0,0.0,0,0,0,0,19,4,1
497,15,2,True,0,0,0,0,0,0,0,0,0,0,0,0,0,0,0,0.0,0.0,0.0,0,0,0,0,19,17,2
497,28,3,False,0,0,0,0,0,0,0,0,0,0,0,0,0,0,0,0.0,0.0,0.0,0,0,0,0,19,18,3
498,2,1,False,90,1,0,0,0,3,0,0,0,0,0,0,0,10,3,0.0,0.02,3.87,16,11,2,5,19,4,1
498,15,2,True,0,0,0,0,0,0,0,0,0,0,0,0,0,0,0,0.0,0.0,0.0,0,0,0,0,19,17,2
498,28,3,False,0,0,0,0,0,0,0,0,0,0,0,0,0,0,0,0.0,0.0,0.0,0,0,0,0,19,18,3
499,2,1,False,0,0,0,0,0,0,0,0,0,0,0,0,0,0,0,0.0,0.0,0.0,0,0,0,0,19,4,1
499,15,2,True,90,1,0,0,0,2,0,0,0,0,0,0,0,1,1,0.33,0.1,0.72,4,3,2,1,19,17,2
499,28,3,False,0,0,0,0,0,0,0,0,0,0,0,0,0,0,0,0.0,0.0,0.0,0,0,0,0,19,18,3
5,1,1,True,0,0,0,0,0,0,0,0,0,0,0,0,0,0,0,0.0,0.0,0.0,0,0,0,0,1,7,1
5,20,2,False,0,0,0,0,0,0,0,0,0,0,0,0,0,0,0,0.0,0.0,0.0,0,0,0,0,1,2,2
5,29,3,True,0,0,0,0,0,0,0,0,0,0,0,0,0,0,0,0.0,0.0,0.0,0,0,0,0,1,6,3
50,7,1,False,0,0,0,0,0,0,0,0,0,0,0,0,0,0,0,0.0,0.0,0.0,0,0,0,0,2,5,1
50,20,2,True,0,0,0,0,0,0,0,0,0,0,0,0,0,0,0,0.0,0.0,0.0,0,0,0,0,2,1,2
50,25,3,False,0,0,0,0,0,0,0,0,0,0,0,0,0,0,0,0.0,0.0,0.0,0,0,0,0,2,11,3
500,2,1,False,0,0,0,0,0,0,0,0,0,0,0,0,0,0,0,0.0,0.0,0.0,0,0,0,0,19,4,1
500,15,2,True,0,0,0,0,0,0,0,0,0,0,0,0,0,0,0,0.0,0.0,0.0,0,0,0,0,19,17,2
500,28,3,False,0,0,0,0,0,0,0,0,0,0,0,0,0,0,0,0.0,0.0,0.0,0,0,0,0,19,18,3
501,2,1,False,0,0,0,0,0,0,0,0,0,0,0,0,0,0,0,0.0,0.0,0.0,0,0,0,0,19,4,1
501,15,2,True,0,0,0,0,0,0,0,0,0,0,0,0,0,0,0,0.0,0.0,0.0,0,0,0,0,19,17,2
501,22,3,False,0,0,0,0,0,0,0,0,0,0,0,0,0,0,0,0.0,0.0,0.0,0,0,0,0,20,4,3
502,2,1,False,90,1,0,0,0,3,0,0,0,0,0,0,0,13,3,0.0,0.06,3.87,11,9,3,2,19,4,1
502,15,2,True,67,1,0,0,0,1,0,0,0,0,0,0,0,7,2,0.06,0.02,0.48,3,2,1,1,19,17,2
502,28,3,False,0,0,0,0,0,0,0,0,0,0,0,0,0,0,0,0.0,0.0,0.0,0,0,0,0,19,18,3
503,2,1,False,0,0,0,0,0,0,0,0,0,0,0,0,0,0,0,0.0,0.0,0.0,0,0,0,0,19,4,1
503,15,2,True,90,1,0,0,0,2,0,0,0,1,0,0,0,5,0,0.0,0.02,0.72,8,7,4,1,19,17,2
503,28,3,False,0,0,0,0,0,0,0,0,0,0,0,0,0,0,0,0.0,0.0,0.0,0,0,0,0,19,18,3
504,7,1,True,90,1,0,0,1,0,0,0,0,0,0,0,0,19,6,0.13,0.03,0.29,4,4,2,0,5,2,1
504,16,2,False,90,1,0,0,0,4,0,0,0,0,0,0,0,-2,0,0.03,0.02,2.93,8,7,3,1,5,6,2
504,23,3,True,0,0,0,0,0,0,0,0,0,0,0,0,0,0,0,0.0,0.0,0.0,0,0,0,0,5,13,3
505,2,1,False,0,0,0,0,0,0,0,0,0,0,0,0,0,0,0,0.0,0.0,0.0,0,0,0,0,19,4,1
505,15,2,True,0,0,0,0,0,0,0,0,0,0,0,0,0,0,0,0.0,0.0,0.0,0,0,0,0,19,17,2
505,28,3,False,0,0,0,0,0,0,0,0,0,0,0,0,0,0,0,0.0,0.0,0.0,0,0,0,0,19,18,3
506,2,1,False,4,0,0,0,0,0,0,0,0,0,0,0,0,3,1,0.0,0.02,0.44,0,0,2,0,19,4,1
506,15,2,True,22,0,0,0,0,1,0,0,0,0,0,0,0,2,1,0.0,0.19,0.24,1,0,1,1,19,17,2
506,28,3,False,0,0,0,0,0,0,0,0,0,0,0,0,0,0,0,0.0,0.0,0.0,0,0,0,0,19,18,3
507,2,1,False,0,0,0,0,0,0,0,0,0,0,0,0,0,0,0,0.0,0.0,0.0,0,0,0,0,19,4,1
507,15,2,True,0,0,0,0,0,0,0,0,0,0,0,0,0,0,0,0.0,0.0,0.0,0,0,0,0,19,17,2
507,28,3,False,0,0,0,0,0,0,0,0,0,0,0,0,0,0,0,0.0,0.0,0.0,0,0,0,0,19,18,3
508,2,1,False,0,0,0,0,0,0,0,0,0,0,0,0,0,0,0,0.0,0.0,0.0,0,0,0,0,19,4,1
508,15,2,True,0,0,0,0,0,0,0,0,0,0,0,0,0,0,0,0.0,0.0,0.0,0,0,0,0,19,17,2
508,28,3,False,0,0,0,0,0,0,0,0,0,0,0,0,0,0,0,0.0,0.0,0.0,0,0,0,0,19,18,3
509,2,1,False,0,0,0,0,0,0,0,0,0,0,0,0,0,0,0,0.0,0.0,0.0,0,0,0,0,19,4,1
509,15,2,True,0,0,0,0,0,0,0,0,0,0,0,0,0,0,0,0.0,0.0,0.0,0,0,0,0,19,17,2
509,28,3,False,0,0,0,0,0,0,0,0,0,0,0,0,0,0,0,0.0,0.0,0.0,0,0,0,0,19,18,3
51,7,1,False,90,1,0,0,0,4,0,0,0,0,0,0,0,12,2,0.0,0.0,3.77,5,0,2,3,2,5,1
51,20,2,True,70,1,0,0,0,1,0,0,0,0,0,0,0,5,2,0.0,0.01,1.01,6,0,4,2,2,1,2
51,25,3,False,0,0,0,0,0,0,0,0,0,0,0,0,0,0,0,0.0,0.0,0.0,0,0,0,0,2,11,3
510,2,1,False,0,0,0,0,0,0,0,0,0,0,0,0,0,0,0,0.0,0.0,0.0,0,0,0,0,19,4,1
510,15,2,True,0,0,0,0,0,0,0,0,0,0,0,0,0,0,0,0.0,0.0,0.0,0,0,0,0,19,17,2
510,28,3,False,0,0,0,0,0,0,0,0,0,0,0,0,0,0,0,0.0,0.0,0.0,0,0,0,0,19,18,3
511,2,1,False,0,0,0,0,0,0,0,0,0,0,0,0,0,0,0,0.0,0.0,0.0,0,0,0,0,19,4,1
511,15,2,True,0,0,0,0,0,0,0,0,0,0,0,0,0,0,0,0.0,0.0,0.0,0,0,0,0,19,17,2
511,28,3,False,0,0,0,0,0,0,0,0,0,0,0,0,0,0,0,0.0,0.0,0.0,0,0,0,0,19,18,3
512,2,1,False,0,0,0,0,0,0,0,0,0,0,0,0,0,0,0,0.0,0.0,0.0,0,0,0,0,19,4,1
512,15,2,True,22,0,0,0,0,1,0,0,0,0,0,0,0,4,1,0.04,0.01,0.24,2,0,2,0,19,17,2
512,28,3,False,0,0,0,0,0,0,0,0,0,0,0,0,0,0,0,0.0,0.0,0.0,0,0,0,0,19,18,3
513,2,1,False,0,0,0,0,0,0,0,0,0,0,0,0,0,0,0,0.0,0.0,0.0,0,0,0,0,19,4,1
513,15,2,True,0,0,0,0,0,0,0,0,0,0,0,0,0,0,0,0.0,0.0,0.0,0,0,0,0,19,17,2
513,28,3,False,0,0,0,0,0,0,0,0,0,0,0,0,0,0,0,0.0,0.0,0.0,0,0,0,0,19,18,3
514,2,1,False,90,1,0,0,0,3,0,0,0,0,0,0,0,17,2,0.06,0.06,3.87,8,1,7,0,19,4,1
514,15,2,True,67,1,0,0,0,1,0,0,0,0,0,0,0,10,2,0.14,0.03,0.48,3,0,2,1,19,17,2
514,28,3,False,0,0,0,0,0,0,0,0,0,0,0,0,0,0,0,0.0,0.0,0.0,0,0,0,0,19,18,3
515,2,1,False,22,0,0,0,0,0,0,0,0,0,0,0,0,6,1,0.0,0.01,0.85,2,1,1,0,19,4,1
515,15,2,True,0,0,0,0,0,0,0,0,0,0,0,0,0,0,0,0.0,0.0,0.0,0,0,0,0,19,17,2
515,28,3,False,0,0,0,0,0,0,0,0,0,0,0,0,0,0,0,0.0,0.0,0.0,0,0,0,0,19,18,3
516,2,1,False,45,0,0,0,0,1,0,0,0,0,0,0,0,8,1,0.0,0.01,2.18,5,0,2,3,19,4,1
516,15,2,True,90,1,0,0,0,2,0,0,0,0,0,0,0,17,2,0.0,0.02,0.72,11,3,6,2,19,17,2
516,28,3,False,0,0,0,0,0,0,0,0,0,0,0,0,0,0,0,0.0,0.0,0.0,0,0,0,0,19,18,3
517,2,1,False,0,0,0,0,0,0,0,0,0,0,0,0,0,0,0,0.0,0.0,0.0,0,0,0,0,19,4,1
517,15,2,True,0,0,0,0,0,0,0,0,0,0,0,0,0,0,0,0.0,0.0,0.0,0,0,0,0,19,17,2
517,28,3,False,0,0,0,0,0,0,0,0,0,0,0,0,0,0,0,0.0,0.0,0.0,0,0,0,0,19,18,3
518,2,1,False,0,0,0,0,0,0,0,0,0,0,0,0,0,0,0,0.0,0.0,0.0,0,0,0,0,19,4,1
518,15,2,True,0,0,0,0,0,0,0,0,0,0,0,0,0,0,0,0.0,0.0,0.0,0,0,0,0,19,17,2
518,28,3,False,0,0,0,0,0,0,0,0,0,0,0,0,0,0,0,0.0,0.0,0.0,0,0,0,0,19,18,3
519,2,1,False,45,1,0,0,0,2,0,0,0,1,0,0,0,1,0,0.02,0.06,1.7,3,0,2,1,19,4,1
519,15,2,True,0,0,0,0,0,0,0,0,0,0,0,0,0,0,0,0.0,0.0,0.0,0,0,0,0,19,17,2
519,28,3,False,0,0,0,0,0,0,0,0,0,0,0,0,0,0,0,0.0,0.0,0.0,0,0,0,0,19,18,3
52,7,1,False,8,0,0,0,0,0,0,0,0,0,0,0,0,5,1,0.0,0.0,0.14,3,1,1,1,2,5,1
52,20,2,True,19,0,0,0,0,0,0,0,0,1,0,0,0,2,0,0.0,0.0,0.02,2,0,1,1,2,1,2
52,25,3,False,0,0,0,0,0,0,0,0,0,0,0,0,0,0,0,0.0,0.0,0.0,0,0,0,0,2,11,3
520,2,1,False,45,1,0,0,0,2,0,0,0,0,0,0,0,2,1,0.0,0.01,1.7,8,0,7,1,19,4,1
520,15,2,True,0,0,0,0,0,0,0,0,0,0,0,0,0,0,0,0.0,0.0,0.0,0,0,0,0,19,17,2
520,28,3,False,0,0,0,0,0,0,0,0,0,0,0,0,0,0,0,0.0,0.0,0.0,0,0,0,0,19,18,3
521,2,1,False,0,0,0,0,0,0,0,0,0,0,0,0,0,0,0,0.0,0.0,0.0,0,0,0,0,19,4,1
521,15,2,True,0,0,0,0,0,0,0,0,0,0,0,0,0,0,0,0.0,0.0,0.0,0,0,0,0,19,17,2
521,28,3,False,0,0,0,0,0,0,0,0,0,0,0,0,0,0,0,0.0,0.0,0.0,0,0,0,0,19,18,3
522,2,1,False,85,1,0,0,0,3,0,0,0,0,0,0,0,15,2,0.0,0.01,3.43,5,2,2,1,19,4,1
522,15,2,True,67,1,0,0,0,1,0,0,0,0,0,0,0,9,2,0.0,0.0,0.48,6,3,3,0,19,17,2
522,28,3,False,0,0,0,0,0,0,0,0,0,0,0,0,0,0,0,0.0,0.0,0.0,0,0,0,0,19,18,3
523,2,1,False,67,1,0,0,0,3,0,0,0,0,0,0,0,10,2,0.38,0.02,3.02,2,0,1,1,19,4,1
523,15,2,True,22,0,0,0,0,1,0,0,0,0,0,0,0,1,1,0.02,0.0,0.24,1,0,1,0,19,17,2
523,28,3,False,0,0,0,0,0,0,0,0,0,0,0,0,0,0,0,0.0,0.0,0.0,0,0,0,0,19,18,3
524,2,1,False,0,0,0,0,0,0,0,0,0,0,0,0,0,0,0,0.0,0.0,0.0,0,0,0,0,19,4,1
524,15,2,True,0,0,0,0,0,0,0,0,0,0,0,0,0,0,0,0.0,0.0,0.0,0,0,0,0,19,17,2
524,28,3,False,0,0,0,0,0,0,0,0,0,0,0,0,0,0,0,0.0,0.0,0.0,0,0,0,0,19,18,3
525,2,1,False,45,0,0,0,0,1,0,0,0,0,0,0,0,16,1,0.0,0.06,2.18,2,0,1,1,19,4,1
525,15,2,True,90,1,0,0,0,2,0,0,0,0,0,0,0,18,2,0.01,0.17,0.72,8,0,5,3,19,17,2
525,28,3,False,0,0,0,0,0,0,0,0,0,0,0,0,0,0,0,0.0,0.0,0.0,0,0,0,0,19,18,3
526,2,1,False,22,0,0,0,0,0,0,0,0,0,0,0,0,3,1,0.07,0.0,0.85,0,0,0,0,19,4,1
526,15,2,True,15,0,0,0,0,0,0,0,0,0,0,0,0,6,1,0.2,0.0,0.0,0,0,0,0,19,17,2
526,28,3,False,0,0,0,0,0,0,0,0,0,0,0,0,0,0,0,0.0,0.0,0.0,0,0,0,0,19,18,3
527,2,1,False,67,1,0,0,0,3,0,0,0,0,0,0,0,6,2,0.0,0.0,3.02,1,1,0,0,19,4,1
527,15,2,True,0,0,0,0,0,0,0,0,0,0,0,0,0,0,0,0.0,0.0,0.0,0,0,0,0,19,17,2
527,28,3,False,0,0,0,0,0,0,0,0,0,0,0,0,0,0,0,0.0,0.0,0.0,0,0,0,0,19,18,3
528,2,1,False,0,0,0,0,0,0,0,0,0,0,0,0,0,0,0,0.0,0.0,0.0,0,0,0,0,19,4,1
528,15,2,True,0,0,0,0,0,0,0,0,0,0,0,0,0,0,0,0.0,0.0,0.0,0,0,0,0,19,17,2
528,28,3,False,0,0,0,0,0,0,0,0,0,0,0,0,0,0,0,0.0,0.0,0.0,0,0,0,0,19,18,3
529,5,1,False,90,1,0,0,0,2,0,0,0,0,0,1,0,7,1,0.0,0.0,1.8,0,1,8,0,20,12,1
529,19,2,True,90,1,0,0,1,0,0,0,0,0,0,0,0,22,6,0.0,0.0,0.95,0,2,7,0,20,10,2
529,22,3,False,0,0,0,0,0,0,0,0,0,0,0,0,0,0,0,0.0,0.0,0.0,0,0,0,0,20,4,3
53,7,1,False,0,0,0,0,0,0,0,0,0,0,0,0,0,0,0,0.0,0.0,0.0,0,0,0,0,2,5,1
53,20,2,True,0,0,0,0,0,0,0,0,0,0,0,0,0,0,0,0.0,0.0,0.0,0,0,0,0,2,1,2
53,25,3,False,0,0,0,0,0,0,0,0,0,0,0,0,0,0,0,0.0,0.0,0.0,0,0,0,0,2,11,3
530,5,1,False,0,0,0,0,0,0,0,0,0,0,0,0,0,0,0,0.0,0.0,0.0,0,0,0,0,20,12,1
530,19,2,True,0,0,0,0,0,0,0,0,0,0,0,0,0,0,0,0.0,0.0,0.0,0,0,0,0,20,10,2
530,22,3,False,0,0,0,0,0,0,0,0,0,0,0,0,0,0,0,0.0,0.0,0.0,0,0,0,0,20,4,3
531,5,1,False,0,0,0,0,0,0,0,0,0,0,0,0,0,0,0,0.0,0.0,0.0,0,0,0,0,20,12,1
531,19,2,True,0,0,0,0,0,0,0,0,0,0,0,0,0,0,0,0.0,0.0,0.0,0,0,0,0,20,10,2
531,22,3,False,0,0,0,0,0,0,0,0,0,0,0,0,0,0,0,0.0,0.0,0.0,0,0,0,0,20,4,3
532,5,1,False,90,1,0,0,0,2,0,0,0,1,0,0,0,4,0,0.0,0.01,1.8,9,7,0,2,20,12,1
532,19,2,True,90,1,0,0,1,0,0,0,0,0,0,0,0,27,8,0.03,0.0,0.95,10,9,1,1,20,10,2
532,22,3,False,0,0,0,0,0,0,0,0,0,0,0,0,0,0,0,0.0,0.0,0.0,0,0,0,0,20,4,3
533,5,1,False,0,0,0,0,0,0,0,0,0,0,0,0,0,0,0,0.0,0.0,0.0,0,0,0,0,20,12,1
533,19,2,True,90,1,0,0,1,0,0,0,0,0,0,0,1,28,9,0.0,0.01,0.95,19,17,4,2,20,10,2
533,22,3,False,0,0,0,0,0,0,0,0,0,0,0,0,0,0,0,0.0,0.0,0.0,0,0,0,0,20,4,3
534,5,1,False,79,1,0,0,0,1,0,0,0,0,0,0,0,14,2,0.04,0.27,1.69,4,1,6,3,20,12,1
534,19,2,True,90,1,0,0,1,0,0,0,0,0,0,0,0,24,6,0.0,0.01,0.95,6,2,4,4,20,10,2
534,22,3,False,0,0,0,0,0,0,0,0,0,0,0,0,0,0,0,0.0,0.0,0.0,0,0,0,0,20,4,3
535,5,1,False,23,0,0,0,0,1,0,0,0,0,0,0,0,2,1,0.0,0.01,0.1,0,0,2,0,20,12,1
535,19,2,True,0,0,0,0,0,0,0,0,0,0,0,0,0,0,0,0.0,0.0,0.0,0,0,0,0,20,10,2
535,22,3,False,0,0,0,0,0,0,0,0,0,0,0,0,0,0,0,0.0,0.0,0.0,0,0,0,0,20,4,3
536,5,1,False,90,1,0,0,0,2,0,0,0,0,0,0,0,9,1,0.0,0.29,1.8,8,5,5,3,20,12,1
536,19,2,True,90,1,0,0,1,0,0,0,0,0,0,0,0,26,6,0.0,0.01,0.95,7,6,3,1,20,10,2
536,22,3,False,0,0,0,0,0,0,0,0,0,0,0,0,0,0,0,0.0,0.0,0.0,0,0,0,0,20,4,3
537,5,1,False,0,0,0,0,0,0,0,0,0,0,0,0,0,0,0,0.0,0.0,0.0,0,0,0,0,20,12,1
537,19,2,True,0,0,0,0,0,0,0,0,0,0,0,0,0,0,0,0.0,0.0,0.0,0,0,0,0,20,10,2
537,22,3,False,0,0,0,0,0,0,0,0,0,0,0,0,0,0,0,0.0,0.0,0.0,0,0,0,0,20,4,3
538,5,1,False,0,0,0,0,0,0,0,0,0,0,0,0,0,0,0,0.0,0.0,0.0,0,0,0,0,20,12,1
538,19,2,True,0,0,0,0,0,0,0,0,0,0,0,0,0,0,0,0.0,0.0,0.0,0,0,0,0,20,10,2
538,22,3,False,0,0,0,0,0,0,0,0,0,0,0,0,0,0,0,0.0,0.0,0.0,0,0,0,0,20,4,3
539,5,1,False,66,1,0,0,0,1,0,0,0,1,0,0,0,1,1,0.01,0.01,1.69,5,4,4,1,20,12,1
539,19,2,True,0,0,0,0,0,0,0,0,0,0,0,0,0,0,0,0.0,0.0,0.0,0,0,0,0,20,10,2
539,22,3,False,0,0,0,0,0,0,0,0,0,0,0,0,0,0,0,0.0,0.0,0.0,0,0,0,0,20,4,3
54,7,1,False,39,1,0,0,0,4,0,0,0,0,1,0,0,-2,-2,0.0,0.01,2.58,7,1,2,4,2,5,1
54,20,2,True,0,0,0,0,0,0,0,0,0,0,0,0,0,0,0,0.0,0.0,0.0,0,0,0,0,2,1,2
54,25,3,False,0,0,0,0,0,0,0,0,0,0,0,0,0,0,0,0.0,0.0,0.0,0,0,0,0,2,11,3
540,5,1,False,0,0,0,0,0,0,0,0,0,0,0,0,0,0,0,0.0,0.0,0.0,0,0,0,0,20,12,1
540,19,2,True,0,0,0,0,0,0,0,0,0,0,0,0,0,0,0,0.0,0.0,0.0,0,0,0,0,20,10,2
540,22,3,False,0,0,0,0,0,0,0,0,0,0,0,0,0,0,0,0.0,0.0,0.0,0,0,0,0,20,4,3
541,5,1,False,90,1,0,0,0,2,0,0,0,0,0,0,0,5,1,0.08,0.08,1.8,4,2,3,2,20,12,1
541,19,2,True,90,1,0,0,1,0,0,0,0,0,0,0,0,27,6,0.02,0.05,0.95,8,8,5,0,20,10,2
541,22,3,False,0,0,0,0,0,0,0,0,0,0,0,0,0,0,0,0.0,0.0,0.0,0,0,0,0,20,4,3
542,5,1,False,79,1,0,0,0,1,0,0,0,0,0,0,0,13,2,0.0,0.03,1.69,2,0,1,1,20,12,1
542,19,2,True,89,1,0,0,1,0,0,0,0,0,0,0,0,13,3,0.37,0.17,0.86,6,1,4,1,20,10,2
542,22,3,False,0,0,0,0,0,0,0,0,0,0,0,0,0,0,0,0.0,0.0,0.0,0,0,0,0,20,4,3
543,5,1,False,10,0,0,0,0,1,0,0,0,0,0,0,0,3,1,0.03,0.0,0.1,0,0,0,0,20,12,1
543,19,2,True,18,0,0,1,0,0,0,0,0,0,0,0,0,15,4,0.0,0.16,0.02,0,0,0,0,20,10,2
543,22,3,False,0,0,0,0,0,0,0,0,0,0,0,0,0,0,0,0.0,0.0,0.0,0,0,0,0,20,4,3
544,5,1,False,90,1,0,1,0,2,0,0,0,0,0,0,2,31,9,0.0,0.09,1.8,13,2,8,3,20,12,1
544,19,2,True,90,1,0,0,1,0,0,0,0,0,0,0,3,29,6,0.0,0.36,0.95,7,1,6,0,20,10,2
544,22,3,False,0,0,0,0,0,0,0,0,0,0,0,0,0,0,0,0.0,0.0,0.0,0,0,0,0,20,4,3
545,5,1,False,90,1,0,0,0,2,0,0,0,0,0,0,0,18,2,0.06,0.03,1.8,2,0,2,0,20,12,1
545,19,2,True,90,1,0,0,1,0,0,0,0,0,0,0,0,21,3,0.02,0.02,0.95,11,6,2,3,20,10,2
545,22,3,False,0,0,0,0,0,0,0,0,0,0,0,0,0,0,0,0.0,0.0,0.0,0,0,0,0,20,4,3
546,5,1,False,0,0,0,0,0,0,0,0,0,0,0,0,0,0,0,0.0,0.0,0.0,0,0,0,0,20,12,1
546,19,2,True,0,0,0,0,0,0,0,0,0,0,0,0,0,0,0,0.0,0.0,0.0,0,0,0,0,20,10,2
546,22,3,False,0,0,0,0,0,0,0,0,0,0,0,0,0,0,0,0.0,0.0,0.0,0,0,0,0,20,4,3
547,5,1,False,0,0,0,0,0,0,0,0,0,0,0,0,0,0,0,0.0,0.0,0.0,0,0,0,0,20,12,1
547,19,2,True,1,0,0,0,0,0,0,0,0,0,0,0,0,2,1,0.17,0.0,0.09,1,1,0,0,20,10,2
547,22,3,False,0,0,0,0,0,0,0,0,0,0,0,0,0,0,0,0.0,0.0,0.0,0,0,0,0,20,4,3
548,5,1,False,10,0,0,0,0,1,0,0,0,0,0,0,0,3,1,0.0,0.0,0.1,1,0,1,0,20,12,1
548,19,2,True,7,0,0,0,0,0,0,0,0,0,0,0,0,3,1,0.0,0.0,0.34,0,0,0,0,20,10,2
548,22,3,False,0,0,0,0,0,0,0,0,0,0,0,0,0,0,0,0.0,0.0,0.0,0,0,0,0,20,4,3
549,5,1,False,31,0,0,0,0,1,0,0,0,0,0,0,0,1,1,0.0,0.0,0.14,2,0,2,0,20,12,1
549,19,2,True,0,0,0,0,0,0,0,0,0,0,0,0,0,0,0,0.0,0.0,0.0,0,0,0,0,20,10,2
549,22,3,False,0,0,0,0,0,0,0,0,0,0,0,0,0,0,0,0.0,0.0,0.0,0,0,0,0,20,4,3
55,7,1,False,0,0,0,0,0,0,0,0,0,0,0,0,0,0,0,0.0,0.0,0.0,0,0,0,0,2,5,1
55,20,2,True,0,0,0,0,0,0,0,0,0,0,0,0,0,0,0,0.0,0.0,0.0,0,0,0,0,2,1,2
55,25,3,False,0,0,0,0,0,0,0,0,0,0,0,0,0,0,0,0.0,0.0,0.0,0,0,0,0,2,11,3
550,5,1,False,0,0,0,0,0,0,0,0,0,0,0,0,0,0,0,0.0,0.0,0.0,0,0,0,0,20,12,1
550,19,2,True,0,0,0,0,0,0,0,0,0,0,0,0,0,0,0,0.0,0.0,0.0,0,0,0,0,20,10,2
550,22,3,False,0,0,0,0,0,0,0,0,0,0,0,0,0,0,0,0.0,0.0,0.0,0,0,0,0,20,4,3
551,5,1,False,58,1,1,0,0,1,0,0,0,1,0,0,0,23,5,0.15,0.01,1.66,7,1,5,1,20,12,1
551,19,2,True,64,1,0,0,1,0,0,0,0,0,0,0,0,13,3,0.0,0.04,0.58,5,0,4,1,20,10,2
551,22,3,False,0,0,0,0,0,0,0,0,0,0,0,0,0,0,0,0.0,0.0,0.0,0,0,0,0,20,4,3
552,5,1,False,66,1,0,0,0,1,0,0,0,0,0,0,0,1,2,0.3,0.0,1.69,0,0,0,0,20,12,1
552,19,2,True,63,1,0,0,1,0,0,0,0,0,0,0,0,5,2,0.03,0.0,0.58,4,1,3,0,20,10,2
552,22,3,False,0,0,0,0,0,0,0,0,0,0,0,0,0,0,0,0.0,0.0,0.0,0,0,0,0,20,4,3
553,5,1,False,23,0,0,0,0,1,0,0,0,0,0,0,0,3,1,0.0,0.0,0.1,0,0,0,0,20,12,1
553,19,2,True,26,0,1,0,0,0,0,0,0,0,0,0,3,29,8,1.39,0.0,0.37,0,0,0,0,20,10,2
553,22,3,False,0,0,0,0,0,0,0,0,0,0,0,0,0,0,0,0.0,0.0,0.0,0,0,0,0,20,4,3
554,5,1,True,0,0,0,0,0,0,0,0,0,0,0,0,0,0,0,0.0,0.0,0.0,0,0,0,0,12,20,1
554,18,2,False,0,0,0,0,0,0,0,0,0,0,0,0,0,0,0,0.0,0.0,0.0,0,0,0,0,12,16,2
554,21,3,True,0,0,0,0,0,0,0,0,0,0,0,0,0,0,0,0.0,0.0,0.0,0,0,0,0,12,14,3
555,3,1,False,0,0,0,0,0,0,0,0,0,0,0,0,0,0,0,0.0,0.0,0.0,0,0,0,0,8,9,1
555,11,2,True,0,0,0,0,0,0,0,0,0,0,0,0,0,0,0,0.0,0.0,0.0,0,0,0,0,8,15,2
555,24,3,False,0,0,0,0,0,0,0,0,0,0,0,0,0,0,0,0.0,0.0,0.0,0,0,0,0,8,10,3
556,4,1,True,5,0,0,0,0,0,0,0,0,0,0,0,0,3,1,0.0,0.0,0.07,0,0,1,0,11,16,1
556,13,2,False,0,0,0,0,0,0,0,0,0,0,0,0,0,0,0,0.0,0.0,0.0,0,0,0,0,11,7,2
556,25,3,True,0,0,0,0,0,0,0,0,0,0,0,0,0,0,0,0.0,0.0,0.0,0,0,0,0,11,2,3
557,1,1,True,75,1,0,1,1,0,0,0,0,0,0,0,0,30,6,0.19,0.14,0.06,6,2,3,1,1,7,1
557,20,2,False,45,1,0,0,0,0,0,0,0,1,0,0,0,1,0,0.0,0.01,0.1,3,1,2,0,1,2,2
557,29,3,True,0,0,0,0,0,0,0,0,0,0,0,0,0,0,0,0.0,0.0,0.0,0,0,0,0,1,6,3
558,6,1,True,16,0,0,0,0,1,0,0,0,0,0,0,0,3,1,0.0,0.0,0.13,1,0,1,0,18,13,1
558,14,2,False,90,1,0,0,0,2,0,0,0,0,0,0,0,15,4,0.05,0.0,1.75,15,3,7,5,18,14,2
558,28,3,True,0,0,0,0,0,0,0,0,0,0,0,0,0,0,0,0.0,0.0,0.0,0,0,0,0,18,19,3
559,9,1,True,14,0,0,0,0,1,0,0,0,0,0,0,0,5,1,0.0,0.0,1.04,2,1,0,1,17,14,1
559,15,2,False,0,0,0,0,0,0,0,0,0,0,0,0,0,0,0,0.0,0.0,0.0,0,0,0,0,17,19,2
559,27,3,True,0,0,0,0,0,0,0,0,0,0,0,0,0,0,0,0.0,0.0,0.0,0,0,0,0,17,3,3
56,7,1,False,0,0,0,0,0,0,0,0,0,0,0,0,0,0,0,0.0,0.0,0.0,0,0,0,0,2,5,1
56,20,2,True,19,0,0,0,0,0,0,0,0,0,0,0,0,3,1,0.0,0.0,0.02,0,0,0,0,2,1,2
56,25,3,False,0,0,0,0,0,0,0,0,0,0,0,0,0,0,0,0.0,0.0,0.0,0,0,0,0,2,11,3
560,10,1,False,0,0,0,0,0,0,0,0,0,0,0,0,0,0,0,0.0,0.0,0.0,0,0,0,0,6,10,1
560,16,2,True,0,0,0,0,0,0,0,0,0,0,0,0,0,0,0,0.0,0.0,0.0,0,0,0,0,6,5,2
560,29,3,False,0,0,0,0,0,0,0,0,0,0,0,0,0,0,0,0.0,0.0,0.0,0,0,0,0,6,1,3
561,10,1,False,0,0,0,0,0,0,0,0,0,0,0,0,0,0,0,0.0,0.0,0.0,0,0,0,0,6,10,1
561,16,2,True,0,0,0,0,0,0,0,0,0,0,0,0,0,0,0,0.0,0.0,0.0,0,0,0,0,6,5,2
561,29,3,False,0,0,0,0,0,0,0,0,0,0,0,0,0,0,0,0.0,0.0,0.0,0,0,0,0,6,1,3
562,5,1,True,79,1,0,0,0,1,0,0,0,0,0,0,0,7,2,0.61,0.0,0.63,9,3,2,4,12,20,1
562,18,2,False,72,1,0,0,0,4,0,0,0,0,0,0,0,10,2,0.06,0.01,3.91,5,3,1,1,12,16,2
562,21,3,True,65,1,0,0,0,2,0,0,0,0,0,0,0,9,2,0.04,0.0,0.62,5,2,1,2,12,14,3
563,4,1,True,0,0,0,0,0,0,0,0,0,0,0,0,0,0,0,0.0,0.0,0.0,0,0,0,0,11,16,1
563,13,2,False,45,1,0,0,0,0,0,0,0,0,0,0,0,6,1,0.0,0.0,1.09,3,2,1,0,11,7,2
563,25,3,True,0,0,0,0,0,0,0,0,0,0,0,0,0,0,0,0.0,0.0,0.0,0,0,0,0,11,2,3
564,5,1,True,90,1,0,0,0,1,0,0,0,0,0,2,0,12,2,0.0,0.0,0.66,0,1,10,0,12,20,1
564,18,2,False,90,1,0,0,0,5,0,0,0,0,0,6,0,9,2,0.0,0.01,4.77,0,4,13,0,12,16,2
564,21,3,True,90,1,0,0,0,2,0,0,0,0,0,5,0,13,2,0.0,0.0,0.69,0,0,7,0,12,14,3
565,2,1,True,75,1,0,2,1,0,0,0,0,0,0,0,3,41,14,0.05,0.33,0.47,13,4,7,2,4,19,1
565,17,2,False,90,1,0,0,0,1,0,0,0,0,0,0,0,16,4,0.21,0.03,1.46,14,5,5,4,4,13,2
565,22,3,True,0,0,0,0,0,0,0,0,0,0,0,0,0,0,0,0.0,0.0,0.0,0,0,0,0,4,20,3
566,8,1,False,90,1,0,0,0,2,0,0,0,1,0,0,0,5,2,0.0,0.0,2.25,13,13,1,0,3,15,1
566,12,2,True,90,1,0,0,0,1,0,0,0,0,0,0,0,11,4,0.25,0.03,1.84,10,8,4,2,3,9,2
566,27,3,False,45,1,0,0,0,1,0,0,0,0,0,0,0,5,1,0.02,0.01,0.13,4,3,1,1,3,17,3
567,9,1,True,90,1,0,0,0,2,0,0,0,1,0,5,0,12,1,0.0,0.0,2.98,0,3,5,0,17,14,1
567,15,2,False,90,1,0,0,1,0,0,0,0,0,0,4,0,32,7,0.0,0.0,1.12,0,2,4,0,17,19,2
567,27,3,True,45,1,0,0,0,2,0,0,0,0,0,4,0,7,1,0.0,0.0,1.42,0,0,5,0,17,3,3
568,10,1,False,0,0,0,0,0,0,0,0,0,0,0,0,0,0,0,0.0,0.0,0.0,0,0,0,0,6,10,1
568,16,2,True,8,0,0,0,0,1,0,0,0,0,0,0,0,1,1,0.04,0.0,0.07,1,1,0,0,6,5,2
568,29,3,False,0,0,0,0,0,0,0,0,0,0,0,0,0,0,0,0.0,0.0,0.0,0,0,0,0,6,1,3
569,10,1,True,90,1,1,0,0,3,0,0,0,0,0,0,0,33,6,0.73,0.01,2.24,2,0,1,1,10,6,1
569,19,2,False,90,1,0,0,0,1,0,0,0,0,0,0,0,2,2,0.27,0.01,2.02,4,2,2,0,10,20,2
569,24,3,True,0,0,0,0,0,0,0,0,0,0,0,0,0,0,0,0.0,0.0,0.0,0,0,0,0,10,8,3
57,8,1,False,90,1,0,0,0,2,0,0,0,0,0,4,0,13,2,0.0,0.0,2.25,0,2,5,0,3,15,1
57,12,2,True,90,1,0,0,0,1,0,0,0,0,0,5,0,20,3,0.0,0.0,1.84,0,3,8,0,3,9,2
57,27,3,False,45,1,0,0,0,1,0,0,0,0,0,0,0,1,1,0.0,0.0,0.13,0,1,6,0,3,17,3
570,10,1,True,72,1,0,0,0,3,0,0,0,0,0,0,0,10,2,0.16,0.01,2.21,4,0,2,2,10,6,1
570,19,2,False,75,1,0,0,0,1,0,0,0,1,0,0,0,6,1,0.02,0.0,1.62,9,3,6,0,10,20,2
570,24,3,True,0,0,0,0,0,0,0,0,0,0,0,0,0,0,0,0.0,0.0,0.0,0,0,0,0,10,8,3
571,5,1,True,0,0,0,0,0,0,0,0,0,0,0,0,0,0,0,0.0,0.0,0.0,0,0,0,0,12,20,1
571,18,2,False,0,0,0,0,0,0,0,0,0,0,0,0,0,0,0,0.0,0.0,0.0,0,0,0,0,12,16,2
571,21,3,True,0,0,0,0,0,0,0,0,0,0,0,0,0,0,0,0.0,0.0,0.0,0,0,0,0,12,14,3
572,4,1,True,90,1,0,0,1,0,0,0,0,0,0,5,3,41,10,0.0,0.0,1.83,0,0,22,0,11,16,1
572,13,2,False,90,1,0,0,1,0,0,0,0,0,0,3,3,32,10,0.0,0.0,1.29,0,0,11,0,11,7,2
572,25,3,True,0,0,0,0,0,0,0,0,0,0,0,0,0,0,0,0.0,0.0,0.0,0,0,0,0,11,2,3
573,8,1,False,0,0,0,0,0,0,0,0,0,0,0,0,0,0,0,0.0,0.0,0.0,0,0,0,0,3,15,1
573,12,2,True,0,0,0,0,0,0,0,0,0,0,0,0,0,0,0,0.0,0.0,0.0,0,0,0,0,3,9,2
573,27,3,False,0,0,0,0,0,0,0,0,0,0,0,0,0,0,0,0.0,0.0,0.0,0,0,0,0,3,17,3
574,4,1,True,0,0,0,0,0,0,0,0,0,0,0,0,0,0,0,0.0,0.0,0.0,0,0,0,0,11,16,1
574,13,2,False,0,0,0,0,0,0,0,0,0,0,0,0,0,0,0,0.0,0.0,0.0,0,0,0,0,11,7,2
574,25,3,True,0,0,0,0,0,0,0,0,0,0,0,0,0,0,0,0.0,0.0,0.0,0,0,0,0,11,2,3
575,1,1,False,61,1,0,0,0,3,0,0,0,1,0,0,0,2,1,0.0,0.0,1.56,3,0,3,0,7,1,1
575,13,2,True,70,1,0,0,1,0,0,0,0,0,0,0,0,17,3,0.03,0.13,0.02,7,3,4,0,7,11,2
575,26,3,False,0,0,0,0,0,0,0,0,0,0,0,0,0,0,0,0.0,0.0,0.0,0,0,0,0,7,15,3
576,4,1,True,70,1,0,0,1,0,0,0,0,0,0,0,0,11,3,0.0,0.03,1.16,6,1,2,3,11,16,1
576,13,2,False,58,1,0,0,0,0,0,0,0,1,0,0,0,-2,0,0.01,0.01,1.09,7,2,5,0,11,7,2
576,25,3,True,0,0,0,0,0,0,0,0,0,0,0,0,0,0,0,0.0,0.0,0.0,0,0,0,0,11,2,3
577,3,1,False,18,0,0,0,0,0,0,0,0,0,0,0,0,3,1,0.0,0.01,0.14,1,1,1,0,8,9,1
577,11,2,True,73,1,0,0,0,3,0,0,0,0,0,0,0,-3,1,0.0,0.0,2.01,8,7,3,1,8,15,2
577,24,3,False,0,0,0,0,0,0,0,0,0,0,0,0,0,0,0,0.0,0.0,0.0,0,0,0,0,8,10,3
578,10,1,False,0,0,0,0,0,0,0,0,0,0,0,0,0,0,0,0.0,0.0,0.0,0,0,0,0,6,10,1
578,16,2,True,0,0,0,0,0,0,0,0,0,0,0,0,0,0,0,0.0,0.0,0.0,0,0,0,0,6,5,2
578,28,3,False,0,0,0,0,0,0,0,0,0,0,0,0,0,0,0,0.0,0.0,0.0,0,0,0,0,19,18,3
579,9,1,False,20,0,0,0,0,0,0,0,0,0,0,0,0,3,1,0.0,0.03,0.54,4,3,1,1,14,17,1
579,14,2,True,13,0,0,0,0,0,0,0,0,1,0,0,0,-1,0,0.0,0.01,0.07,1,1,2,0,14,18,2
579,21,3,False,90,1,0,0,1,0,0,0,0,0,0,0,0,27,8,0.0,0.01,0.75,10,9,1,1,14,12,3
58,8,1,False,0,0,0,0,0,0,0,0,0,0,0,0,0,0,0,0.0,0.0,0.0,0,0,0,0,3,15,1
58,12,2,True,0,0,0,0,0,0,0,0,0,0,0,0,0,0,0,0.0,0.0,0.0,0,0,0,0,3,9,2
58,27,3,False,0,0,0,0,0,0,0,0,0,0,0,0,0,0,0,0.0,0.0,0.0,0,0,0,0,3,17,3
580,10,1,True,23,0,0,0,0,0,0,0,0,0,0,0,0,5,1,0.0,0.0,0.03,3,0,2,1,10,6,1
580,19,2,False,22,0,0,0,0,1,0,0,0,0,0,0,0,2,1,0.09,0.03,1.77,2,1,1,0,10,20,2
580,24,3,True,0,0,0,0,0,0,0,0,0,0,0,0,0,0,0,0.0,0.0,0.0,0,0,0,0,10,8,3
581,6,1,True,0,0,0,0,0,0,0,0,0,0,0,0,0,0,0,0.0,0.0,0.0,0,0,0,0,18,13,1
581,14,2,False,0,0,0,0,0,0,0,0,0,0,0,0,0,0,0,0.0,0.0,0.0,0,0,0,0,18,14,2
581,28,3,True,0,0,0,0,0,0,0,0,0,0,0,0,0,0,0,0.0,0.0,0.0,0,0,0,0,18,19,3
582,7,1,False,0,0,0,0,0,0,0,0,0,0,0,0,0,0,0,0.0,0.0,0.0,0,0,0,0,2,5,1
582,20,2,True,0,0,0,0,0,0,0,0,0,0,0,0,0,0,0,0.0,0.0,0.0,0,0,0,0,2,1,2
582,25,3,False,0,0,0,0,0,0,0,0,0,0,0,0,0,0,0,0.0,0.0,0.0,0,0,0,0,2,11,3
583,10,1,False,25,0,0,0,0,0,0,0,0,0,0,0,0,3,1,0.0,0.0,0.28,1,1,1,0,6,10,1
583,16,2,True,18,0,0,0,0,1,0,0,0,0,0,0,0,1,1,0.0,0.02,0.09,3,2,1,1,6,5,2
583,29,3,False,0,0,0,0,0,0,0,0,0,0,0,0,0,0,0,0.0,0.0,0.0,0,0,0,0,6,1,3
584,1,1,False,8,0,0,0,0,0,0,0,0,0,0,0,0,3,1,0.0,0.0,0.13,1,0,1,0,7,1,1
584,13,2,True,19,0,0,0,0,1,0,0,0,0,0,0,0,2,1,0.0,0.02,0.69,0,0,0,0,7,11,2
584,26,3,False,0,0,0,0,0,0,0,0,0,0,0,0,0,0,0,0.0,0.0,0.0,0,0,0,0,7,15,3
585,4,1,True,26,0,0,0,0,0,0,0,0,0,0,0,0,4,1,0.0,0.0,0.96,4,4,0,0,11,16,1
585,13,2,False,31,0,0,0,0,0,0,0,0,0,0,0,0,3,1,0.0,0.0,0.2,1,1,0,0,11,7,2
585,25,3,True,0,0,0,0,0,0,0,0,0,0,0,0,0,0,0,0.0,0.0,0.0,0,0,0,0,11,2,3
586,4,1,True,63,1,1,0,1,0,0,0,0,0,0,0,1,35,15,0.28,0.0,0.86,13,13,2,0,11,16,1
586,13,2,False,58,1,0,0,0,0,0,0,0,0,0,0,0,9,1,0.01,0.0,1.09,9,7,2,2,11,7,2
586,25,3,True,0,0,0,0,0,0,0,0,0,0,0,0,0,0,0,0.0,0.0,0.0,0,0,0,0,11,2,3
587,8,1,True,0,0,0,0,0,0,0,0,0,0,0,0,0,0,0,0.0,0.0,0.0,0,0,0,0,15,3,1
587,11,2,False,0,0,0,0,0,0,0,0,0,0,0,0,0,0,0,0.0,0.0,0.0,0,0,0,0,15,8,2
587,26,3,True,0,0,0,0,0,0,0,0,0,0,0,0,0,0,0,0.0,0.0,0.0,0,0,0,0,15,7,3
588,3,1,False,35,0,0,0,0,0,0,0,0,0,0,0,0,12,1,0.0,0.16,0.27,9,5,3,4,8,9,1
588,11,2,True,74,1,0,0,0,3,0,0,0,1,0,0,0,9,2,0.02,0.0,2.01,14,4,5,10,8,15,2
588,24,3,False,0,0,0,0,0,0,0,0,0,0,0,0,0,0,0,0.0,0.0,0.0,0,0,0,0,8,10,3
589,4,1,True,0,0,0,0,0,0,0,0,0,0,0,0,0,0,0,0.0,0.0,0.0,0,0,0,0,11,16,1
589,13,2,False,45,0,0,0,0,0,0,0,0,0,0,0,0,6,1,0.0,0.01,0.2,6,1,2,3,11,7,2
589,25,3,True,0,0,0,0,0,0,0,0,0,0,0,0,0,0,0,0.0,0.0,0.0,0,0,0,0,11,2,3
59,8,1,False,0,0,0,0,0,0,0,0,0,0,0,0,0,0,0,0.0,0.0,0.0,0,0,0,0,3,15,1
59,12,2,True,0,0,0,0,0,0,0,0,0,0,0,0,0,0,0,0.0,0.0,0.0,0,0,0,0,3,9,2
59,27,3,False,0,0,0,0,0,0,0,0,0,0,0,0,0,0,0,0.0,0.0,0.0,0,0,0,0,3,17,3
590,6,1,True,0,0,0,0,0,0,0,0,0,0,0,0,0,0,0,0.0,0.0,0.0,0,0,0,0,18,13,1
590,14,2,False,0,0,0,0,0,0,0,0,0,0,0,0,0,0,0,0.0,0.0,0.0,0,0,0,0,18,14,2
590,28,3,True,0,0,0,0,0,0,0,0,0,0,0,0,0,0,0,0.0,0.0,0.0,0,0,0,0,18,19,3
591,5,1,True,70,1,0,1,0,1,0,0,0,0,0,0,0,24,5,0.23,0.31,0.63,8,2,5,1,12,20,1
591,18,2,False,90,1,0,1,0,5,0,0,0,0,0,0,0,25,5,0.4,0.31,4.77,8,0,7,1,12,16,2
591,21,3,True,90,1,0,0,0,2,0,0,0,1,0,0,0,16,1,0.24,0.02,0.69,5,2,3,0,12,14,3
592,5,1,True,10,0,0,0,0,0,0,0,0,0,0,0,0,4,1,0.0,0.0,0.03,2,2,0,0,12,20,1
592,18,2,False,17,0,0,0,0,1,0,0,0,0,0,0,0,-1,1,0.0,0.0,0.86,0,0,1,0,12,16,2
592,21,3,True,12,0,0,0,0,0,0,0,0,0,0,0,0,4,1,0.0,0.02,0.0,0,0,2,0,12,14,3
593,9,1,True,90,1,0,0,0,2,0,0,0,0,0,0,0,-1,1,0.03,0.0,2.98,9,7,2,2,17,14,1
593,15,2,False,90,1,0,1,1,0,0,0,0,0,0,0,2,37,11,0.0,0.06,1.12,8,5,5,3,17,19,2
593,27,3,True,45,1,0,0,0,2,0,0,0,0,0,0,0,-5,0,0.06,0.01,1.42,1,1,3,0,17,3,3
594,7,1,True,0,0,0,0,0,0,0,0,0,0,0,0,0,0,0,0.0,0.0,0.0,0,0,0,0,5,2,1
594,16,2,False,10,0,0,0,0,0,0,0,0,0,0,0,0,3,1,0.0,0.0,0.04,0,0,0,0,5,6,2
594,23,3,True,0,0,0,0,0,0,0,0,0,0,0,0,0,0,0,0.0,0.0,0.0,0,0,0,0,5,13,3
595,3,1,False,0,0,0,0,0,0,0,0,0,0,0,0,0,0,0,0.0,0.0,0.0,0,0,0,0,8,9,1
595,11,2,True,22,0,0,0,0,1,0,0,0,0,0,0,0,3,1,0.0,0.0,0.2,1,0,0,1,8,15,2
595,24,3,False,0,0,0,0,0,0,0,0,0,0,0,0,0,0,0,0.0,0.0,0.0,0,0,0,0,8,10,3
596,7,1,False,8,0,0,0,0,0,0,0,0,0,0,0,0,3,1,0.0,0.0,0.14,2,0,0,2,2,5,1
596,20,2,True,0,0,0,0,0,0,0,0,0,0,0,0,0,0,0,0.0,0.0,0.0,0,0,0,0,2,1,2
596,25,3,False,0,0,0,0,0,0,0,0,0,0,0,0,0,0,0,0.0,0.0,0.0,0,0,0,0,2,11,3
597,7,1,False,0,0,0,0,0,0,0,0,0,0,0,0,0,0,0,0.0,0.0,0.0,0,0,0,0,2,5,1
597,20,2,True,90,1,0,0,0,1,0,0,0,0,0,1,0,8,2,0.0,0.0,1.04,0,2,9,0,2,1,2
597,25,3,False,0,0,0,0,0,0,0,0,0,0,0,0,0,0,0,0.0,0.0,0.0,0,0,0,0,2,11,3
598,6,1,False,0,0,0,0,0,0,0,0,0,0,0,0,0,0,0,0.0,0.0,0.0,0,0,0,0,13,18,1
598,17,2,True,56,0,0,0,0,1,0,0,0,0,0,0,0,9,1,0.0,0.0,1.32,6,5,4,1,13,4,2
598,23,3,False,0,0,0,0,0,0,0,0,0,0,0,0,0,0,0,0.0,0.0,0.0,0,0,0,0,13,5,3
599,1,1,False,0,0,0,0,0,0,0,0,0,0,0,0,0,0,0,0.0,0.0,0.0,0,0,0,0,7,1,1
599,13,2,True,0,0,0,0,0,0,0,0,0,0,0,0,0,0,0,0.0,0.0,0.0,0,0,0,0,7,11,2
599,26,3,False,0,0,0,0,0,0,0,0,0,0,0,0,0,0,0,0.0,0.0,0.0,0,0,0,0,7,15,3
6,1,1,True,0,0,0,0,0,0,0,0,0,0,0,0,0,0,0,0.0,0.0,0.0,0,0,0,0,1,7,1
6,20,2,False,0,0,0,0,0,0,0,0,0,0,0,0,0,0,0,0.0,0.0,0.0,0,0,0,0,1,2,2
6,29,3,True,0,0,0,0,0,0,0,0,0,0,0,0,0,0,0,0.0,0.0,0.0,0,0,0,0,1,6,3
60,8,1,False,90,1,0,0,0,2,0,0,0,0,0,0,0,0,1,0.0,0.0,2.25,6,5,1,1,3,15,1
60,12,2,True,90,1,0,0,0,1,0,0,0,0,0,0,0,19,4,0.0,0.74,1.84,12,9,3,3,3,9,2
60,27,3,False,45,1,0,0,0,1,0,0,0,0,0,0,0,-1,1,0.0,0.01,0.13,2,2,1,0,3,17,3
600,7,1,True,12,0,0,0,0,0,0,0,0,0,0,0,0,7,1,0.0,0.05,0.0,2,0,2,0,5,2,1
600,16,2,False,16,0,0,0,0,1,0,0,0,0,0,0,0,6,1,0.0,0.01,0.1,1,0,0,1,5,6,2
600,23,3,True,0,0,0,0,0,0,0,0,0,0,0,0,0,0,0,0.0,0.0,0.0,0,0,0,0,5,13,3
601,2,1,False,0,0,0,0,0,0,0,0,0,0,0,0,0,0,0,0.0,0.0,0.0,0,0,0,0,19,4,1
601,15,2,True,0,0,0,0,0,0,0,0,0,0,0,0,0,0,0,0.0,0.0,0.0,0,0,0,0,19,17,2
601,28,3,False,0,0,0,0,0,0,0,0,0,0,0,0,0,0,0,0.0,0.0,0.0,0,0,0,0,19,18,3
602,5,1,True,0,0,0,0,0,0,0,0,0,0,0,0,0,0,0,0.0,0.0,0.0,0,0,0,0,12,20,1
602,18,2,False,0,0,0,0,0,0,0,0,0,0,0,0,0,0,0,0.0,0.0,0.0,0,0,0,0,12,16,2
602,21,3,True,0,0,0,0,0,0,0,0,0,0,0,0,0,0,0,0.0,0.0,0.0,0,0,0,0,12,14,3
603,6,1,False,0,0,0,0,0,0,0,0,0,0,0,0,0,0,0,0.0,0.0,0.0,0,0,0,0,13,18,1
603,17,2,True,0,0,0,0,0,0,0,0,0,0,0,0,0,0,0,0.0,0.0,0.0,0,0,0,0,13,4,2
603,23,3,False,0,0,0,0,0,0,0,0,0,0,0,0,0,0,0,0.0,0.0,0.0,0,0,0,0,13,5,3
604,6,1,False,0,0,0,0,0,0,0,0,0,0,0,0,0,0,0,0.0,0.0,0.0,0,0,0,0,13,18,1
604,17,2,True,0,0,0,0,0,0,0,0,0,0,0,0,0,0,0,0.0,0.0,0.0,0,0,0,0,13,4,2
604,23,3,False,0,0,0,0,0,0,0,0,0,0,0,0,0,0,0,0.0,0.0,0.0,0,0,0,0,13,5,3
605,7,1,True,4,0,0,0,0,0,0,0,0,0,0,0,0,3,1,0.0,0.01,0.0,0,0,0,0,5,2,1
605,16,2,False,73,1,1,0,0,3,0,0,0,0,0,0,1,39,8,0.7,0.16,2.83,7,2,2,3,5,6,2
605,23,3,True,0,0,0,0,0,0,0,0,0,0,0,0,0,0,0,0.0,0.0,0.0,0,0,0,0,5,13,3
606,7,1,False,0,0,0,0,0,0,0,0,0,0,0,0,0,0,0,0.0,0.0,0.0,0,0,0,0,2,5,1
606,20,2,True,0,0,0,0,0,0,0,0,0,0,0,0,0,0,0,0.0,0.0,0.0,0,0,0,0,2,1,2
606,25,3,False,0,0,0,0,0,0,0,0,0,0,0,0,0,0,0,0.0,0.0,0.0,0,0,0,0,2,11,3
607,7,1,False,0,0,0,0,0,0,0,0,0,0,0,0,0,0,0,0.0,0.0,0.0,0,0,0,0,2,5,1
607,20,2,True,0,0,0,0,0,0,0,0,0,0,0,0,0,0,0,0.0,0.0,0.0,0,0,0,0,2,1,2
607,25,3,False,0,0,0,0,0,0,0,0,0,0,0,0,0,0,0,0.0,0.0,0.0,0,0,0,0,2,11,3
608,8,1,False,15,0,0,0,0,2,0,0,0,0,0,0,0,6,1,0.1,0.0,0.31,1,0,1,0,3,15,1
608,12,2,True,0,0,0,0,0,0,0,0,0,0,0,0,0,0,0,0.0,0.0,0.0,0,0,0,0,3,9,2
608,27,3,False,0,0,0,0,0,0,0,0,0,0,0,0,0,0,0,0.0,0.0,0.0,0,0,0,0,3,17,3
609,9,1,True,0,0,0,0,0,0,0,0,0,0,0,0,0,0,0,0.0,0.0,0.0,0,0,0,0,17,14,1
609,15,2,False,0,0,0,0,0,0,0,0,0,0,0,0,0,0,0,0.0,0.0,0.0,0,0,0,0,17,19,2
609,27,3,True,0,0,0,0,0,0,0,0,0,0,0,0,0,0,0,0.0,0.0,0.0,0,0,0,0,17,3,3
61,8,1,False,90,1,0,0,0,2,0,0,0,0,0,0,0,0,1,0.0,0.0,2.25,7,5,7,2,3,15,1
61,12,2,True,90,1,0,0,0,1,0,0,0,0,0,0,2,27,4,0.0,0.07,1.84,9,7,6,2,3,9,2
61,27,3,False,45,1,0,0,0,1,0,0,0,0,0,0,0,1,1,0.01,0.05,0.13,4,2,5,2,3,17,3
610,10,1,True,0,0,0,0,0,0,0,0,0,0,0,0,0,0,0,0.0,0.0,0.0,0,0,0,0,10,6,1
610,19,2,False,0,0,0,0,0,0,0,0,0,0,0,0,0,0,0,0.0,0.0,0.0,0,0,0,0,10,20,2
610,24,3,True,0,0,0,0,0,0,0,0,0,0,0,0,0,0,0,0.0,0.0,0.0,0,0,0,0,10,8,3
611,20,2,True,12,0,0,0,0,0,0,0,0,0,0,0,0,4,1,0.0,0.0,0.0,2,0,0,2,2,1,2
611,25,3,False,0,0,0,0,0,0,0,0,0,0,0,0,0,0,0,0.0,0.0,0.0,0,0,0,0,2,11,3
612,19,2,True,0,0,0,0,0,0,0,0,0,0,0,0,0,0,0,0.0,0.0,0.0,0,0,0,0,20,10,2
612,22,3,False,0,0,0,0,0,0,0,0,0,0,0,0,0,0,0,0.0,0.0,0.0,0,0,0,0,20,4,3
613,19,2,True,0,0,0,0,0,0,0,0,0,0,0,0,0,0,0,0.0,0.0,0.0,0,0,0,0,20,10,2
613,22,3,False,0,0,0,0,0,0,0,0,0,0,0,0,0,0,0,0.0,0.0,0.0,0,0,0,0,20,4,3
614,16,2,False,0,0,0,0,0,0,0,0,0,0,0,0,0,0,0,0.0,0.0,0.0,0,0,0,0,5,6,2
614,23,3,True,0,0,0,0,0,0,0,0,0,0,0,0,0,0,0,0.0,0.0,0.0,0,0,0,0,5,13,3
615,12,2,True,0,0,0,0,0,0,0,0,0,0,0,0,0,0,0,0.0,0.0,0.0,0,0,0,0,3,9,2
615,27,3,False,0,0,0,0,0,0,0,0,0,0,0,0,0,0,0,0.0,0.0,0.0,0,0,0,0,3,17,3
616,11,2,False,8,0,0,0,0,0,0,0,0,0,0,0,0,3,1,0.0,0.12,0.0,1,1,0,0,15,8,2
616,26,3,True,0,0,0,0,0,0,0,0,0,0,0,0,0,0,0,0.0,0.0,0.0,0,0,0,0,15,7,3
617,13,2,False,7,0,0,0,0,0,0,0,0,0,0,0,0,3,1,0.0,0.0,0.18,0,0,0,0,11,7,2
617,25,3,True,0,0,0,0,0,0,0,0,0,0,0,0,0,0,0,0.0,0.0,0.0,0,0,0,0,11,2,3
618,20,2,True,0,0,0,0,0,0,0,0,0,0,0,0,0,0,0,0.0,0.0,0.0,0,0,0,0,2,1,2
618,25,3,False,0,0,0,0,0,0,0,0,0,0,0,0,0,0,0,0.0,0.0,0.0,0,0,0,0,2,11,3
619,18,2,False,28,0,0,0,0,2,0,0,0,0,0,0,0,11,1,0.0,0.01,1.92,6,2,3,1,12,16,2
619,21,3,True,77,1,0,0,0,2,0,0,0,0,0,0,0,24,4,0.0,0.02,0.69,19,3,12,4,12,14,3
62,8,1,False,0,0,0,0,0,0,0,0,0,0,0,0,0,0,0,0.0,0.0,0.0,0,0,0,0,3,15,1
62,12,2,True,0,0,0,0,0,0,0,0,0,0,0,0,0,0,0,0.0,0.0,0.0,0,0,0,0,3,9,2
62,27,3,False,0,0,0,0,0,0,0,0,0,0,0,0,0,0,0,0.0,0.0,0.0,0,0,0,0,3,17,3
620,17,2,False,0,0,0,0,0,0,0,0,0,0,0,0,0,0,0,0.0,0.0,0.0,0,0,0,0,4,13,2
620,22,3,True,0,0,0,0,0,0,0,0,0,0,0,0,0,0,0,0.0,0.0,0.0,0,0,0,0,4,20,3
621,11,2,False,8,0,0,0,0,0,0,0,0,0,0,0,0,3,1,0.1,0.0,0.0,0,0,0,0,15,8,2
621,26,3,True,0,0,0,0,0,0,0,0,0,0,0,0,0,0,0,0.0,0.0,0.0,0,0,0,0,15,7,3
622,11,2,False,1,0,0,0,0,0,0,0,0,0,0,0,0,3,1,0.0,0.0,0.0,0,0,1,0,15,8,2
622,26,3,True,0,0,0,0,0,0,0,0,0,0,0,0,0,0,0,0.0,0.0,0.0,0,0,0,0,15,7,3
623,13,2,True,0,0,0,0,0,0,0,0,0,0,0,0,0,0,0,0.0,0.0,0.0,0,0,0,0,7,11,2
623,26,3,False,0,0,0,0,0,0,0,0,0,0,0,0,0,0,0,0.0,0.0,0.0,0,0,0,0,7,15,3
624,16,2,False,0,0,0,0,0,0,0,0,0,0,0,0,0,0,0,0.0,0.0,0.0,0,0,0,0,5,6,2
624,23,3,True,0,0,0,0,0,0,0,0,0,0,0,0,0,0,0,0.0,0.0,0.0,0,0,0,0,5,13,3
625,17,2,True,0,0,0,0,0,0,0,0,0,0,0,0,0,0,0,0.0,0.0,0.0,0,0,0,0,13,4,2
625,23,3,False,0,0,0,0,0,0,0,0,0,0,0,0,0,0,0,0.0,0.0,0.0,0,0,0,0,13,5,3
626,19,2,False,0,0,0,0,0,0,0,0,0,0,0,0,0,0,0,0.0,0.0,0.0,0,0,0,0,10,20,2
626,24,3,True,0,0,0,0,0,0,0,0,0,0,0,0,0,0,0,0.0,0.0,0.0,0,0,0,0,10,8,3
627,21,3,False,26,0,0,0,0,0,0,0,0,0,0,0,0,5,1,0.0,0.07,0.17,0,0,0,0,14,12,3
628,26,3,True,0,0,0,0,0,0,0,0,0,0,0,0,0,0,0,0.0,0.0,0.0,0,0,0,0,15,7,3
629,23,3,False,0,0,0,0,0,0,0,0,0,0,0,0,0,0,0,0.0,0.0,0.0,0,0,0,0,13,5,3
63,8,1,False,0,0,0,0,0,0,0,0,0,0,0,0,0,0,0,0.0,0.0,0.0,0,0,0,0,3,15,1
63,12,2,True,0,0,0,0,0,0,0,0,0,0,0,0,0,0,0,0.0,0.0,0.0,0,0,0,0,3,9,2
63,27,3,False,0,0,0,0,0,0,0,0,0,0,0,0,0,0,0,0.0,0.0,0.0,0,0,0,0,3,17,3
630,25,3,False,0,0,0,0,0,0,0,0,0,0,0,0,0,0,0,0.0,0.0,0.0,0,0,0,0,2,11,3
631,25,3,False,0,0,0,0,0,0,0,0,0,0,0,0,0,0,0,0.0,0.0,0.0,0,0,0,0,2,11,3
632,25,3,True,0,0,0,0,0,0,0,0,0,0,0,0,0,0,0,0.0,0.0,0.0,0,0,0,0,11,2,3
633,24,3,False,0,0,0,0,0,0,0,0,0,0,0,0,0,0,0,0.0,0.0,0.0,0,0,0,0,8,10,3
634,27,3,True,0,0,0,0,0,0,0,0,0,0,0,0,0,0,0,0.0,0.0,0.0,0,0,0,0,17,3,3
635,24,3,True,0,0,0,0,0,0,0,0,0,0,0,0,0,0,0,0.0,0.0,0.0,0,0,0,0,10,8,3
636,24,3,True,0,0,0,0,0,0,0,0,0,0,0,0,0,0,0,0.0,0.0,0.0,0,0,0,0,10,8,3
637,25,3,True,0,0,0,0,0,0,0,0,0,0,0,0,0,0,0,0.0,0.0,0.0,0,0,0,0,11,2,3
638,25,3,True,0,0,0,0,0,0,0,0,0,0,0,0,0,0,0,0.0,0.0,0.0,0,0,0,0,11,2,3
639,23,3,True,0,0,0,0,0,0,0,0,0,0,0,0,0,0,0,0.0,0.0,0.0,0,0,0,0,5,13,3
64,8,1,False,90,1,0,0,0,2,0,0,0,0,0,0,0,4,1,0.0,0.0,2.25,5,4,3,1,3,15,1
64,12,2,True,90,1,0,0,0,1,0,0,0,1,0,0,0,5,1,0.0,0.02,1.84,6,4,0,2,3,9,2
64,27,3,False,40,1,0,0,0,1,0,0,0,0,0,0,0,3,1,0.01,0.04,0.13,1,0,1,1,3,17,3
640,21,3,True,24,0,0,0,0,0,0,0,0,0,0,0,0,4,1,0.02,0.01,0.06,0,0,0,0,12,14,3
641,23,3,False,0,0,0,0,0,0,0,0,0,0,0,0,0,0,0,0.0,0.0,0.0,0,0,0,0,13,5,3
642,25,3,True,0,0,0,0,0,0,0,0,0,0,0,0,0,0,0,0.0,0.0,0.0,0,0,0,0,11,2,3
643,24,3,False,0,0,0,0,0,0,0,0,0,0,0,0,0,0,0,0.0,0.0,0.0,0,0,0,0,8,10,3
644,24,3,False,0,0,0,0,0,0,0,0,0,0,0,0,0,0,0,0.0,0.0,0.0,0,0,0,0,8,10,3
645,25,3,True,0,0,0,0,0,0,0,0,0,0,0,0,0,0,0,0.0,0.0,0.0,0,0,0,0,11,2,3
646,22,3,False,0,0,0,0,0,0,0,0,0,0,0,0,0,0,0,0.0,0.0,0.0,0,0,0,0,20,4,3
647,24,3,False,0,0,0,0,0,0,0,0,0,0,0,0,0,0,0,0.0,0.0,0.0,0,0,0,0,8,10,3
648,23,3,False,0,0,0,0,0,0,0,0,0,0,0,0,0,0,0,0.0,0.0,0.0,0,0,0,0,13,5,3
649,30,3,True,0,0,0,0,0,0,0,0,0,0,0,0,0,0,0,0.0,0.0,0.0,0,0,0,0,9,16,3
65,8,1,False,0,0,0,0,0,0,0,0,0,0,0,0,0,0,0,0.0,0.0,0.0,0,0,0,0,3,15,1
65,12,2,True,0,0,0,0,0,0,0,0,0,0,0,0,0,0,0,0.0,0.0,0.0,0,0,0,0,3,9,2
65,27,3,False,0,0,0,0,0,0,0,0,0,0,0,0,0,0,0,0.0,0.0,0.0,0,0,0,0,3,17,3
650,24,3,True,0,0,0,0,0,0,0,0,0,0,0,0,0,0,0,0.0,0.0,0.0,0,0,0,0,10,8,3
651,22,3,False,0,0,0,0,0,0,0,0,0,0,0,0,0,0,0,0.0,0.0,0.0,0,0,0,0,20,4,3
652,23,3,True,0,0,0,0,0,0,0,0,0,0,0,0,0,0,0,0.0,0.0,0.0,0,0,0,0,5,13,3
66,8,1,False,0,0,0,0,0,0,0,0,0,0,0,0,0,0,0,0.0,0.0,0.0,0,0,0,0,3,15,1
66,12,2,True,0,0,0,0,0,0,0,0,0,0,0,0,0,0,0,0.0,0.0,0.0,0,0,0,0,3,9,2
66,27,3,False,0,0,0,0,0,0,0,0,0,0,0,0,0,0,0,0.0,0.0,0.0,0,0,0,0,3,17,3
67,8,1,False,88,1,0,0,0,1,0,0,0,0,0,0,0,9,2,0.04,0.03,2.06,1,1,0,0,3,15,1
67,12,2,True,90,1,0,0,0,1,0,0,0,0,0,0,0,4,2,0.4,0.02,1.84,5,1,3,1,3,9,2
67,27,3,False,40,1,0,0,0,1,0,0,0,0,0,0,0,5,1,0.0,0.0,0.13,1,0,0,1,3,17,3
68,8,1,False,90,1,1,0,0,2,0,0,0,0,0,0,3,32,10,0.4,0.08,2.25,8,2,4,2,3,15,1
68,12,2,True,90,1,0,0,0,1,0,0,0,1,0,0,0,20,1,0.09,0.21,1.84,11,1,6,4,3,9,2
68,27,3,False,45,1,1,0,0,1,0,0,0,0,0,0,3,35,9,0.99,0.01,0.13,8,0,7,1,3,17,3
69,8,1,False,90,1,0,0,0,2,0,0,0,0,0,0,0,17,2,0.0,0.01,2.25,11,1,6,4,3,15,1
69,12,2,True,86,1,1,0,1,0,0,0,0,1,0,0,3,39,12,0.26,0.27,1.71,15,3,9,3,3,9,2
69,27,3,False,45,1,0,2,0,1,0,0,0,0,0,0,2,25,9,0.04,0.01,0.13,7,2,5,0,3,17,3
7,1,1,True,90,1,0,0,1,0,0,0,0,0,0,0,0,15,3,0.06,0.11,0.2,7,1,5,1,1,7,1
7,20,2,False,70,1,0,0,1,0,0,0,0,0,0,0,0,15,3,0.07,0.02,0.33,5,4,1,0,1,2,2
7,29,3,True,0,0,0,0,0,0,0,0,0,0,0,0,0,0,0,0.0,0.0,0.0,0,0,0,0,1,6,3
70,8,1,False,74,1,0,0,1,0,0,0,0,0,0,0,0,15,3,0.11,0.0,1.94,9,1,5,3,3,15,1
70,12,2,True,80,1,0,0,1,0,0,0,0,0,0,0,0,12,3,0.61,0.05,1.67,5,0,5,0,3,9,2
70,27,3,False,40,1,0,0,0,1,0,0,0,0,0,0,0,7,1,0.05,0.0,0.13,3,0,2,1,3,17,3
71,8,1,False,75,1,0,0,1,0,0,0,0,0,0,0,0,8,3,0.0,0.0,1.94,7,3,3,1,3,15,1
71,12,2,True,68,1,0,0,1,0,0,0,0,0,0,0,0,13,3,0.0,0.01,1.67,2,0,2,0,3,9,2
71,27,3,False,0,0,0,0,0,0,0,0,0,0,0,0,0,0,0,0.0,0.0,0.0,0,0,0,0,3,17,3
72,8,1,False,1,0,0,0,0,1,0,0,0,0,0,0,0,3,1,0.0,0.0,0.19,1,0,1,0,3,15,1
72,12,2,True,0,0,0,0,0,0,0,0,0,0,0,0,0,0,0,0.0,0.0,0.0,0,0,0,0,3,9,2
72,27,3,False,0,0,0,0,0,0,0,0,0,0,0,0,0,0,0,0.0,0.0,0.0,0,0,0,0,3,17,3
73,8,1,False,15,0,0,0,0,2,0,0,0,0,0,0,0,4,1,0.0,0.0,0.31,3,3,0,0,3,15,1
73,12,2,True,21,0,0,0,0,1,0,0,0,0,0,0,0,4,1,0.0,0.0,0.16,3,0,3,0,3,9,2
73,27,3,False,45,1,0,0,0,1,0,0,0,0,0,0,0,7,1,0.0,0.01,0.13,7,2,3,2,3,17,3
74,8,1,False,0,0,0,0,0,0,0,0,0,0,0,0,0,0,0,0.0,0.0,0.0,0,0,0,0,3,15,1
74,12,2,True,9,0,0,0,0,1,0,0,0,0,0,0,0,3,1,0.0,0.01,0.16,0,0,0,0,3,9,2
74,27,3,False,0,0,0,0,0,0,0,0,0,0,0,0,0,0,0,0.0,0.0,0.0,0,0,0,0,3,17,3
75,8,1,False,0,0,0,0,0,0,0,0,0,0,0,0,0,0,0,0.0,0.0,0.0,0,0,0,0,3,15,1
75,12,2,True,3,0,0,0,0,1,0,0,0,0,0,0,0,5,1,0.0,0.0,0.13,2,0,1,1,3,9,2
75,27,3,False,0,0,0,0,0,0,0,0,0,0,0,0,0,0,0,0.0,0.0,0.0,0,0,0,0,3,17,3
76,8,1,False,15,0,0,0,0,2,0,0,0,0,0,0,0,5,1,0.0,0.0,0.31,2,0,1,1,3,15,1
76,12,2,True,0,0,0,0,0,0,0,0,0,0,0,0,0,0,0,0.0,0.0,0.0,0,0,0,0,3,9,2
76,27,3,False,0,0,0,0,0,0,0,0,0,0,0,0,0,0,0,0.0,0.0,0.0,0,0,0,0,3,17,3
77,8,1,False,0,0,0,0,0,0,0,0,0,0,0,0,0,0,0,0.0,0.0,0.0,0,0,0,0,3,15,1
77,12,2,True,0,0,0,0,0,0,0,0,0,0,0,0,0,0,0,0.0,0.0,0.0,0,0,0,0,3,9,2
77,27,3,False,0,0,0,0,0,0,0,0,0,0,0,0,0,0,0,0.0,0.0,0.0,0,0,0,0,3,17,3
78,8,1,False,0,0,0,0,0,0,0,0,0,0,0,0,0,0,0,0.0,0.0,0.0,0,0,0,0,3,15,1
78,12,2,True,0,0,0,0,0,0,0,0,0,0,0,0,0,0,0,0.0,0.0,0.0,0,0,0,0,3,9,2
78,27,3,False,0,0,0,0,0,0,0,0,0,0,0,0,0,0,0,0.0,0.0,0.0,0,0,0,0,3,17,3
79,8,1,False,74,1,0,1,1,0,0,0,0,1,0,0,0,17,4,0.0,0.21,1.94,8,4,3,1,3,15,1
79,12,2,True,80,1,0,1,1,0,0,0,0,0,0,0,0,11,5,0.58,0.04,1.67,3,1,2,0,3,9,2
79,27,3,False,40,1,0,0,0,1,0,0,0,0,0,0,0,-1,1,0.25,0.0,0.13,3,1,2,0,3,17,3
8,1,1,True,80,1,0,1,1,0,0,0,0,0,0,0,0,31,9,0.04,0.09,0.06,5,4,1,1,1,7,1
8,20,2,False,90,1,0,1,1,0,0,0,0,0,0,0,2,30,11,0.11,0.46,0.33,3,2,4,1,1,2,2
8,29,3,True,0,0,0,0,0,0,0,0,0,0,0,0,0,0,0,0.0,0.0,0.0,0,0,0,0,1,6,3
80,8,1,False,0,0,0,0,0,0,0,0,0,0,0,0,0,0,0,0.0,0.0,0.0,0,0,0,0,3,15,1
80,12,2,True,0,0,0,0,0,0,0,0,0,0,0,0,0,0,0,0.0,0.0,0.0,0,0,0,0,3,9,2
80,27,3,False,0,0,0,0,0,0,0,0,0,0,0,0,0,0,0,0.0,0.0,0.0,0,0,0,0,3,17,3
81,8,1,False,0,0,0,0,0,0,0,0,0,0,0,0,0,0,0,0.0,0.0,0.0,0,0,0,0,3,15,1
81,12,2,True,9,0,0,0,0,1,0,0,0,0,0,0,0,4,1,0.0,0.0,0.16,1,0,1,0,3,9,2
81,27,3,False,0,0,0,0,0,0,0,0,0,0,0,0,0,0,0,0.0,0.0,0.0,0,0,0,0,3,17,3
82,2,1,True,90,1,0,0,1,0,0,0,0,0,0,4,0,34,7,0.0,0.01,0.57,0,0,5,0,4,19,1
82,17,2,False,90,1,0,0,0,1,0,0,0,0,0,1,0,7,2,0.0,0.0,1.46,0,2,4,0,4,13,2
82,22,3,True,0,0,0,0,0,0,0,0,0,0,0,0,0,0,0,0.0,0.0,0.0,0,0,0,0,4,20,3
83,2,1,True,0,0,0,0,0,0,0,0,0,0,0,0,0,0,0,0.0,0.0,0.0,0,0,0,0,4,19,1
83,17,2,False,0,0,0,0,0,0,0,0,0,0,0,0,0,0,0,0.0,0.0,0.0,0,0,0,0,4,13,2
83,22,3,True,0,0,0,0,0,0,0,0,0,0,0,0,0,0,0,0.0,0.0,0.0,0,0,0,0,4,20,3
84,2,1,True,90,1,0,0,1,0,0,0,0,0,0,0,0,21,6,0.34,0.04,0.57,3,3,3,0,4,19,1
84,17,2,False,90,1,0,0,0,1,0,0,0,1,0,0,0,14,3,0.17,0.01,1.46,13,11,8,2,4,13,2
84,22,3,True,0,0,0,0,0,0,0,0,0,0,0,0,0,0,0,0.0,0.0,0.0,0,0,0,0,4,20,3
85,2,1,True,0,0,0,0,0,0,0,0,0,0,0,0,0,0,0,0.0,0.0,0.0,0,0,0,0,4,19,1
85,17,2,False,0,0,0,0,0,0,0,0,0,0,0,0,0,0,0,0.0,0.0,0.0,0,0,0,0,4,13,2
85,22,3,True,0,0,0,0,0,0,0,0,0,0,0,0,0,0,0,0.0,0.0,0.0,0,0,0,0,4,20,3
86,2,1,True,90,1,1,0,1,0,0,0,0,0,0,0,2,37,10,0.77,0.12,0.57,10,4,5,1,4,19,1
86,17,2,False,87,1,0,1,0,1,0,0,0,0,0,0,1,29,6,0.02,0.13,1.46,11,3,6,2,4,13,2
86,22,3,True,0,0,0,0,0,0,0,0,0,0,0,0,0,0,0,0.0,0.0,0.0,0,0,0,0,4,20,3
87,2,1,True,90,1,0,0,1,0,0,0,0,0,0,0,0,29,8,0.11,0.02,0.57,10,8,3,2,4,19,1
87,17,2,False,90,1,0,0,0,1,0,0,0,1,0,0,0,7,3,0.0,0.01,1.46,17,17,2,0,4,13,2
87,22,3,True,0,0,0,0,0,0,0,0,0,0,0,0,0,0,0,0.0,0.0,0.0,0,0,0,0,4,20,3
88,2,1,True,75,1,1,0,1,0,0,0,0,0,0,0,1,36,13,0.5,0.0,0.47,4,4,5,0,4,19,1
88,17,2,False,87,1,0,0,0,1,0,0,0,0,0,0,0,9,2,0.02,0.21,1.46,4,3,4,1,4,13,2
88,22,3,True,0,0,0,0,0,0,0,0,0,0,0,0,0,0,0,0.0,0.0,0.0,0,0,0,0,4,20,3
89,2,1,True,0,0,0,0,0,0,0,0,0,0,0,0,0,0,0,0.0,0.0,0.0,0,0,0,0,4,19,1
89,17,2,False,2,0,0,0,0,0,0,0,0,0,0,0,0,3,1,0.0,0.0,0.0,0,0,0,0,4,13,2
89,22,3,True,0,0,0,0,0,0,0,0,0,0,0,0,0,0,0,0.0,0.0,0.0,0,0,0,0,4,20,3
9,1,1,True,9,0,0,0,0,0,0,0,0,0,0,0,0,3,1,0.0,0.0,0.15,0,0,0,0,1,7,1
9,20,2,False,0,0,0,0,0,0,0,0,0,0,0,0,0,0,0,0.0,0.0,0.0,0,0,0,0,1,2,2
9,29,3,True,0,0,0,0,0,0,0,0,0,0,0,0,0,0,0,0.0,0.0,0.0,0,0,0,0,1,6,3
90,2,1,True,14,0,0,0,0,0,0,0,0,0,0,0,0,2,1,0.0,0.0,0.1,0,0,2,0,4,19,1
90,17,2,False,2,0,0,0,0,0,0,0,0,0,0,0,0,6,1,0.0,0.02,0.0,1,0,0,1,4,13,2
90,22,3,True,0,0,0,0,0,0,0,0,0,0,0,0,0,0,0,0.0,0.0,0.0,0,0,0,0,4,20,3
91,2,1,True,0,0,0,0,0,0,0,0,0,0,0,0,0,0,0,0.0,0.0,0.0,0,0,0,0,4,19,1
91,13,2,True,12,0,0,0,0,1,0,0,0,0,0,0,0,-1,1,0.0,0.0,0.54,2,2,0,0,7,11,2
91,26,3,False,0,0,0,0,0,0,0,0,0,0,0,0,0,0,0,0.0,0.0,0.0,0,0,0,0,7,15,3
92,2,1,True,0,0,0,0,0,0,0,0,0,0,0,0,0,0,0,0.0,0.0,0.0,0,0,0,0,4,19,1
92,17,2,False,0,0,0,0,0,0,0,0,0,0,0,0,0,0,0,0.0,0.0,0.0,0,0,0,0,4,13,2
92,22,3,True,0,0,0,0,0,0,0,0,0,0,0,0,0,0,0,0.0,0.0,0.0,0,0,0,0,4,20,3
93,2,1,True,0,0,0,0,0,0,0,0,0,0,0,0,0,0,0,0.0,0.0,0.0,0,0,0,0,4,19,1
93,17,2,False,0,0,0,0,0,0,0,0,0,0,0,0,0,0,0,0.0,0.0,0.0,0,0,0,0,4,13,2
93,22,3,True,0,0,0,0,0,0,0,0,0,0,0,0,0,0,0,0.0,0.0,0.0,0,0,0,0,4,20,3
94,2,1,True,90,1,0,0,1,0,0,0,0,0,0,0,0,17,3,0.52,0.01,0.57,9,1,5,3,4,19,1
94,17,2,False,87,1,1,0,0,1,0,0,0,0,0,0,3,34,10,0.25,0.02,1.46,9,3,4,2,4,13,2
94,22,3,True,0,0,0,0,0,0,0,0,0,0,0,0,0,0,0,0.0,0.0,0.0,0,0,0,0,4,20,3
95,2,1,True,66,1,0,0,1,0,0,0,0,0,0,0,0,6,3,0.05,0.29,0.47,6,2,4,0,4,19,1
95,17,2,False,29,0,0,0,0,1,0,0,0,0,0,0,0,16,1,0.02,0.08,1.36,7,3,3,1,4,13,2
95,22,3,True,0,0,0,0,0,0,0,0,0,0,0,0,0,0,0,0.0,0.0,0.0,0,0,0,0,4,20,3
96,2,1,True,14,0,0,0,0,0,0,0,0,0,0,0,0,6,1,0.0,0.11,0.1,4,0,3,1,4,19,1
96,17,2,False,68,1,0,0,1,0,0,0,0,0,0,0,0,20,3,0.03,0.13,0.13,9,2,5,2,4,13,2
96,22,3,True,0,0,0,0,0,0,0,0,0,0,0,0,0,0,0,0.0,0.0,0.0,0,0,0,0,4,20,3
97,2,1,True,66,1,0,1,1,0,0,0,0,0,0,0,0,22,6,0.08,0.34,0.47,5,0,3,2,4,19,1
97,17,2,False,0,0,0,0,0,0,0,0,0,0,0,0,0,0,0,0.0,0.0,0.0,0,0,0,0,4,13,2
97,22,3,True,0,0,0,0,0,0,0,0,0,0,0,0,0,0,0,0.0,0.0,0.0,0,0,0,0,4,20,3
98,2,1,True,90,1,1,0,1,0,0,0,0,1,0,0,0,35,9,0.39,0.17,0.57,13,6,3,4,4,19,1
98,17,2,False,90,1,0,0,0,1,0,0,0,1,0,0,0,11,1,0.0,0.14,1.46,10,5,2,3,4,13,2
98,22,3,True,0,0,0,0,0,0,0,0,0,0,0,0,0,0,0,0.0,0.0,0.0,0,0,0,0,4,20,3
99,2,1,True,0,0,0,0,0,0,0,0,0,0,0,0,0,0,0,0.0,0.0,0.0,0,0,0,0,4,19,1
99,17,2,False,0,0,0,0,0,0,0,0,0,0,0,0,0,0,0,0.0,0.0,0.0,0,0,0,0,4,13,2
99,22,3,True,0,0,0,0,0,0,0,0,0,0,0,0,0,0,0,0.0,0.0,0.0,0,0,0,0,4,20,3
